0 verbose cli /usr/local/bin/node /usr/local/bin/npm
1 info using npm@11.11.0
2 info using node@v24.14.1
3 silly config load:file:/usr/local/lib/node_modules/npm/npmrc
4 silly config load:file:/Users/bscheere/scheerer-cottage-scheduler/.npmrc
5 silly config load:file:/Users/bscheere/.npmrc
6 silly config load:file:/Users/bscheere/.npm-global/etc/npmrc
7 verbose title npm install
8 verbose argv "install" "--cache" ".npm" "--prefer-offline" "--no-audit" "--no-fund"
9 verbose logfile logs-max:10 dir:/Users/bscheere/scheerer-cottage-scheduler/.npm/_logs/2026-04-30T16_15_18_137Z-
10 verbose logfile /Users/bscheere/scheerer-cottage-scheduler/.npm/_logs/2026-04-30T16_15_18_137Z-debug-0.log
11 silly logfile done cleaning log files
12 silly packumentCache heap:4496293888 maxSize:1124073472 maxEntrySize:562036736
13 silly idealTree buildDeps
14 silly fetch manifest json-schema-to-ts@^3.1.1
15 silly packumentCache full:https://registry.npmjs.org/json-schema-to-ts cache-miss
16 http fetch GET 200 https://registry.npmjs.org/json-schema-to-ts 191ms (cache miss)
17 silly packumentCache full:https://registry.npmjs.org/json-schema-to-ts set size:undefined disposed:false
18 silly placeDep ROOT json-schema-to-ts@3.1.1 OK for: @aws-amplify/ai-constructs@1.6.1 want: ^3.1.1
19 silly fetch manifest ts-algebra@^2.0.0
20 silly packumentCache full:https://registry.npmjs.org/ts-algebra cache-miss
21 http fetch GET 200 https://registry.npmjs.org/npm 797ms
22 http fetch GET 200 https://registry.npmjs.org/ts-algebra 56ms (cache miss)
23 silly packumentCache full:https://registry.npmjs.org/ts-algebra set size:undefined disposed:false
24 silly placeDep ROOT ts-algebra@2.0.0 OK for: json-schema-to-ts@3.1.1 want: ^2.0.0
25 silly fetch manifest zod@3.25.17
26 silly packumentCache full:https://registry.npmjs.org/zod cache-miss
27 http fetch GET 200 https://registry.npmjs.org/zod 101ms (cache miss)
28 silly packumentCache full:https://registry.npmjs.org/zod set size:undefined disposed:false
29 silly placeDep ROOT zod@3.25.17 KEEP for: @aws-amplify/backend-output-schemas@1.8.0 want: 3.25.17
30 warn ERESOLVE overriding peer dependency {
30 warn ERESOLVE   code: 'ERESOLVE',
30 warn ERESOLVE   edge: {
30 warn ERESOLVE     type: 'peer',
30 warn ERESOLVE     name: 'zod',
30 warn ERESOLVE     spec: '3.25.17',
30 warn ERESOLVE     error: 'PEER LOCAL',
30 warn ERESOLVE     from: {
30 warn ERESOLVE       name: '@aws-amplify/backend-output-schemas',
30 warn ERESOLVE       version: '1.8.0',
30 warn ERESOLVE       location: 'node_modules/@aws-amplify/data-construct/node_modules/@aws-amplify/backend-output-schemas',
30 warn ERESOLVE       isWorkspace: false,
30 warn ERESOLVE       dependents: [Array]
30 warn ERESOLVE     }
30 warn ERESOLVE   },
30 warn ERESOLVE   dep: {
30 warn ERESOLVE     name: 'zod',
30 warn ERESOLVE     version: '3.25.17',
30 warn ERESOLVE     whileInstalling: {
30 warn ERESOLVE       name: '@aws-amplify/backend-output-schemas',
30 warn ERESOLVE       version: '1.8.0',
30 warn ERESOLVE       path: '/Users/bscheere/scheerer-cottage-scheduler/node_modules/@aws-amplify/data-construct/node_modules/@aws-amplify/backend-output-schemas'
30 warn ERESOLVE     },
30 warn ERESOLVE     location: 'node_modules/zod',
30 warn ERESOLVE     isWorkspace: false,
30 warn ERESOLVE     dependents: [ [Object] ]
30 warn ERESOLVE   },
30 warn ERESOLVE   force: false,
30 warn ERESOLVE   isMine: false,
30 warn ERESOLVE   strictPeerDeps: false,
30 warn ERESOLVE   current: {
30 warn ERESOLVE     name: 'zod',
30 warn ERESOLVE     version: '3.25.17',
30 warn ERESOLVE     location: 'node_modules/@aws-amplify/data-construct/node_modules/@aws-amplify/backend-output-schemas/node_modules/zod',
30 warn ERESOLVE     isWorkspace: false,
30 warn ERESOLVE     dependents: []
30 warn ERESOLVE   }
30 warn ERESOLVE }
31 silly fetch manifest @aws-sdk/eventstream-handler-node@3.821.0
32 silly packumentCache full:https://registry.npmjs.org/@aws-sdk%2feventstream-handler-node cache-miss
33 http fetch GET 200 https://registry.npmjs.org/@aws-sdk%2feventstream-handler-node 155ms (cache miss)
34 silly packumentCache full:https://registry.npmjs.org/@aws-sdk%2feventstream-handler-node set size:undefined disposed:false
35 silly fetch manifest @aws-sdk/middleware-eventstream@3.821.0
36 silly packumentCache full:https://registry.npmjs.org/@aws-sdk%2fmiddleware-eventstream cache-miss
37 http fetch GET 200 https://registry.npmjs.org/@aws-sdk%2fmiddleware-eventstream 126ms (cache miss)
38 silly packumentCache full:https://registry.npmjs.org/@aws-sdk%2fmiddleware-eventstream set size:undefined disposed:false
39 silly placeDep ROOT @aws-sdk/eventstream-handler-node@3.821.0 OK for: @aws-sdk/client-bedrock-runtime@3.828.0 want: 3.821.0
40 silly placeDep ROOT @aws-sdk/middleware-eventstream@3.821.0 OK for: @aws-sdk/client-bedrock-runtime@3.828.0 want: 3.821.0
41 silly fetch manifest @aws-sdk/types@3.821.0
42 silly packumentCache full:https://registry.npmjs.org/@aws-sdk%2ftypes cache-miss
43 silly fetch manifest @aws-sdk/types@3.821.0
44 silly packumentCache full:https://registry.npmjs.org/@aws-sdk%2ftypes cache-miss
45 http fetch GET 200 https://registry.npmjs.org/@aws-sdk%2ftypes 120ms (cache miss)
46 silly packumentCache full:https://registry.npmjs.org/@aws-sdk%2ftypes set size:undefined disposed:false
47 http fetch GET 200 https://registry.npmjs.org/@aws-sdk%2ftypes 121ms (cache miss)
48 silly packumentCache full:https://registry.npmjs.org/@aws-sdk%2ftypes set size:undefined disposed:false
49 silly placeDep node_modules/@aws-sdk/eventstream-handler-node @aws-sdk/types@3.821.0 OK for: @aws-sdk/eventstream-handler-node@3.821.0 want: 3.821.0
50 silly placeDep node_modules/@aws-sdk/middleware-eventstream @aws-sdk/types@3.821.0 OK for: @aws-sdk/middleware-eventstream@3.821.0 want: 3.821.0
51 silly fetch manifest fast-xml-parser@4.4.1
52 silly packumentCache full:https://registry.npmjs.org/fast-xml-parser cache-miss
53 http fetch GET 200 https://registry.npmjs.org/fast-xml-parser 50ms (cache miss)
54 silly packumentCache full:https://registry.npmjs.org/fast-xml-parser set size:undefined disposed:false
55 silly placeDep node_modules/@aws-amplify/data-construct/node_modules/@aws-sdk/core fast-xml-parser@4.4.1 OK for: @aws-sdk/core@3.635.0 want: 4.4.1
56 silly placeDep ROOT zod@3.25.17 KEEP for: @aws-amplify/backend-output-schemas@1.8.0 want: 3.25.17
57 warn ERESOLVE overriding peer dependency {
57 warn ERESOLVE   code: 'ERESOLVE',
57 warn ERESOLVE   edge: {
57 warn ERESOLVE     type: 'peer',
57 warn ERESOLVE     name: 'zod',
57 warn ERESOLVE     spec: '3.25.17',
57 warn ERESOLVE     error: 'PEER LOCAL',
57 warn ERESOLVE     from: {
57 warn ERESOLVE       name: '@aws-amplify/backend-output-schemas',
57 warn ERESOLVE       version: '1.8.0',
57 warn ERESOLVE       location: 'node_modules/@aws-amplify/graphql-api-construct/node_modules/@aws-amplify/backend-output-schemas',
57 warn ERESOLVE       isWorkspace: false,
57 warn ERESOLVE       dependents: [Array]
57 warn ERESOLVE     }
57 warn ERESOLVE   },
57 warn ERESOLVE   dep: {
57 warn ERESOLVE     name: 'zod',
57 warn ERESOLVE     version: '3.25.17',
57 warn ERESOLVE     whileInstalling: {
57 warn ERESOLVE       name: '@aws-amplify/backend-output-schemas',
57 warn ERESOLVE       version: '1.8.0',
57 warn ERESOLVE       path: '/Users/bscheere/scheerer-cottage-scheduler/node_modules/@aws-amplify/graphql-api-construct/node_modules/@aws-amplify/backend-output-schemas'
57 warn ERESOLVE     },
57 warn ERESOLVE     location: 'node_modules/zod',
57 warn ERESOLVE     isWorkspace: false,
57 warn ERESOLVE     dependents: [ [Object] ]
57 warn ERESOLVE   },
57 warn ERESOLVE   force: false,
57 warn ERESOLVE   isMine: false,
57 warn ERESOLVE   strictPeerDeps: false,
57 warn ERESOLVE   current: {
57 warn ERESOLVE     name: 'zod',
57 warn ERESOLVE     version: '3.25.17',
57 warn ERESOLVE     location: 'node_modules/@aws-amplify/graphql-api-construct/node_modules/@aws-amplify/backend-output-schemas/node_modules/zod',
57 warn ERESOLVE     isWorkspace: false,
57 warn ERESOLVE     dependents: []
57 warn ERESOLVE   }
57 warn ERESOLVE }
58 silly placeDep node_modules/@aws-amplify/graphql-api-construct/node_modules/@aws-sdk/core fast-xml-parser@4.4.1 OK for: @aws-sdk/core@3.635.0 want: 4.4.1
59 silly placeDep node_modules/@aws-amplify/data-construct/node_modules/@aws-amplify/ai-constructs fast-xml-parser@4.4.1 OK for: @aws-sdk/core@3.622.0 want: 4.4.1
60 silly fetch manifest fast-xml-parser@5.4.1
61 silly packumentCache full:https://registry.npmjs.org/fast-xml-parser cache-miss
62 http cache https://registry.npmjs.org/fast-xml-parser 5ms (cache hit)
63 silly packumentCache full:https://registry.npmjs.org/fast-xml-parser set size:589642 disposed:false
64 silly placeDep node_modules/@aws-amplify/data-construct/node_modules/@aws-amplify/platform-core fast-xml-parser@5.4.1 OK for: @aws-sdk/xml-builder@3.972.11 want: 5.4.1
65 silly fetch manifest strnum@^2.1.2
66 silly packumentCache full:https://registry.npmjs.org/strnum cache-miss
67 http fetch GET 200 https://registry.npmjs.org/strnum 38ms (cache miss)
68 silly packumentCache full:https://registry.npmjs.org/strnum set size:undefined disposed:false
69 silly placeDep node_modules/@aws-amplify/data-construct/node_modules/@aws-amplify/platform-core strnum@2.2.3 OK for: fast-xml-parser@5.4.1 want: ^2.1.2
70 silly placeDep node_modules/@aws-amplify/data-construct/node_modules/@aws-sdk/client-bedrock-runtime fast-xml-parser@4.4.1 OK for: @aws-sdk/core@3.826.0 want: 4.4.1
71 silly placeDep node_modules/@aws-amplify/data-construct/node_modules/@aws-sdk/client-sts fast-xml-parser@4.4.1 OK for: @aws-sdk/core@3.775.0 want: 4.4.1
72 silly fetch manifest fast-xml-parser@5.2.5
73 silly packumentCache full:https://registry.npmjs.org/fast-xml-parser cache-hit
74 silly placeDep node_modules/@aws-amplify/data-construct/node_modules/@aws-sdk/credential-provider-login fast-xml-parser@5.2.5 OK for: @aws-sdk/xml-builder@3.953.0 want: 5.2.5
75 silly fetch manifest strnum@^2.1.0
76 silly packumentCache full:https://registry.npmjs.org/strnum cache-miss
77 http cache https://registry.npmjs.org/strnum 1ms (cache hit)
78 silly packumentCache full:https://registry.npmjs.org/strnum set size:41343 disposed:false
79 silly placeDep node_modules/@aws-amplify/data-construct/node_modules/@aws-sdk/credential-provider-login strnum@2.2.3 OK for: fast-xml-parser@5.2.5 want: ^2.1.0
80 silly placeDep node_modules/@aws-amplify/data-construct/node_modules/@aws-sdk/nested-clients fast-xml-parser@4.4.1 OK for: @aws-sdk/core@3.775.0 want: 4.4.1
81 silly placeDep node_modules/@aws-amplify/graphql-api-construct/node_modules/@aws-amplify/ai-constructs fast-xml-parser@4.4.1 OK for: @aws-sdk/core@3.622.0 want: 4.4.1
82 silly placeDep node_modules/@aws-amplify/graphql-api-construct/node_modules/@aws-amplify/platform-core fast-xml-parser@5.4.1 OK for: @aws-sdk/xml-builder@3.972.11 want: 5.4.1
83 silly placeDep node_modules/@aws-amplify/graphql-api-construct/node_modules/@aws-amplify/platform-core strnum@2.2.3 OK for: fast-xml-parser@5.4.1 want: ^2.1.2
84 silly placeDep node_modules/@aws-amplify/graphql-api-construct/node_modules/@aws-sdk/client-bedrock-runtime fast-xml-parser@4.4.1 OK for: @aws-sdk/core@3.826.0 want: 4.4.1
85 silly placeDep node_modules/@aws-amplify/graphql-api-construct/node_modules/@aws-sdk/client-sts fast-xml-parser@4.4.1 OK for: @aws-sdk/core@3.775.0 want: 4.4.1
86 silly placeDep node_modules/@aws-amplify/graphql-api-construct/node_modules/@aws-sdk/credential-provider-login fast-xml-parser@5.2.5 OK for: @aws-sdk/xml-builder@3.953.0 want: 5.2.5
87 silly placeDep node_modules/@aws-amplify/graphql-api-construct/node_modules/@aws-sdk/credential-provider-login strnum@2.2.3 OK for: fast-xml-parser@5.2.5 want: ^2.1.0
88 silly placeDep node_modules/@aws-amplify/graphql-api-construct/node_modules/@aws-sdk/nested-clients fast-xml-parser@4.4.1 OK for: @aws-sdk/core@3.775.0 want: 4.4.1
89 silly reify moves {}
90 http cache aws-cdk-lib@https://registry.npmjs.org/aws-cdk-lib/-/aws-cdk-lib-2.252.0.tgz 0ms (cache hit)
91 http cache @aws-cdk/cx-api@https://registry.npmjs.org/@aws-cdk/cx-api/-/cx-api-2.252.0.tgz 0ms (cache hit)
92 http cache @aws-cdk/cloud-assembly-schema@https://registry.npmjs.org/@aws-cdk/cloud-assembly-schema/-/cloud-assembly-schema-53.20.0.tgz 0ms (cache hit)
93 silly tarball no local data for aws-cdk-lib@https://registry.npmjs.org/aws-cdk-lib/-/aws-cdk-lib-2.252.0.tgz. Extracting by manifest.
94 silly tarball no local data for @aws-cdk/cx-api@https://registry.npmjs.org/@aws-cdk/cx-api/-/cx-api-2.252.0.tgz. Extracting by manifest.
95 silly tarball no local data for @aws-cdk/cloud-assembly-schema@https://registry.npmjs.org/@aws-cdk/cloud-assembly-schema/-/cloud-assembly-schema-53.20.0.tgz. Extracting by manifest.
96 http cache @aws-cdk/cloud-assembly-api@https://registry.npmjs.org/@aws-cdk/cloud-assembly-api/-/cloud-assembly-api-2.1.1.tgz 0ms (cache hit)
97 http cache @aws-amplify/data-construct@https://registry.npmjs.org/@aws-amplify/data-construct/-/data-construct-1.17.2.tgz 0ms (cache hit)
98 http cache @aws-amplify/graphql-api-construct@https://registry.npmjs.org/@aws-amplify/graphql-api-construct/-/graphql-api-construct-1.21.2.tgz 0ms (cache hit)
99 silly tarball no local data for @aws-cdk/cloud-assembly-api@https://registry.npmjs.org/@aws-cdk/cloud-assembly-api/-/cloud-assembly-api-2.1.1.tgz. Extracting by manifest.
100 silly tarball no local data for @aws-amplify/data-construct@https://registry.npmjs.org/@aws-amplify/data-construct/-/data-construct-1.17.2.tgz. Extracting by manifest.
101 silly tarball no local data for @aws-amplify/graphql-api-construct@https://registry.npmjs.org/@aws-amplify/graphql-api-construct/-/graphql-api-construct-1.21.2.tgz. Extracting by manifest.
102 http fetch GET 200 https://registry.npmjs.org/@aws-cdk/cx-api/-/cx-api-2.252.0.tgz 318ms (cache miss)
103 http fetch GET 200 https://registry.npmjs.org/@aws-cdk/cloud-assembly-schema/-/cloud-assembly-schema-53.20.0.tgz 358ms (cache miss)
104 http fetch GET 200 https://registry.npmjs.org/@aws-cdk/cloud-assembly-api/-/cloud-assembly-api-2.1.1.tgz 371ms (cache miss)
105 http fetch GET 200 https://registry.npmjs.org/aws-cdk-lib/-/aws-cdk-lib-2.252.0.tgz 3465ms (cache miss)
106 http fetch GET 200 https://registry.npmjs.org/@aws-amplify/data-construct/-/data-construct-1.17.2.tgz 14944ms (cache miss)
107 http fetch GET 200 https://registry.npmjs.org/@aws-amplify/graphql-api-construct/-/graphql-api-construct-1.21.2.tgz 15374ms (cache miss)
108 http cache @aws-cdk/cloud-assembly-api@https://registry.npmjs.org/@aws-cdk/cloud-assembly-api/-/cloud-assembly-api-2.2.2.tgz 0ms (cache hit)
109 silly tarball no local data for @aws-cdk/cloud-assembly-api@https://registry.npmjs.org/@aws-cdk/cloud-assembly-api/-/cloud-assembly-api-2.2.2.tgz. Extracting by manifest.
110 http fetch GET 200 https://registry.npmjs.org/@aws-cdk/cloud-assembly-api/-/cloud-assembly-api-2.2.2.tgz 142ms (cache miss)
111 http cache @aws-sdk/middleware-eventstream@https://registry.npmjs.org/@aws-sdk/middleware-eventstream/-/middleware-eventstream-3.821.0.tgz 0ms (cache hit)
112 http cache @aws-sdk/eventstream-handler-node@https://registry.npmjs.org/@aws-sdk/eventstream-handler-node/-/eventstream-handler-node-3.821.0.tgz 0ms (cache hit)
113 http cache json-schema-to-ts@https://registry.npmjs.org/json-schema-to-ts/-/json-schema-to-ts-3.1.1.tgz 0ms (cache hit)
114 http cache zip-stream@https://registry.npmjs.org/zip-stream/-/zip-stream-6.0.1.tgz 0ms (cache hit)
115 http cache ts-algebra@https://registry.npmjs.org/ts-algebra/-/ts-algebra-2.0.0.tgz 0ms (cache hit)
116 http cache zod@https://registry.npmjs.org/zod/-/zod-3.25.17.tgz 0ms (cache hit)
117 http cache yoctocolors@https://registry.npmjs.org/yoctocolors/-/yoctocolors-2.1.2.tgz 0ms (cache hit)
118 http cache yup@https://registry.npmjs.org/yup/-/yup-0.32.11.tgz 0ms (cache hit)
119 http cache yoctocolors-cjs@https://registry.npmjs.org/yoctocolors-cjs/-/yoctocolors-cjs-2.1.3.tgz 0ms (cache hit)
120 http cache yargs@https://registry.npmjs.org/yargs/-/yargs-17.7.2.tgz 0ms (cache hit)
121 http cache yocto-queue@https://registry.npmjs.org/yocto-queue/-/yocto-queue-0.1.0.tgz 0ms (cache hit)
122 http cache yargs-parser@https://registry.npmjs.org/yargs-parser/-/yargs-parser-21.1.1.tgz 0ms (cache hit)
123 http cache yallist@https://registry.npmjs.org/yallist/-/yallist-3.1.1.tgz 0ms (cache hit)
124 http cache xtend@https://registry.npmjs.org/xtend/-/xtend-4.0.2.tgz 0ms (cache hit)
125 http cache wsl-utils@https://registry.npmjs.org/wsl-utils/-/wsl-utils-0.1.0.tgz 0ms (cache hit)
126 http cache wrappy@https://registry.npmjs.org/wrappy/-/wrappy-1.0.2.tgz 0ms (cache hit)
127 http cache yaml@https://registry.npmjs.org/yaml/-/yaml-1.10.3.tgz 0ms (cache hit)
128 http cache y18n@https://registry.npmjs.org/y18n/-/y18n-5.0.8.tgz 0ms (cache hit)
129 http cache wrap-ansi-cjs@https://registry.npmjs.org/wrap-ansi/-/wrap-ansi-7.0.0.tgz 0ms (cache hit)
130 http cache wordwrap@https://registry.npmjs.org/wordwrap/-/wordwrap-1.0.0.tgz 0ms (cache hit)
131 http cache wrap-ansi@https://registry.npmjs.org/wrap-ansi/-/wrap-ansi-9.0.2.tgz 0ms (cache hit)
132 http cache which-collection@https://registry.npmjs.org/which-collection/-/which-collection-1.0.2.tgz 0ms (cache hit)
133 http cache which-module@https://registry.npmjs.org/which-module/-/which-module-2.0.1.tgz 0ms (cache hit)
134 http cache which-builtin-type@https://registry.npmjs.org/which-builtin-type/-/which-builtin-type-1.2.1.tgz 0ms (cache hit)
135 http cache which-boxed-primitive@https://registry.npmjs.org/which-boxed-primitive/-/which-boxed-primitive-1.1.1.tgz 0ms (cache hit)
136 http cache which@https://registry.npmjs.org/which/-/which-2.0.2.tgz 0ms (cache hit)
137 http cache whatwg-url@https://registry.npmjs.org/whatwg-url/-/whatwg-url-5.0.0.tgz 0ms (cache hit)
138 http cache xstate@https://registry.npmjs.org/xstate/-/xstate-4.38.3.tgz 0ms (cache hit)
139 http cache whatwg-mimetype@https://registry.npmjs.org/whatwg-mimetype/-/whatwg-mimetype-4.0.0.tgz 0ms (cache hit)
140 http cache which-typed-array@https://registry.npmjs.org/which-typed-array/-/which-typed-array-1.1.20.tgz 0ms (cache hit)
141 http cache wcwidth@https://registry.npmjs.org/wcwidth/-/wcwidth-1.0.1.tgz 0ms (cache hit)
142 http cache uuid@https://registry.npmjs.org/uuid/-/uuid-11.1.1.tgz 0ms (cache hit)
143 http cache use-isomorphic-layout-effect@https://registry.npmjs.org/use-isomorphic-layout-effect/-/use-isomorphic-layout-effect-1.2.1.tgz 0ms (cache hit)
144 http cache web-streams-polyfill@https://registry.npmjs.org/web-streams-polyfill/-/web-streams-polyfill-3.3.3.tgz 0ms (cache hit)
145 http cache value-or-promise@https://registry.npmjs.org/value-or-promise/-/value-or-promise-1.0.12.tgz 0ms (cache hit)
146 http cache webidl-conversions@https://registry.npmjs.org/webidl-conversions/-/webidl-conversions-3.0.1.tgz 0ms (cache hit)
147 http cache vite@https://registry.npmjs.org/vite/-/vite-5.4.21.tgz 0ms (cache hit)
148 http cache use-sidecar@https://registry.npmjs.org/use-sidecar/-/use-sidecar-1.1.3.tgz 0ms (cache hit)
149 http cache util-deprecate@https://registry.npmjs.org/util-deprecate/-/util-deprecate-1.0.2.tgz 0ms (cache hit)
150 http cache urlpattern-polyfill@https://registry.npmjs.org/urlpattern-polyfill/-/urlpattern-polyfill-10.1.0.tgz 0ms (cache hit)
151 http cache unc-path-regex@https://registry.npmjs.org/unc-path-regex/-/unc-path-regex-0.1.2.tgz 0ms (cache hit)
152 http cache use-sync-external-store@https://registry.npmjs.org/use-sync-external-store/-/use-sync-external-store-1.6.0.tgz 0ms (cache hit)
153 http cache use-callback-ref@https://registry.npmjs.org/use-callback-ref/-/use-callback-ref-1.3.3.tgz 0ms (cache hit)
154 http cache upper-case@https://registry.npmjs.org/upper-case/-/upper-case-2.0.2.tgz 0ms (cache hit)
155 http cache upper-case-first@https://registry.npmjs.org/upper-case-first/-/upper-case-first-2.0.2.tgz 0ms (cache hit)
156 http cache unbox-primitive@https://registry.npmjs.org/unbox-primitive/-/unbox-primitive-1.1.0.tgz 0ms (cache hit)
157 http cache uglify-js@https://registry.npmjs.org/uglify-js/-/uglify-js-3.19.3.tgz 0ms (cache hit)
158 http cache typescript@https://registry.npmjs.org/typescript/-/typescript-5.9.3.tgz 0ms (cache hit)
159 http cache ulid@https://registry.npmjs.org/ulid/-/ulid-2.4.0.tgz 0ms (cache hit)
160 http cache update-browserslist-db@https://registry.npmjs.org/update-browserslist-db/-/update-browserslist-db-1.2.3.tgz 0ms (cache hit)
161 http cache typed-array-length@https://registry.npmjs.org/typed-array-length/-/typed-array-length-1.0.7.tgz 0ms (cache hit)
162 http cache typed-array-byte-offset@https://registry.npmjs.org/typed-array-byte-offset/-/typed-array-byte-offset-1.0.4.tgz 0ms (cache hit)
163 http cache tsx@https://registry.npmjs.org/tsx/-/tsx-4.19.4.tgz 0ms (cache hit)
164 http cache typed-array-byte-length@https://registry.npmjs.org/typed-array-byte-length/-/typed-array-byte-length-1.0.3.tgz 0ms (cache hit)
165 http cache tslib@https://registry.npmjs.org/tslib/-/tslib-2.8.1.tgz 0ms (cache hit)
166 http cache unicorn-magic@https://registry.npmjs.org/unicorn-magic/-/unicorn-magic-0.3.0.tgz 0ms (cache hit)
167 http cache ts-dedent@https://registry.npmjs.org/ts-dedent/-/ts-dedent-1.2.0.tgz 0ms (cache hit)
168 http cache ua-parser-js@https://registry.npmjs.org/ua-parser-js/-/ua-parser-js-1.0.41.tgz 0ms (cache hit)
169 http cache typed-array-buffer@https://registry.npmjs.org/typed-array-buffer/-/typed-array-buffer-1.0.3.tgz 0ms (cache hit)
170 http cache trim-right@https://registry.npmjs.org/trim-right/-/trim-right-1.0.1.tgz 0ms (cache hit)
171 http cache tr46@https://registry.npmjs.org/tr46/-/tr46-0.0.3.tgz 0ms (cache hit)
172 http cache ts-interface-checker@https://registry.npmjs.org/ts-interface-checker/-/ts-interface-checker-0.1.13.tgz 0ms (cache hit)
173 http cache toposort@https://registry.npmjs.org/toposort/-/toposort-2.0.2.tgz 0ms (cache hit)
174 http cache tinyglobby@https://registry.npmjs.org/tinyglobby/-/tinyglobby-0.2.16.tgz 0ms (cache hit)
175 http cache to-regex-range@https://registry.npmjs.org/to-regex-range/-/to-regex-range-5.0.1.tgz 0ms (cache hit)
176 http cache timeout-signal@https://registry.npmjs.org/timeout-signal/-/timeout-signal-2.0.0.tgz 0ms (cache hit)
177 http cache tildify@https://registry.npmjs.org/tildify/-/tildify-2.0.0.tgz 0ms (cache hit)
178 http cache thenify-all@https://registry.npmjs.org/thenify-all/-/thenify-all-1.6.0.tgz 0ms (cache hit)
179 http cache thenify@https://registry.npmjs.org/thenify/-/thenify-3.3.1.tgz 0ms (cache hit)
180 http cache teex@https://registry.npmjs.org/teex/-/teex-1.0.1.tgz 0ms (cache hit)
181 http cache text-decoder@https://registry.npmjs.org/text-decoder/-/text-decoder-1.2.7.tgz 0ms (cache hit)
182 http cache title-case@https://registry.npmjs.org/title-case/-/title-case-3.0.3.tgz 0ms (cache hit)
183 http cache tarn@https://registry.npmjs.org/tarn/-/tarn-3.0.2.tgz 0ms (cache hit)
184 http cache table@https://registry.npmjs.org/table/-/table-6.9.0.tgz 0ms (cache hit)
185 http cache universalify@https://registry.npmjs.org/universalify/-/universalify-0.1.2.tgz 0ms (cache hit)
186 http cache sync-fetch@https://registry.npmjs.org/sync-fetch/-/sync-fetch-0.6.0.tgz 0ms (cache hit)
187 http cache swap-case@https://registry.npmjs.org/swap-case/-/swap-case-2.0.2.tgz 0ms (cache hit)
188 http cache supports-color@https://registry.npmjs.org/supports-color/-/supports-color-7.2.0.tgz 0ms (cache hit)
189 http cache supports-preserve-symlinks-flag@https://registry.npmjs.org/supports-preserve-symlinks-flag/-/supports-preserve-symlinks-flag-1.0.0.tgz 0ms (cache hit)
190 http cache tar-stream@https://registry.npmjs.org/tar-stream/-/tar-stream-3.2.0.tgz 0ms (cache hit)
191 http cache strnum@https://registry.npmjs.org/strnum/-/strnum-2.2.3.tgz 0ms (cache hit)
192 http cache sucrase@https://registry.npmjs.org/sucrase/-/sucrase-3.35.1.tgz 0ms (cache hit)
193 http cache to-fast-properties@https://registry.npmjs.org/to-fast-properties/-/to-fast-properties-2.0.0.tgz 0ms (cache hit)
194 http cache strip-ansi-cjs@https://registry.npmjs.org/strip-ansi/-/strip-ansi-6.0.1.tgz 0ms (cache hit)
195 http cache strip-indent@https://registry.npmjs.org/strip-indent/-/strip-indent-3.0.0.tgz 0ms (cache hit)
196 http cache strip-ansi@https://registry.npmjs.org/strip-ansi/-/strip-ansi-7.2.0.tgz 0ms (cache hit)
197 http cache tailwindcss@https://registry.npmjs.org/tailwindcss/-/tailwindcss-3.4.19.tgz 0ms (cache hit)
198 http cache string.prototype.trimstart@https://registry.npmjs.org/string.prototype.trimstart/-/string.prototype.trimstart-1.0.8.tgz 0ms (cache hit)
199 http cache string-width@https://registry.npmjs.org/string-width/-/string-width-4.2.3.tgz 0ms (cache hit)
200 http cache string_decoder@https://registry.npmjs.org/string_decoder/-/string_decoder-1.3.0.tgz 0ms (cache hit)
201 http cache string.prototype.trim@https://registry.npmjs.org/string.prototype.trim/-/string.prototype.trim-1.2.10.tgz 0ms (cache hit)
202 http cache string.prototype.trimend@https://registry.npmjs.org/string.prototype.trimend/-/string.prototype.trimend-1.0.9.tgz 0ms (cache hit)
203 http cache streamx@https://registry.npmjs.org/streamx/-/streamx-2.25.0.tgz 0ms (cache hit)
204 http cache stream-browserify@https://registry.npmjs.org/stream-browserify/-/stream-browserify-3.0.0.tgz 0ms (cache hit)
205 http cache stop-iteration-iterator@https://registry.npmjs.org/stop-iteration-iterator/-/stop-iteration-iterator-1.1.0.tgz 0ms (cache hit)
206 http cache string-width-cjs@https://registry.npmjs.org/string-width/-/string-width-4.2.3.tgz 0ms (cache hit)
207 http cache sponge-case@https://registry.npmjs.org/sponge-case/-/sponge-case-1.0.1.tgz 0ms (cache hit)
208 http cache source-map-js@https://registry.npmjs.org/source-map-js/-/source-map-js-1.2.1.tgz 0ms (cache hit)
209 http cache split2@https://registry.npmjs.org/split2/-/split2-4.2.0.tgz 0ms (cache hit)
210 http cache source-map-support@https://registry.npmjs.org/source-map-support/-/source-map-support-0.5.21.tgz 0ms (cache hit)
211 http cache stdin-discarder@https://registry.npmjs.org/stdin-discarder/-/stdin-discarder-0.2.2.tgz 0ms (cache hit)
212 http cache source-map@https://registry.npmjs.org/source-map/-/source-map-0.5.7.tgz 0ms (cache hit)
213 http cache slice-ansi@https://registry.npmjs.org/slice-ansi/-/slice-ansi-4.0.0.tgz 0ms (cache hit)
214 http cache strip-final-newline@https://registry.npmjs.org/strip-final-newline/-/strip-final-newline-4.0.0.tgz 0ms (cache hit)
215 http cache snake-case@https://registry.npmjs.org/snake-case/-/snake-case-3.0.4.tgz 0ms (cache hit)
216 http cache signedsource@https://registry.npmjs.org/signedsource/-/signedsource-1.0.0.tgz 0ms (cache hit)
217 http cache signal-exit@https://registry.npmjs.org/signal-exit/-/signal-exit-4.1.0.tgz 0ms (cache hit)
218 http cache side-channel-list@https://registry.npmjs.org/side-channel-list/-/side-channel-list-1.0.1.tgz 0ms (cache hit)
219 http cache sqlstring@https://registry.npmjs.org/sqlstring/-/sqlstring-2.3.3.tgz 0ms (cache hit)
220 http cache side-channel-weakmap@https://registry.npmjs.org/side-channel-weakmap/-/side-channel-weakmap-1.0.2.tgz 0ms (cache hit)
221 http cache side-channel-map@https://registry.npmjs.org/side-channel-map/-/side-channel-map-1.0.1.tgz 0ms (cache hit)
222 http cache side-channel@https://registry.npmjs.org/side-channel/-/side-channel-1.1.0.tgz 0ms (cache hit)
223 http cache set-proto@https://registry.npmjs.org/set-proto/-/set-proto-1.0.0.tgz 0ms (cache hit)
224 http cache set-function-name@https://registry.npmjs.org/set-function-name/-/set-function-name-2.0.2.tgz 0ms (cache hit)
225 http cache slash@https://registry.npmjs.org/slash/-/slash-3.0.0.tgz 0ms (cache hit)
226 http cache shebang-regex@https://registry.npmjs.org/shebang-regex/-/shebang-regex-3.0.0.tgz 0ms (cache hit)
227 http cache set-blocking@https://registry.npmjs.org/set-blocking/-/set-blocking-2.0.0.tgz 0ms (cache hit)
228 http cache set-function-length@https://registry.npmjs.org/set-function-length/-/set-function-length-1.2.2.tgz 0ms (cache hit)
229 http cache setimmediate@https://registry.npmjs.org/setimmediate/-/setimmediate-1.0.5.tgz 0ms (cache hit)
230 http cache sentence-case@https://registry.npmjs.org/sentence-case/-/sentence-case-3.0.4.tgz 0ms (cache hit)
231 http cache semver@https://registry.npmjs.org/semver/-/semver-7.7.4.tgz 0ms (cache hit)
232 http cache seq-queue@https://registry.npmjs.org/seq-queue/-/seq-queue-0.0.5.tgz 0ms (cache hit)
233 http cache shebang-command@https://registry.npmjs.org/shebang-command/-/shebang-command-2.0.0.tgz 0ms (cache hit)
234 http cache safer-buffer@https://registry.npmjs.org/safer-buffer/-/safer-buffer-2.1.2.tgz 1ms (cache hit)
235 http cache safe-push-apply@https://registry.npmjs.org/safe-push-apply/-/safe-push-apply-1.0.0.tgz 0ms (cache hit)
236 http cache scheduler@https://registry.npmjs.org/scheduler/-/scheduler-0.23.2.tgz 0ms (cache hit)
237 http cache safe-buffer@https://registry.npmjs.org/safe-buffer/-/safe-buffer-5.2.1.tgz 0ms (cache hit)
238 http cache safe-array-concat@https://registry.npmjs.org/safe-array-concat/-/safe-array-concat-1.1.4.tgz 0ms (cache hit)
239 http cache run-parallel@https://registry.npmjs.org/run-parallel/-/run-parallel-1.2.0.tgz 0ms (cache hit)
240 http cache rxjs@https://registry.npmjs.org/rxjs/-/rxjs-7.8.2.tgz 0ms (cache hit)
241 http cache safe-regex-test@https://registry.npmjs.org/safe-regex-test/-/safe-regex-test-1.1.0.tgz 0ms (cache hit)
242 http cache run-applescript@https://registry.npmjs.org/run-applescript/-/run-applescript-7.1.0.tgz 0ms (cache hit)
243 http cache rollup@https://registry.npmjs.org/rollup/-/rollup-4.60.2.tgz 0ms (cache hit)
244 http cache reusify@https://registry.npmjs.org/reusify/-/reusify-1.1.0.tgz 0ms (cache hit)
245 http cache rimraf@https://registry.npmjs.org/rimraf/-/rimraf-3.0.2.tgz 0ms (cache hit)
246 http cache require-main-filename@https://registry.npmjs.org/require-main-filename/-/require-main-filename-2.0.0.tgz 0ms (cache hit)
247 http cache resolve-pkg-maps@https://registry.npmjs.org/resolve-pkg-maps/-/resolve-pkg-maps-1.0.0.tgz 0ms (cache hit)
248 http cache require-directory@https://registry.npmjs.org/require-directory/-/require-directory-2.1.1.tgz 0ms (cache hit)
249 http cache restore-cursor@https://registry.npmjs.org/restore-cursor/-/restore-cursor-5.1.0.tgz 0ms (cache hit)
250 http cache resolve-from@https://registry.npmjs.org/resolve-from/-/resolve-from-5.0.0.tgz 0ms (cache hit)
251 http cache resolve@https://registry.npmjs.org/resolve/-/resolve-1.22.12.tgz 0ms (cache hit)
252 http cache require-from-string@https://registry.npmjs.org/require-from-string/-/require-from-string-2.0.2.tgz 0ms (cache hit)
253 http cache relay-runtime@https://registry.npmjs.org/relay-runtime/-/relay-runtime-12.0.0.tgz 0ms (cache hit)
254 http cache regexp.prototype.flags@https://registry.npmjs.org/regexp.prototype.flags/-/regexp.prototype.flags-1.5.4.tgz 0ms (cache hit)
255 http cache regenerator-runtime@https://registry.npmjs.org/regenerator-runtime/-/regenerator-runtime-0.11.1.tgz 0ms (cache hit)
256 http cache reflect.getprototypeof@https://registry.npmjs.org/reflect.getprototypeof/-/reflect.getprototypeof-1.0.10.tgz 0ms (cache hit)
257 http cache rechoir@https://registry.npmjs.org/rechoir/-/rechoir-0.8.0.tgz 0ms (cache hit)
258 http cache readdirp@https://registry.npmjs.org/readdirp/-/readdirp-4.1.2.tgz 0ms (cache hit)
259 http cache readable-stream@https://registry.npmjs.org/readable-stream/-/readable-stream-4.7.0.tgz 0ms (cache hit)
260 http cache read-cache@https://registry.npmjs.org/read-cache/-/read-cache-1.0.0.tgz 0ms (cache hit)
261 http cache readdir-glob@https://registry.npmjs.org/readdir-glob/-/readdir-glob-1.1.3.tgz 0ms (cache hit)
262 http cache react-style-singleton@https://registry.npmjs.org/react-style-singleton/-/react-style-singleton-2.2.3.tgz 0ms (cache hit)
263 http cache repeating@https://registry.npmjs.org/repeating/-/repeating-2.0.1.tgz 0ms (cache hit)
264 http cache react-router-dom@https://registry.npmjs.org/react-router-dom/-/react-router-dom-6.30.3.tgz 0ms (cache hit)
265 http cache react-router@https://registry.npmjs.org/react-router/-/react-router-6.30.3.tgz 0ms (cache hit)
266 http cache react-refresh@https://registry.npmjs.org/react-refresh/-/react-refresh-0.17.0.tgz 0ms (cache hit)
267 http cache react-dom@https://registry.npmjs.org/react-dom/-/react-dom-18.3.1.tgz 0ms (cache hit)
268 http cache react-remove-scroll@https://registry.npmjs.org/react-remove-scroll/-/react-remove-scroll-2.7.2.tgz 0ms (cache hit)
269 http cache react@https://registry.npmjs.org/react/-/react-18.3.1.tgz 0ms (cache hit)
270 http cache react-remove-scroll-bar@https://registry.npmjs.org/react-remove-scroll-bar/-/react-remove-scroll-bar-2.3.8.tgz 0ms (cache hit)
271 http cache react-hook-form@https://registry.npmjs.org/react-hook-form/-/react-hook-form-7.53.2.tgz 0ms (cache hit)
272 http cache property-expr@https://registry.npmjs.org/property-expr/-/property-expr-2.0.6.tgz 0ms (cache hit)
273 http cache promise@https://registry.npmjs.org/promise/-/promise-7.3.1.tgz 0ms (cache hit)
274 http cache qrcode@https://registry.npmjs.org/qrcode/-/qrcode-1.5.0.tgz 0ms (cache hit)
275 http cache process-nextick-args@https://registry.npmjs.org/process-nextick-args/-/process-nextick-args-2.0.1.tgz 0ms (cache hit)
276 http cache queue-microtask@https://registry.npmjs.org/queue-microtask/-/queue-microtask-1.2.3.tgz 0ms (cache hit)
277 http cache postgres-date@https://registry.npmjs.org/postgres-date/-/postgres-date-1.0.7.tgz 0ms (cache hit)
278 http cache postgres-bytea@https://registry.npmjs.org/postgres-bytea/-/postgres-bytea-1.0.1.tgz 0ms (cache hit)
279 http cache process@https://registry.npmjs.org/process/-/process-0.11.10.tgz 0ms (cache hit)
280 http cache pretty-ms@https://registry.npmjs.org/pretty-ms/-/pretty-ms-9.3.0.tgz 0ms (cache hit)
281 http cache prettier@https://registry.npmjs.org/prettier/-/prettier-3.8.3.tgz 0ms (cache hit)
282 http cache postgres-array@https://registry.npmjs.org/postgres-array/-/postgres-array-2.0.0.tgz 0ms (cache hit)
283 http cache postcss-value-parser@https://registry.npmjs.org/postcss-value-parser/-/postcss-value-parser-4.2.0.tgz 0ms (cache hit)
284 http cache postcss@https://registry.npmjs.org/postcss/-/postcss-8.5.12.tgz 0ms (cache hit)
285 http cache postcss-selector-parser@https://registry.npmjs.org/postcss-selector-parser/-/postcss-selector-parser-6.1.2.tgz 0ms (cache hit)
286 http cache possible-typed-array-names@https://registry.npmjs.org/possible-typed-array-names/-/possible-typed-array-names-1.1.0.tgz 0ms (cache hit)
287 http cache postgres-interval@https://registry.npmjs.org/postgres-interval/-/postgres-interval-1.2.0.tgz 0ms (cache hit)
288 http cache pngjs@https://registry.npmjs.org/pngjs/-/pngjs-5.0.0.tgz 0ms (cache hit)
289 http cache postcss-js@https://registry.npmjs.org/postcss-js/-/postcss-js-4.1.0.tgz 0ms (cache hit)
290 http cache pirates@https://registry.npmjs.org/pirates/-/pirates-4.0.7.tgz 0ms (cache hit)
291 http cache postcss-import@https://registry.npmjs.org/postcss-import/-/postcss-import-15.1.0.tgz 0ms (cache hit)
292 http cache postcss-nested@https://registry.npmjs.org/postcss-nested/-/postcss-nested-6.2.0.tgz 0ms (cache hit)
293 http cache pluralize@https://registry.npmjs.org/pluralize/-/pluralize-8.0.0.tgz 0ms (cache hit)
294 http cache picomatch@https://registry.npmjs.org/picomatch/-/picomatch-4.0.4.tgz 0ms (cache hit)
295 http cache picocolors@https://registry.npmjs.org/picocolors/-/picocolors-1.1.1.tgz 0ms (cache hit)
296 http cache pg-types@https://registry.npmjs.org/pg-types/-/pg-types-2.2.0.tgz 0ms (cache hit)
297 http cache pg-protocol@https://registry.npmjs.org/pg-protocol/-/pg-protocol-1.13.0.tgz 0ms (cache hit)
298 http cache pg-pool@https://registry.npmjs.org/pg-pool/-/pg-pool-3.13.0.tgz 0ms (cache hit)
299 http cache pify@https://registry.npmjs.org/pify/-/pify-2.3.0.tgz 0ms (cache hit)
300 http cache pg-int8@https://registry.npmjs.org/pg-int8/-/pg-int8-1.0.1.tgz 0ms (cache hit)
301 http cache pg-connection-string@https://registry.npmjs.org/pg-connection-string/-/pg-connection-string-2.5.0.tgz 0ms (cache hit)
302 http cache pg-cloudflare@https://registry.npmjs.org/pg-cloudflare/-/pg-cloudflare-1.3.0.tgz 0ms (cache hit)
303 http cache path-type@https://registry.npmjs.org/path-type/-/path-type-4.0.0.tgz 0ms (cache hit)
304 http cache path-root-regex@https://registry.npmjs.org/path-root-regex/-/path-root-regex-0.1.2.tgz 0ms (cache hit)
305 http cache path-parse@https://registry.npmjs.org/path-parse/-/path-parse-1.0.7.tgz 0ms (cache hit)
306 http cache path-key@https://registry.npmjs.org/path-key/-/path-key-3.1.1.tgz 0ms (cache hit)
307 http cache pg@https://registry.npmjs.org/pg/-/pg-8.11.6.tgz 0ms (cache hit)
308 http cache path-root@https://registry.npmjs.org/path-root/-/path-root-0.1.1.tgz 0ms (cache hit)
309 http cache pgpass@https://registry.npmjs.org/pgpass/-/pgpass-1.0.5.tgz 0ms (cache hit)
310 http cache path-is-absolute@https://registry.npmjs.org/path-is-absolute/-/path-is-absolute-1.0.1.tgz 0ms (cache hit)
311 http cache path-exists@https://registry.npmjs.org/path-exists/-/path-exists-4.0.0.tgz 0ms (cache hit)
312 http cache parse-gitignore@https://registry.npmjs.org/parse-gitignore/-/parse-gitignore-2.0.0.tgz 0ms (cache hit)
313 http cache path-expression-matcher@https://registry.npmjs.org/path-expression-matcher/-/path-expression-matcher-1.5.0.tgz 0ms (cache hit)
314 http cache parse-ms@https://registry.npmjs.org/parse-ms/-/parse-ms-4.0.0.tgz 0ms (cache hit)
315 http cache path-scurry@https://registry.npmjs.org/path-scurry/-/path-scurry-2.0.2.tgz 0ms (cache hit)
316 http cache pascal-case@https://registry.npmjs.org/pascal-case/-/pascal-case-3.1.2.tgz 0ms (cache hit)
317 http cache parse-filepath@https://registry.npmjs.org/parse-filepath/-/parse-filepath-1.0.2.tgz 0ms (cache hit)
318 http cache path-case@https://registry.npmjs.org/path-case/-/path-case-3.0.4.tgz 0ms (cache hit)
319 http cache p-try@https://registry.npmjs.org/p-try/-/p-try-2.2.0.tgz 0ms (cache hit)
320 http cache param-case@https://registry.npmjs.org/param-case/-/param-case-3.0.4.tgz 0ms (cache hit)
321 http cache p-locate@https://registry.npmjs.org/p-locate/-/p-locate-4.1.0.tgz 0ms (cache hit)
322 http cache own-keys@https://registry.npmjs.org/own-keys/-/own-keys-1.0.1.tgz 0ms (cache hit)
323 http cache ora@https://registry.npmjs.org/ora/-/ora-8.2.0.tgz 0ms (cache hit)
324 http cache package-json-from-dist@https://registry.npmjs.org/package-json-from-dist/-/package-json-from-dist-1.0.1.tgz 0ms (cache hit)
325 http cache onetime@https://registry.npmjs.org/onetime/-/onetime-7.0.0.tgz 0ms (cache hit)
326 http cache once@https://registry.npmjs.org/once/-/once-1.4.0.tgz 0ms (cache hit)
327 http cache open@https://registry.npmjs.org/open/-/open-10.2.0.tgz 0ms (cache hit)
328 http cache object.assign@https://registry.npmjs.org/object.assign/-/object.assign-4.1.7.tgz 0ms (cache hit)
329 http cache object-inspect@https://registry.npmjs.org/object-inspect/-/object-inspect-1.13.4.tgz 0ms (cache hit)
330 http cache p-limit@https://registry.npmjs.org/p-limit/-/p-limit-3.1.0.tgz 0ms (cache hit)
331 http cache object-hash@https://registry.npmjs.org/object-hash/-/object-hash-3.0.0.tgz 0ms (cache hit)
332 http cache object-keys@https://registry.npmjs.org/object-keys/-/object-keys-1.1.1.tgz 0ms (cache hit)
333 http cache npm-run-path@https://registry.npmjs.org/npm-run-path/-/npm-run-path-6.0.0.tgz 0ms (cache hit)
334 http cache nullthrows@https://registry.npmjs.org/nullthrows/-/nullthrows-1.1.1.tgz 0ms (cache hit)
335 http cache node-releases@https://registry.npmjs.org/node-releases/-/node-releases-2.0.38.tgz 0ms (cache hit)
336 http cache node-int64@https://registry.npmjs.org/node-int64/-/node-int64-0.4.0.tgz 0ms (cache hit)
337 http cache normalize-path@https://registry.npmjs.org/normalize-path/-/normalize-path-3.0.0.tgz 0ms (cache hit)
338 http cache object-assign@https://registry.npmjs.org/object-assign/-/object-assign-4.1.1.tgz 0ms (cache hit)
339 http cache node-addon-api@https://registry.npmjs.org/node-addon-api/-/node-addon-api-7.1.1.tgz 0ms (cache hit)
340 http cache nanoclone@https://registry.npmjs.org/nanoclone/-/nanoclone-0.2.1.tgz 0ms (cache hit)
341 http cache node-fetch@https://registry.npmjs.org/node-fetch/-/node-fetch-3.3.2.tgz 0ms (cache hit)
342 http cache node-domexception@https://registry.npmjs.org/node-domexception/-/node-domexception-1.0.0.tgz 0ms (cache hit)
343 http cache neo-async@https://registry.npmjs.org/neo-async/-/neo-async-2.6.2.tgz 0ms (cache hit)
344 http cache no-case@https://registry.npmjs.org/no-case/-/no-case-3.0.4.tgz 0ms (cache hit)
345 http cache nanoid@https://registry.npmjs.org/nanoid/-/nanoid-3.3.11.tgz 0ms (cache hit)
346 http cache mz@https://registry.npmjs.org/mz/-/mz-2.7.0.tgz 0ms (cache hit)
347 http cache mute-stream@https://registry.npmjs.org/mute-stream/-/mute-stream-2.0.0.tgz 0ms (cache hit)
348 http cache named-placeholders@https://registry.npmjs.org/named-placeholders/-/named-placeholders-1.1.6.tgz 0ms (cache hit)
349 http cache mysql2@https://registry.npmjs.org/mysql2/-/mysql2-3.9.9.tgz 0ms (cache hit)
350 http cache mimic-fn@https://registry.npmjs.org/mimic-fn/-/mimic-fn-2.1.0.tgz 0ms (cache hit)
351 http cache minimist@https://registry.npmjs.org/minimist/-/minimist-1.2.8.tgz 0ms (cache hit)
352 http cache ms@https://registry.npmjs.org/ms/-/ms-2.1.3.tgz 0ms (cache hit)
353 http cache mimic-function@https://registry.npmjs.org/mimic-function/-/mimic-function-5.0.1.tgz 0ms (cache hit)
354 http cache min-indent@https://registry.npmjs.org/min-indent/-/min-indent-1.0.1.tgz 0ms (cache hit)
355 http cache merge2@https://registry.npmjs.org/merge2/-/merge2-1.4.1.tgz 0ms (cache hit)
356 http cache mime@https://registry.npmjs.org/mime/-/mime-2.6.0.tgz 0ms (cache hit)
357 http cache minimatch@https://registry.npmjs.org/minimatch/-/minimatch-10.0.1.tgz 0ms (cache hit)
358 http cache minipass@https://registry.npmjs.org/minipass/-/minipass-7.1.3.tgz 0ms (cache hit)
359 http cache md5@https://registry.npmjs.org/md5/-/md5-2.3.0.tgz 0ms (cache hit)
360 http cache lru-cache@https://registry.npmjs.org/lru-cache/-/lru-cache-5.1.1.tgz 0ms (cache hit)
361 http cache micromatch@https://registry.npmjs.org/micromatch/-/micromatch-4.0.8.tgz 0ms (cache hit)
362 http cache lower-case-first@https://registry.npmjs.org/lower-case-first/-/lower-case-first-2.0.2.tgz 0ms (cache hit)
363 http cache math-intrinsics@https://registry.npmjs.org/math-intrinsics/-/math-intrinsics-1.1.0.tgz 0ms (cache hit)
364 http cache loose-envify@https://registry.npmjs.org/loose-envify/-/loose-envify-1.4.0.tgz 0ms (cache hit)
365 http cache lower-case@https://registry.npmjs.org/lower-case/-/lower-case-2.0.2.tgz 0ms (cache hit)
366 http cache lodash.snakecase@https://registry.npmjs.org/lodash.snakecase/-/lodash.snakecase-4.1.1.tgz 0ms (cache hit)
367 http cache map-cache@https://registry.npmjs.org/map-cache/-/map-cache-0.2.2.tgz 0ms (cache hit)
368 http cache lodash.truncate@https://registry.npmjs.org/lodash.truncate/-/lodash.truncate-4.4.2.tgz 0ms (cache hit)
369 http cache long@https://registry.npmjs.org/long/-/long-5.3.2.tgz 0ms (cache hit)
370 http cache log-symbols@https://registry.npmjs.org/log-symbols/-/log-symbols-6.0.0.tgz 0ms (cache hit)
371 http cache lru.min@https://registry.npmjs.org/lru.min/-/lru.min-1.1.4.tgz 0ms (cache hit)
372 http cache lodash-es@https://registry.npmjs.org/lodash-es/-/lodash-es-4.18.1.tgz 0ms (cache hit)
373 http cache lodash.mergewith@https://registry.npmjs.org/lodash.mergewith/-/lodash.mergewith-4.6.2.tgz 0ms (cache hit)
374 http cache locate-path@https://registry.npmjs.org/locate-path/-/locate-path-5.0.0.tgz 0ms (cache hit)
375 http cache lines-and-columns@https://registry.npmjs.org/lines-and-columns/-/lines-and-columns-1.2.4.tgz 0ms (cache hit)
376 http cache lazystream@https://registry.npmjs.org/lazystream/-/lazystream-1.0.1.tgz 0ms (cache hit)
377 http cache knex@https://registry.npmjs.org/knex/-/knex-2.4.2.tgz 0ms (cache hit)
378 http cache lilconfig@https://registry.npmjs.org/lilconfig/-/lilconfig-3.1.3.tgz 0ms (cache hit)
379 http cache kleur@https://registry.npmjs.org/kleur/-/kleur-4.1.5.tgz 0ms (cache hit)
380 http cache jsonfile@https://registry.npmjs.org/jsonfile/-/jsonfile-4.0.0.tgz 0ms (cache hit)
381 http cache json-schema-traverse@https://registry.npmjs.org/json-schema-traverse/-/json-schema-traverse-1.0.0.tgz 0ms (cache hit)
382 http cache jsesc@https://registry.npmjs.org/jsesc/-/jsesc-2.5.2.tgz 0ms (cache hit)
383 http cache js-tokens@https://registry.npmjs.org/js-tokens/-/js-tokens-4.0.0.tgz 0ms (cache hit)
384 http cache js-cookie@https://registry.npmjs.org/js-cookie/-/js-cookie-3.0.5.tgz 1ms (cache hit)
385 http cache lodash@https://registry.npmjs.org/lodash/-/lodash-4.18.1.tgz 0ms (cache hit)
386 http cache json5@https://registry.npmjs.org/json5/-/json5-2.2.3.tgz 0ms (cache hit)
387 http cache isexe@https://registry.npmjs.org/isexe/-/isexe-2.0.0.tgz 0ms (cache hit)
388 http cache jiti@https://registry.npmjs.org/jiti/-/jiti-1.21.7.tgz 0ms (cache hit)
389 http cache is-weakset@https://registry.npmjs.org/is-weakset/-/is-weakset-2.0.4.tgz 0ms (cache hit)
390 http cache is-windows@https://registry.npmjs.org/is-windows/-/is-windows-1.0.2.tgz 0ms (cache hit)
391 http cache is-wsl@https://registry.npmjs.org/is-wsl/-/is-wsl-3.1.1.tgz 0ms (cache hit)
392 http cache jackspeak@https://registry.npmjs.org/jackspeak/-/jackspeak-4.2.3.tgz 0ms (cache hit)
393 http cache isarray@https://registry.npmjs.org/isarray/-/isarray-2.0.5.tgz 0ms (cache hit)
394 http cache is-weakref@https://registry.npmjs.org/is-weakref/-/is-weakref-1.1.1.tgz 0ms (cache hit)
395 http cache is-unicode-supported@https://registry.npmjs.org/is-unicode-supported/-/is-unicode-supported-2.1.0.tgz 0ms (cache hit)
396 http cache is-typed-array@https://registry.npmjs.org/is-typed-array/-/is-typed-array-1.1.15.tgz 0ms (cache hit)
397 http cache is-upper-case@https://registry.npmjs.org/is-upper-case/-/is-upper-case-2.0.2.tgz 0ms (cache hit)
398 http cache is-string@https://registry.npmjs.org/is-string/-/is-string-1.1.1.tgz 0ms (cache hit)
399 http cache is-stream@https://registry.npmjs.org/is-stream/-/is-stream-2.0.1.tgz 0ms (cache hit)
400 http cache is-weakmap@https://registry.npmjs.org/is-weakmap/-/is-weakmap-2.0.2.tgz 0ms (cache hit)
401 http cache is-unc-path@https://registry.npmjs.org/is-unc-path/-/is-unc-path-1.0.0.tgz 0ms (cache hit)
402 http cache is-regex@https://registry.npmjs.org/is-regex/-/is-regex-1.2.1.tgz 0ms (cache hit)
403 http cache is-relative@https://registry.npmjs.org/is-relative/-/is-relative-1.0.0.tgz 0ms (cache hit)
404 http cache is-symbol@https://registry.npmjs.org/is-symbol/-/is-symbol-1.1.1.tgz 0ms (cache hit)
405 http cache is-shared-array-buffer@https://registry.npmjs.org/is-shared-array-buffer/-/is-shared-array-buffer-1.0.4.tgz 0ms (cache hit)
406 http cache is-set@https://registry.npmjs.org/is-set/-/is-set-2.0.3.tgz 0ms (cache hit)
407 http cache is-plain-obj@https://registry.npmjs.org/is-plain-obj/-/is-plain-obj-4.1.0.tgz 0ms (cache hit)
408 http cache is-lower-case@https://registry.npmjs.org/is-lower-case/-/is-lower-case-2.0.2.tgz 0ms (cache hit)
409 http cache is-map@https://registry.npmjs.org/is-map/-/is-map-2.0.3.tgz 0ms (cache hit)
410 http cache is-number@https://registry.npmjs.org/is-number/-/is-number-7.0.0.tgz 0ms (cache hit)
411 http cache is-negative-zero@https://registry.npmjs.org/is-negative-zero/-/is-negative-zero-2.0.3.tgz 0ms (cache hit)
412 http cache is-number-object@https://registry.npmjs.org/is-number-object/-/is-number-object-1.1.1.tgz 0ms (cache hit)
413 http cache is-property@https://registry.npmjs.org/is-property/-/is-property-1.0.2.tgz 0ms (cache hit)
414 http cache is-interactive@https://registry.npmjs.org/is-interactive/-/is-interactive-2.0.0.tgz 0ms (cache hit)
415 http cache is-glob@https://registry.npmjs.org/is-glob/-/is-glob-4.0.3.tgz 0ms (cache hit)
416 http cache is-generator-function@https://registry.npmjs.org/is-generator-function/-/is-generator-function-1.1.2.tgz 0ms (cache hit)
417 http cache is-finalizationregistry@https://registry.npmjs.org/is-finalizationregistry/-/is-finalizationregistry-1.1.1.tgz 0ms (cache hit)
418 http cache is-inside-container@https://registry.npmjs.org/is-inside-container/-/is-inside-container-1.0.0.tgz 0ms (cache hit)
419 http cache is-extglob@https://registry.npmjs.org/is-extglob/-/is-extglob-2.1.1.tgz 0ms (cache hit)
420 http cache is-finite@https://registry.npmjs.org/is-finite/-/is-finite-1.1.0.tgz 0ms (cache hit)
421 http cache is-data-view@https://registry.npmjs.org/is-data-view/-/is-data-view-1.0.2.tgz 0ms (cache hit)
422 http cache is-docker@https://registry.npmjs.org/is-docker/-/is-docker-3.0.0.tgz 0ms (cache hit)
423 http cache is-callable@https://registry.npmjs.org/is-callable/-/is-callable-1.2.7.tgz 0ms (cache hit)
424 http cache is-ci@https://registry.npmjs.org/is-ci/-/is-ci-4.1.0.tgz 0ms (cache hit)
425 http cache is-date-object@https://registry.npmjs.org/is-date-object/-/is-date-object-1.1.0.tgz 0ms (cache hit)
426 http cache is-buffer@https://registry.npmjs.org/is-buffer/-/is-buffer-1.1.6.tgz 0ms (cache hit)
427 http cache is-boolean-object@https://registry.npmjs.org/is-boolean-object/-/is-boolean-object-1.2.2.tgz 0ms (cache hit)
428 http cache is-fullwidth-code-point@https://registry.npmjs.org/is-fullwidth-code-point/-/is-fullwidth-code-point-3.0.0.tgz 0ms (cache hit)
429 http cache is-bigint@https://registry.npmjs.org/is-bigint/-/is-bigint-1.1.0.tgz 0ms (cache hit)
430 http cache is-binary-path@https://registry.npmjs.org/is-binary-path/-/is-binary-path-2.1.0.tgz 0ms (cache hit)
431 http cache is-array-buffer@https://registry.npmjs.org/is-array-buffer/-/is-array-buffer-3.0.5.tgz 0ms (cache hit)
432 http cache is-async-function@https://registry.npmjs.org/is-async-function/-/is-async-function-2.1.1.tgz 0ms (cache hit)
433 http cache is-core-module@https://registry.npmjs.org/is-core-module/-/is-core-module-2.16.1.tgz 0ms (cache hit)
434 http cache is-absolute@https://registry.npmjs.org/is-absolute/-/is-absolute-1.0.0.tgz 0ms (cache hit)
435 http cache invariant@https://registry.npmjs.org/invariant/-/invariant-2.2.4.tgz 0ms (cache hit)
436 http cache internal-slot@https://registry.npmjs.org/internal-slot/-/internal-slot-1.1.0.tgz 0ms (cache hit)
437 http cache interpret@https://registry.npmjs.org/interpret/-/interpret-2.2.0.tgz 0ms (cache hit)
438 http cache inflected@https://registry.npmjs.org/inflected/-/inflected-2.1.0.tgz 0ms (cache hit)
439 http cache inherits@https://registry.npmjs.org/inherits/-/inherits-2.0.4.tgz 0ms (cache hit)
440 http cache immutable@https://registry.npmjs.org/immutable/-/immutable-3.7.6.tgz 0ms (cache hit)
441 http cache import-from@https://registry.npmjs.org/import-from/-/import-from-4.0.0.tgz 0ms (cache hit)
442 http cache immer@https://registry.npmjs.org/immer/-/immer-9.0.6.tgz 0ms (cache hit)
443 http cache inflight@https://registry.npmjs.org/inflight/-/inflight-1.0.6.tgz 0ms (cache hit)
444 http cache iconv-lite@https://registry.npmjs.org/iconv-lite/-/iconv-lite-0.7.2.tgz 0ms (cache hit)
445 http cache ieee754@https://registry.npmjs.org/ieee754/-/ieee754-1.2.1.tgz 0ms (cache hit)
446 http cache ignore@https://registry.npmjs.org/ignore/-/ignore-5.3.2.tgz 0ms (cache hit)
447 http cache hjson@https://registry.npmjs.org/hjson/-/hjson-3.2.2.tgz 0ms (cache hit)
448 http cache header-case@https://registry.npmjs.org/header-case/-/header-case-2.0.4.tgz 0ms (cache hit)
449 http cache has-symbols@https://registry.npmjs.org/has-symbols/-/has-symbols-1.1.0.tgz 0ms (cache hit)
450 http cache human-signals@https://registry.npmjs.org/human-signals/-/human-signals-8.0.1.tgz 0ms (cache hit)
451 http cache idb@https://registry.npmjs.org/idb/-/idb-5.0.6.tgz 0ms (cache hit)
452 http cache has-proto@https://registry.npmjs.org/has-proto/-/has-proto-1.2.0.tgz 0ms (cache hit)
453 http cache hasown@https://registry.npmjs.org/hasown/-/hasown-2.0.3.tgz 0ms (cache hit)
454 http cache has-tostringtag@https://registry.npmjs.org/has-tostringtag/-/has-tostringtag-1.0.2.tgz 0ms (cache hit)
455 http cache handlebars@https://registry.npmjs.org/handlebars/-/handlebars-4.7.7.tgz 0ms (cache hit)
456 http cache has-flag@https://registry.npmjs.org/has-flag/-/has-flag-4.0.0.tgz 0ms (cache hit)
457 http cache graphql@https://registry.npmjs.org/graphql/-/graphql-15.10.2.tgz 0ms (cache hit)
458 http cache has-bigints@https://registry.npmjs.org/has-bigints/-/has-bigints-1.1.0.tgz 0ms (cache hit)
459 http cache graphql-transformer-common@https://registry.npmjs.org/graphql-transformer-common/-/graphql-transformer-common-4.34.0.tgz 0ms (cache hit)
460 http cache graphql-tag@https://registry.npmjs.org/graphql-tag/-/graphql-tag-2.12.6.tgz 0ms (cache hit)
461 http cache graphql-mapping-template@https://registry.npmjs.org/graphql-mapping-template/-/graphql-mapping-template-5.0.2.tgz 0ms (cache hit)
462 http cache glob-parent@https://registry.npmjs.org/glob-parent/-/glob-parent-5.1.2.tgz 0ms (cache hit)
463 http cache graceful-fs@https://registry.npmjs.org/graceful-fs/-/graceful-fs-4.2.11.tgz 0ms (cache hit)
464 http cache gopd@https://registry.npmjs.org/gopd/-/gopd-1.2.0.tgz 0ms (cache hit)
465 http cache globalthis@https://registry.npmjs.org/globalthis/-/globalthis-1.0.4.tgz 0ms (cache hit)
466 http cache globby@https://registry.npmjs.org/globby/-/globby-11.1.0.tgz 0ms (cache hit)
467 http cache getopts@https://registry.npmjs.org/getopts/-/getopts-2.3.0.tgz 0ms (cache hit)
468 http cache get-tsconfig@https://registry.npmjs.org/get-tsconfig/-/get-tsconfig-4.14.0.tgz 0ms (cache hit)
469 http cache has-property-descriptors@https://registry.npmjs.org/has-property-descriptors/-/has-property-descriptors-1.0.2.tgz 0ms (cache hit)
470 http cache get-stream@https://registry.npmjs.org/get-stream/-/get-stream-9.0.1.tgz 0ms (cache hit)
471 http cache glob@https://registry.npmjs.org/glob/-/glob-11.1.0.tgz 0ms (cache hit)
472 http cache get-symbol-description@https://registry.npmjs.org/get-symbol-description/-/get-symbol-description-1.1.0.tgz 0ms (cache hit)
473 http cache get-intrinsic@https://registry.npmjs.org/get-intrinsic/-/get-intrinsic-1.3.0.tgz 0ms (cache hit)
474 http cache get-proto@https://registry.npmjs.org/get-proto/-/get-proto-1.0.1.tgz 0ms (cache hit)
475 http cache get-nonce@https://registry.npmjs.org/get-nonce/-/get-nonce-1.0.1.tgz 0ms (cache hit)
476 http cache get-east-asian-width@https://registry.npmjs.org/get-east-asian-width/-/get-east-asian-width-1.5.0.tgz 0ms (cache hit)
477 http cache get-caller-file@https://registry.npmjs.org/get-caller-file/-/get-caller-file-2.0.5.tgz 0ms (cache hit)
478 http cache generator-function@https://registry.npmjs.org/generator-function/-/generator-function-2.0.1.tgz 0ms (cache hit)
479 http cache get-package-type@https://registry.npmjs.org/get-package-type/-/get-package-type-0.1.0.tgz 0ms (cache hit)
480 http cache gensync@https://registry.npmjs.org/gensync/-/gensync-1.0.0-beta.2.tgz 0ms (cache hit)
481 http cache generate-function@https://registry.npmjs.org/generate-function/-/generate-function-2.3.1.tgz 0ms (cache hit)
482 http cache function-bind@https://registry.npmjs.org/function-bind/-/function-bind-1.1.2.tgz 0ms (cache hit)
483 http cache functions-have-names@https://registry.npmjs.org/functions-have-names/-/functions-have-names-1.2.3.tgz 0ms (cache hit)
484 http cache function.prototype.name@https://registry.npmjs.org/function.prototype.name/-/function.prototype.name-1.1.8.tgz 0ms (cache hit)
485 http cache fsevents@https://registry.npmjs.org/fsevents/-/fsevents-2.3.3.tgz 0ms (cache hit)
486 http cache fraction.js@https://registry.npmjs.org/fraction.js/-/fraction.js-5.3.4.tgz 0ms (cache hit)
487 http cache formdata-polyfill@https://registry.npmjs.org/formdata-polyfill/-/formdata-polyfill-4.0.10.tgz 0ms (cache hit)
488 http cache fs.realpath@https://registry.npmjs.org/fs.realpath/-/fs.realpath-1.0.0.tgz 0ms (cache hit)
489 http cache foreground-child@https://registry.npmjs.org/foreground-child/-/foreground-child-3.3.1.tgz 0ms (cache hit)
490 http cache fs-extra@https://registry.npmjs.org/fs-extra/-/fs-extra-8.1.0.tgz 0ms (cache hit)
491 http cache for-each@https://registry.npmjs.org/for-each/-/for-each-0.3.5.tgz 0ms (cache hit)
492 http cache find-up@https://registry.npmjs.org/find-up/-/find-up-4.1.0.tgz 0ms (cache hit)
493 http cache figures@https://registry.npmjs.org/figures/-/figures-6.1.0.tgz 0ms (cache hit)
494 http cache fdir@https://registry.npmjs.org/fdir/-/fdir-6.5.0.tgz 0ms (cache hit)
495 http cache fbjs@https://registry.npmjs.org/fbjs/-/fbjs-3.0.5.tgz 0ms (cache hit)
496 http cache fbjs-css-vars@https://registry.npmjs.org/fbjs-css-vars/-/fbjs-css-vars-1.0.2.tgz 0ms (cache hit)
497 http cache fill-range@https://registry.npmjs.org/fill-range/-/fill-range-7.1.1.tgz 0ms (cache hit)
498 http cache fastq@https://registry.npmjs.org/fastq/-/fastq-1.20.1.tgz 0ms (cache hit)
499 http cache fast-xml-parser@https://registry.npmjs.org/fast-xml-parser/-/fast-xml-parser-5.7.2.tgz 0ms (cache hit)
500 http cache fetch-blob@https://registry.npmjs.org/fetch-blob/-/fetch-blob-3.2.0.tgz 0ms (cache hit)
501 http cache fast-xml-builder@https://registry.npmjs.org/fast-xml-builder/-/fast-xml-builder-1.1.5.tgz 0ms (cache hit)
502 http cache fast-glob@https://registry.npmjs.org/fast-glob/-/fast-glob-3.3.3.tgz 0ms (cache hit)
503 http cache fast-uri@https://registry.npmjs.org/fast-uri/-/fast-uri-3.1.0.tgz 0ms (cache hit)
504 http cache fast-fifo@https://registry.npmjs.org/fast-fifo/-/fast-fifo-1.3.2.tgz 0ms (cache hit)
505 http cache fast-deep-equal@https://registry.npmjs.org/fast-deep-equal/-/fast-deep-equal-3.1.3.tgz 0ms (cache hit)
506 http cache events-universal@https://registry.npmjs.org/events-universal/-/events-universal-1.0.1.tgz 0ms (cache hit)
507 http cache events@https://registry.npmjs.org/events/-/events-3.3.0.tgz 0ms (cache hit)
508 http cache fb-watchman@https://registry.npmjs.org/fb-watchman/-/fb-watchman-2.0.2.tgz 0ms (cache hit)
509 http cache esutils@https://registry.npmjs.org/esutils/-/esutils-2.0.3.tgz 0ms (cache hit)
510 http cache esm@https://registry.npmjs.org/esm/-/esm-3.2.25.tgz 0ms (cache hit)
511 http cache execa@https://registry.npmjs.org/execa/-/execa-9.6.1.tgz 0ms (cache hit)
512 http cache escape-string-regexp@https://registry.npmjs.org/escape-string-regexp/-/escape-string-regexp-1.0.5.tgz 0ms (cache hit)
513 http cache es-to-primitive@https://registry.npmjs.org/es-to-primitive/-/es-to-primitive-1.3.0.tgz 0ms (cache hit)
514 http cache esbuild@https://registry.npmjs.org/esbuild/-/esbuild-0.25.12.tgz 0ms (cache hit)
515 http cache escalade@https://registry.npmjs.org/escalade/-/escalade-3.2.0.tgz 0ms (cache hit)
516 http cache es-shim-unscopables@https://registry.npmjs.org/es-shim-unscopables/-/es-shim-unscopables-1.1.0.tgz 0ms (cache hit)
517 http cache event-target-shim@https://registry.npmjs.org/event-target-shim/-/event-target-shim-5.0.1.tgz 0ms (cache hit)
518 http cache es-set-tostringtag@https://registry.npmjs.org/es-set-tostringtag/-/es-set-tostringtag-2.1.0.tgz 0ms (cache hit)
519 http cache es-define-property@https://registry.npmjs.org/es-define-property/-/es-define-property-1.0.1.tgz 0ms (cache hit)
520 http cache encode-utf8@https://registry.npmjs.org/encode-utf8/-/encode-utf8-1.0.3.tgz 0ms (cache hit)
521 http cache envinfo@https://registry.npmjs.org/envinfo/-/envinfo-7.21.0.tgz 0ms (cache hit)
522 http cache es-abstract@https://registry.npmjs.org/es-abstract/-/es-abstract-1.24.2.tgz 0ms (cache hit)
523 http cache es-errors@https://registry.npmjs.org/es-errors/-/es-errors-1.3.0.tgz 0ms (cache hit)
524 http cache electron-to-chromium@https://registry.npmjs.org/electron-to-chromium/-/electron-to-chromium-1.5.345.tgz 0ms (cache hit)
525 http cache eastasianwidth@https://registry.npmjs.org/eastasianwidth/-/eastasianwidth-0.2.0.tgz 0ms (cache hit)
526 http cache dunder-proto@https://registry.npmjs.org/dunder-proto/-/dunder-proto-1.0.1.tgz 0ms (cache hit)
527 http cache dijkstrajs@https://registry.npmjs.org/dijkstrajs/-/dijkstrajs-1.0.3.tgz 0ms (cache hit)
528 http cache dlv@https://registry.npmjs.org/dlv/-/dlv-1.1.3.tgz 0ms (cache hit)
529 http cache emoji-regex@https://registry.npmjs.org/emoji-regex/-/emoji-regex-8.0.0.tgz 0ms (cache hit)
530 http cache didyoumean@https://registry.npmjs.org/didyoumean/-/didyoumean-1.2.2.tgz 0ms (cache hit)
531 http cache detect-node-es@https://registry.npmjs.org/detect-node-es/-/detect-node-es-1.1.0.tgz 0ms (cache hit)
532 http cache es-object-atoms@https://registry.npmjs.org/es-object-atoms/-/es-object-atoms-1.1.1.tgz 0ms (cache hit)
533 http cache detect-libc@https://registry.npmjs.org/detect-libc/-/detect-libc-2.1.2.tgz 0ms (cache hit)
534 http cache detect-indent@https://registry.npmjs.org/detect-indent/-/detect-indent-4.0.0.tgz 0ms (cache hit)
535 http cache diff@https://registry.npmjs.org/diff/-/diff-8.0.4.tgz 0ms (cache hit)
536 http cache define-properties@https://registry.npmjs.org/define-properties/-/define-properties-1.2.1.tgz 0ms (cache hit)
537 http cache denque@https://registry.npmjs.org/denque/-/denque-2.1.0.tgz 0ms (cache hit)
538 http cache dependency-graph@https://registry.npmjs.org/dependency-graph/-/dependency-graph-0.11.0.tgz 0ms (cache hit)
539 http cache define-data-property@https://registry.npmjs.org/define-data-property/-/define-data-property-1.1.4.tgz 0ms (cache hit)
540 http cache define-lazy-prop@https://registry.npmjs.org/define-lazy-prop/-/define-lazy-prop-3.0.0.tgz 0ms (cache hit)
541 http cache dir-glob@https://registry.npmjs.org/dir-glob/-/dir-glob-3.0.1.tgz 0ms (cache hit)
542 http cache decamelize@https://registry.npmjs.org/decamelize/-/decamelize-1.2.0.tgz 0ms (cache hit)
543 http cache debug@https://registry.npmjs.org/debug/-/debug-4.4.3.tgz 0ms (cache hit)
544 http cache default-browser@https://registry.npmjs.org/default-browser/-/default-browser-5.5.0.tgz 0ms (cache hit)
545 http cache debounce-promise@https://registry.npmjs.org/debounce-promise/-/debounce-promise-3.1.2.tgz 0ms (cache hit)
546 http cache default-browser-id@https://registry.npmjs.org/default-browser-id/-/default-browser-id-5.0.1.tgz 0ms (cache hit)
547 http cache data-view-byte-length@https://registry.npmjs.org/data-view-byte-length/-/data-view-byte-length-1.0.2.tgz 0ms (cache hit)
548 http cache defaults@https://registry.npmjs.org/defaults/-/defaults-1.0.4.tgz 0ms (cache hit)
549 http cache dot-case@https://registry.npmjs.org/dot-case/-/dot-case-3.0.4.tgz 0ms (cache hit)
550 http cache data-uri-to-buffer@https://registry.npmjs.org/data-uri-to-buffer/-/data-uri-to-buffer-4.0.1.tgz 0ms (cache hit)
551 http cache csstype@https://registry.npmjs.org/csstype/-/csstype-3.2.3.tgz 0ms (cache hit)
552 http cache csv-parse@https://registry.npmjs.org/csv-parse/-/csv-parse-5.6.0.tgz 0ms (cache hit)
553 http cache cssesc@https://registry.npmjs.org/cssesc/-/cssesc-3.0.0.tgz 0ms (cache hit)
554 http cache cross-spawn@https://registry.npmjs.org/cross-spawn/-/cross-spawn-7.0.6.tgz 0ms (cache hit)
555 http cache crypt@https://registry.npmjs.org/crypt/-/crypt-0.0.2.tgz 0ms (cache hit)
556 http cache data-view-buffer@https://registry.npmjs.org/data-view-buffer/-/data-view-buffer-1.0.2.tgz 0ms (cache hit)
557 http cache crc-32@https://registry.npmjs.org/crc-32/-/crc-32-1.2.2.tgz 0ms (cache hit)
558 http cache crc32-stream@https://registry.npmjs.org/crc32-stream/-/crc32-stream-6.0.0.tgz 0ms (cache hit)
559 http cache cross-fetch@https://registry.npmjs.org/cross-fetch/-/cross-fetch-3.2.0.tgz 0ms (cache hit)
560 http cache core-util-is@https://registry.npmjs.org/core-util-is/-/core-util-is-1.0.3.tgz 0ms (cache hit)
561 http cache constructs@https://registry.npmjs.org/constructs/-/constructs-10.6.0.tgz 0ms (cache hit)
562 http cache convert-source-map@https://registry.npmjs.org/convert-source-map/-/convert-source-map-2.0.0.tgz 0ms (cache hit)
563 http cache core-js@https://registry.npmjs.org/core-js/-/core-js-3.49.0.tgz 0ms (cache hit)
564 http cache constant-case@https://registry.npmjs.org/constant-case/-/constant-case-3.0.4.tgz 0ms (cache hit)
565 http cache commander@https://registry.npmjs.org/commander/-/commander-9.5.0.tgz 0ms (cache hit)
566 http cache cross-inspect@https://registry.npmjs.org/cross-inspect/-/cross-inspect-1.0.1.tgz 0ms (cache hit)
567 http cache compress-commons@https://registry.npmjs.org/compress-commons/-/compress-commons-6.0.2.tgz 0ms (cache hit)
568 http cache colorette@https://registry.npmjs.org/colorette/-/colorette-2.0.19.tgz 0ms (cache hit)
569 http cache color-name@https://registry.npmjs.org/color-name/-/color-name-1.1.4.tgz 0ms (cache hit)
570 http cache color-convert@https://registry.npmjs.org/color-convert/-/color-convert-2.0.1.tgz 0ms (cache hit)
571 http cache cli-width@https://registry.npmjs.org/cli-width/-/cli-width-4.1.0.tgz 0ms (cache hit)
572 http cache clone@https://registry.npmjs.org/clone/-/clone-1.0.4.tgz 0ms (cache hit)
573 http cache cli-spinners@https://registry.npmjs.org/cli-spinners/-/cli-spinners-2.9.2.tgz 0ms (cache hit)
574 http cache cli-cursor@https://registry.npmjs.org/cli-cursor/-/cli-cursor-5.0.0.tgz 0ms (cache hit)
575 http cache concat-map@https://registry.npmjs.org/concat-map/-/concat-map-0.0.1.tgz 0ms (cache hit)
576 http cache ci-info@https://registry.npmjs.org/ci-info/-/ci-info-4.4.0.tgz 0ms (cache hit)
577 http cache cliui@https://registry.npmjs.org/cliui/-/cliui-8.0.1.tgz 0ms (cache hit)
578 http cache chokidar@https://registry.npmjs.org/chokidar/-/chokidar-4.0.3.tgz 0ms (cache hit)
579 http cache charenc@https://registry.npmjs.org/charenc/-/charenc-0.0.2.tgz 0ms (cache hit)
580 http cache change-case-all@https://registry.npmjs.org/change-case-all/-/change-case-all-1.0.15.tgz 0ms (cache hit)
581 http cache common-tags@https://registry.npmjs.org/common-tags/-/common-tags-1.8.2.tgz 0ms (cache hit)
582 http cache chardet@https://registry.npmjs.org/chardet/-/chardet-2.1.1.tgz 0ms (cache hit)
583 http cache chalk@https://registry.npmjs.org/chalk/-/chalk-3.0.0.tgz 0ms (cache hit)
584 http cache change-case@https://registry.npmjs.org/change-case/-/change-case-4.1.2.tgz 0ms (cache hit)
585 http cache camelcase@https://registry.npmjs.org/camelcase/-/camelcase-5.3.1.tgz 0ms (cache hit)
586 http cache camelcase-css@https://registry.npmjs.org/camelcase-css/-/camelcase-css-2.0.1.tgz 0ms (cache hit)
587 http cache camel-case@https://registry.npmjs.org/camel-case/-/camel-case-4.1.1.tgz 0ms (cache hit)
588 http cache cdk-from-cfn@https://registry.npmjs.org/cdk-from-cfn/-/cdk-from-cfn-0.263.0.tgz 0ms (cache hit)
589 http cache caniuse-lite@https://registry.npmjs.org/caniuse-lite/-/caniuse-lite-1.0.30001791.tgz 0ms (cache hit)
590 http cache capital-case@https://registry.npmjs.org/capital-case/-/capital-case-1.0.4.tgz 0ms (cache hit)
591 http cache bundle-name@https://registry.npmjs.org/bundle-name/-/bundle-name-4.1.0.tgz 0ms (cache hit)
592 http cache data-view-byte-offset@https://registry.npmjs.org/data-view-byte-offset/-/data-view-byte-offset-1.0.1.tgz 0ms (cache hit)
593 http cache buffer-from@https://registry.npmjs.org/buffer-from/-/buffer-from-1.1.2.tgz 0ms (cache hit)
594 http cache buffer-crc32@https://registry.npmjs.org/buffer-crc32/-/buffer-crc32-1.0.0.tgz 0ms (cache hit)
595 http cache bser@https://registry.npmjs.org/bser/-/bser-2.1.1.tgz 0ms (cache hit)
596 http cache buffer@https://registry.npmjs.org/buffer/-/buffer-5.6.0.tgz 0ms (cache hit)
597 http cache browserslist@https://registry.npmjs.org/browserslist/-/browserslist-4.28.2.tgz 0ms (cache hit)
598 http cache call-bind@https://registry.npmjs.org/call-bind/-/call-bind-1.0.9.tgz 0ms (cache hit)
599 http cache call-bound@https://registry.npmjs.org/call-bound/-/call-bound-1.0.4.tgz 0ms (cache hit)
600 http cache braces@https://registry.npmjs.org/braces/-/braces-3.0.3.tgz 0ms (cache hit)
601 http cache call-bind-apply-helpers@https://registry.npmjs.org/call-bind-apply-helpers/-/call-bind-apply-helpers-1.0.2.tgz 0ms (cache hit)
602 http cache baseline-browser-mapping@https://registry.npmjs.org/baseline-browser-mapping/-/baseline-browser-mapping-2.10.24.tgz 0ms (cache hit)
603 http cache bowser@https://registry.npmjs.org/bowser/-/bowser-2.14.1.tgz 0ms (cache hit)
604 http cache binary-extensions@https://registry.npmjs.org/binary-extensions/-/binary-extensions-2.3.0.tgz 0ms (cache hit)
605 http cache brace-expansion@https://registry.npmjs.org/brace-expansion/-/brace-expansion-2.1.0.tgz 0ms (cache hit)
606 http cache base64-js@https://registry.npmjs.org/base64-js/-/base64-js-1.5.1.tgz 0ms (cache hit)
607 http cache bare-stream@https://registry.npmjs.org/bare-stream/-/bare-stream-2.13.1.tgz 0ms (cache hit)
608 http cache bare-url@https://registry.npmjs.org/bare-url/-/bare-url-2.4.2.tgz 0ms (cache hit)
609 http cache bare-path@https://registry.npmjs.org/bare-path/-/bare-path-3.0.0.tgz 0ms (cache hit)
610 http cache balanced-match@https://registry.npmjs.org/balanced-match/-/balanced-match-1.0.2.tgz 0ms (cache hit)
611 http cache bare-os@https://registry.npmjs.org/bare-os/-/bare-os-3.9.0.tgz 0ms (cache hit)
612 http cache bare-events@https://registry.npmjs.org/bare-events/-/bare-events-2.8.2.tgz 0ms (cache hit)
613 http cache babel-runtime@https://registry.npmjs.org/babel-runtime/-/babel-runtime-6.26.0.tgz 0ms (cache hit)
614 http cache bare-fs@https://registry.npmjs.org/bare-fs/-/bare-fs-4.7.1.tgz 0ms (cache hit)
615 http cache babel-messages@https://registry.npmjs.org/babel-messages/-/babel-messages-6.23.0.tgz 0ms (cache hit)
616 http cache babel-preset-fbjs@https://registry.npmjs.org/babel-preset-fbjs/-/babel-preset-fbjs-3.4.0.tgz 0ms (cache hit)
617 http cache aws-amplify@https://registry.npmjs.org/aws-amplify/-/aws-amplify-6.16.4.tgz 0ms (cache hit)
618 http cache babel-types@https://registry.npmjs.org/babel-types/-/babel-types-6.26.0.tgz 0ms (cache hit)
619 http cache babel-plugin-syntax-trailing-function-commas@https://registry.npmjs.org/babel-plugin-syntax-trailing-function-commas/-/babel-plugin-syntax-trailing-function-commas-7.0.0-beta.0.tgz 0ms (cache hit)
620 http cache babel-generator@https://registry.npmjs.org/babel-generator/-/babel-generator-6.26.1.tgz 0ms (cache hit)
621 http cache auto-bind@https://registry.npmjs.org/auto-bind/-/auto-bind-4.0.0.tgz 0ms (cache hit)
622 http cache at-least-node@https://registry.npmjs.org/at-least-node/-/at-least-node-1.0.0.tgz 0ms (cache hit)
623 http cache autoprefixer@https://registry.npmjs.org/autoprefixer/-/autoprefixer-10.5.0.tgz 0ms (cache hit)
624 http cache async@https://registry.npmjs.org/async/-/async-3.2.6.tgz 0ms (cache hit)
625 http cache asap@https://registry.npmjs.org/asap/-/asap-2.0.6.tgz 0ms (cache hit)
626 http cache array.prototype.flatmap@https://registry.npmjs.org/array.prototype.flatmap/-/array.prototype.flatmap-1.3.3.tgz 0ms (cache hit)
627 http cache array-buffer-byte-length@https://registry.npmjs.org/array-buffer-byte-length/-/array-buffer-byte-length-1.0.2.tgz 0ms (cache hit)
628 http cache async-function@https://registry.npmjs.org/async-function/-/async-function-1.0.0.tgz 0ms (cache hit)
629 http cache astral-regex@https://registry.npmjs.org/astral-regex/-/astral-regex-2.0.0.tgz 0ms (cache hit)
630 http cache available-typed-arrays@https://registry.npmjs.org/available-typed-arrays/-/available-typed-arrays-1.0.7.tgz 0ms (cache hit)
631 http cache arraybuffer.prototype.slice@https://registry.npmjs.org/arraybuffer.prototype.slice/-/arraybuffer.prototype.slice-1.0.4.tgz 0ms (cache hit)
632 http cache archiver-utils@https://registry.npmjs.org/archiver-utils/-/archiver-utils-5.0.2.tgz 0ms (cache hit)
633 http cache array-union@https://registry.npmjs.org/array-union/-/array-union-2.1.0.tgz 0ms (cache hit)
634 http cache aria-hidden@https://registry.npmjs.org/aria-hidden/-/aria-hidden-1.2.6.tgz 0ms (cache hit)
635 http cache archiver@https://registry.npmjs.org/archiver/-/archiver-7.0.1.tgz 0ms (cache hit)
636 http cache anymatch@https://registry.npmjs.org/anymatch/-/anymatch-3.1.3.tgz 0ms (cache hit)
637 http cache any-promise@https://registry.npmjs.org/any-promise/-/any-promise-1.3.0.tgz 0ms (cache hit)
638 http cache arg@https://registry.npmjs.org/arg/-/arg-5.0.2.tgz 0ms (cache hit)
639 http cache abort-controller@https://registry.npmjs.org/abort-controller/-/abort-controller-3.0.0.tgz 0ms (cache hit)
640 http cache ansi-regex@https://registry.npmjs.org/ansi-regex/-/ansi-regex-6.2.2.tgz 0ms (cache hit)
641 http cache ansi-styles@https://registry.npmjs.org/ansi-styles/-/ansi-styles-4.3.0.tgz 0ms (cache hit)
642 http cache ajv@https://registry.npmjs.org/ajv/-/ajv-8.20.0.tgz 0ms (cache hit)
643 http cache @whatwg-node/fetch@https://registry.npmjs.org/@whatwg-node/fetch/-/fetch-0.10.13.tgz 0ms (cache hit)
644 http cache @vitejs/plugin-react@https://registry.npmjs.org/@vitejs/plugin-react/-/plugin-react-4.7.0.tgz 0ms (cache hit)
645 http cache @whatwg-node/disposablestack@https://registry.npmjs.org/@whatwg-node/disposablestack/-/disposablestack-0.0.6.tgz 0ms (cache hit)
646 http cache @xstate/react@https://registry.npmjs.org/@xstate/react/-/react-3.2.2.tgz 0ms (cache hit)
647 http cache @typescript/vfs@https://registry.npmjs.org/@typescript/vfs/-/vfs-1.3.6.tgz 0ms (cache hit)
648 http cache @types/uuid@https://registry.npmjs.org/@types/uuid/-/uuid-9.0.8.tgz 0ms (cache hit)
649 http cache @types/react-dom@https://registry.npmjs.org/@types/react-dom/-/react-dom-18.3.7.tgz 0ms (cache hit)
650 http cache @types/react@https://registry.npmjs.org/@types/react/-/react-18.3.28.tgz 0ms (cache hit)
651 http cache @whatwg-node/promise-helpers@https://registry.npmjs.org/@whatwg-node/promise-helpers/-/promise-helpers-1.3.2.tgz 0ms (cache hit)
652 http cache @whatwg-node/node-fetch@https://registry.npmjs.org/@whatwg-node/node-fetch/-/node-fetch-0.8.5.tgz 0ms (cache hit)
653 http cache @types/estree@https://registry.npmjs.org/@types/estree/-/estree-1.0.8.tgz 0ms (cache hit)
654 http cache @types/json-schema@https://registry.npmjs.org/@types/json-schema/-/json-schema-7.0.15.tgz 0ms (cache hit)
655 http cache @types/babel__traverse@https://registry.npmjs.org/@types/babel__traverse/-/babel__traverse-7.28.0.tgz 0ms (cache hit)
656 http cache @types/prop-types@https://registry.npmjs.org/@types/prop-types/-/prop-types-15.7.15.tgz 0ms (cache hit)
657 http cache @types/babel__generator@https://registry.npmjs.org/@types/babel__generator/-/babel__generator-7.27.0.tgz 0ms (cache hit)
658 http cache @types/lodash@https://registry.npmjs.org/@types/lodash/-/lodash-4.17.24.tgz 0ms (cache hit)
659 http cache @types/babel__template@https://registry.npmjs.org/@types/babel__template/-/babel__template-7.4.4.tgz 0ms (cache hit)
660 http cache @types/babel__core@https://registry.npmjs.org/@types/babel__core/-/babel__core-7.20.5.tgz 0ms (cache hit)
661 http cache @smithy/util-waiter@https://registry.npmjs.org/@smithy/util-waiter/-/util-waiter-4.3.0.tgz 0ms (cache hit)
662 http cache @smithy/util-utf8@https://registry.npmjs.org/@smithy/util-utf8/-/util-utf8-2.3.0.tgz 0ms (cache hit)
663 http cache @smithy/util-hex-encoding@https://registry.npmjs.org/@smithy/util-hex-encoding/-/util-hex-encoding-2.0.0.tgz 0ms (cache hit)
664 http cache @smithy/util-retry@https://registry.npmjs.org/@smithy/util-retry/-/util-retry-4.3.6.tgz 0ms (cache hit)
665 http cache @smithy/uuid@https://registry.npmjs.org/@smithy/uuid/-/uuid-1.1.2.tgz 0ms (cache hit)
666 http cache @smithy/util-endpoints@https://registry.npmjs.org/@smithy/util-endpoints/-/util-endpoints-3.4.2.tgz 0ms (cache hit)
667 http cache @smithy/util-stream@https://registry.npmjs.org/@smithy/util-stream/-/util-stream-4.5.25.tgz 0ms (cache hit)
668 http cache @smithy/util-middleware@https://registry.npmjs.org/@smithy/util-middleware/-/util-middleware-4.2.14.tgz 0ms (cache hit)
669 http cache @types/aws-lambda@https://registry.npmjs.org/@types/aws-lambda/-/aws-lambda-8.10.161.tgz 0ms (cache hit)
670 http cache @smithy/util-uri-escape@https://registry.npmjs.org/@smithy/util-uri-escape/-/util-uri-escape-4.2.2.tgz 0ms (cache hit)
671 http cache @smithy/util-defaults-mode-browser@https://registry.npmjs.org/@smithy/util-defaults-mode-browser/-/util-defaults-mode-browser-4.3.49.tgz 0ms (cache hit)
672 http cache @smithy/util-buffer-from@https://registry.npmjs.org/@smithy/util-buffer-from/-/util-buffer-from-4.2.2.tgz 0ms (cache hit)
673 http cache @smithy/util-body-length-node@https://registry.npmjs.org/@smithy/util-body-length-node/-/util-body-length-node-4.2.3.tgz 0ms (cache hit)
674 http cache @smithy/util-config-provider@https://registry.npmjs.org/@smithy/util-config-provider/-/util-config-provider-4.2.2.tgz 0ms (cache hit)
675 http cache @smithy/util-base64@https://registry.npmjs.org/@smithy/util-base64/-/util-base64-3.0.0.tgz 0ms (cache hit)
676 http cache @smithy/util-defaults-mode-node@https://registry.npmjs.org/@smithy/util-defaults-mode-node/-/util-defaults-mode-node-4.2.54.tgz 0ms (cache hit)
677 http cache @smithy/signature-v4@https://registry.npmjs.org/@smithy/signature-v4/-/signature-v4-5.3.14.tgz 0ms (cache hit)
678 http cache @smithy/util-body-length-browser@https://registry.npmjs.org/@smithy/util-body-length-browser/-/util-body-length-browser-4.2.2.tgz 0ms (cache hit)
679 http cache @smithy/smithy-client@https://registry.npmjs.org/@smithy/smithy-client/-/smithy-client-4.12.13.tgz 0ms (cache hit)
680 http cache @smithy/url-parser@https://registry.npmjs.org/@smithy/url-parser/-/url-parser-4.2.14.tgz 0ms (cache hit)
681 http cache @smithy/querystring-parser@https://registry.npmjs.org/@smithy/querystring-parser/-/querystring-parser-4.2.14.tgz 0ms (cache hit)
682 http cache @smithy/shared-ini-file-loader@https://registry.npmjs.org/@smithy/shared-ini-file-loader/-/shared-ini-file-loader-4.4.9.tgz 0ms (cache hit)
683 http cache @smithy/types@https://registry.npmjs.org/@smithy/types/-/types-4.14.1.tgz 0ms (cache hit)
684 http cache @smithy/protocol-http@https://registry.npmjs.org/@smithy/protocol-http/-/protocol-http-5.3.14.tgz 0ms (cache hit)
685 http cache @smithy/querystring-builder@https://registry.npmjs.org/@smithy/querystring-builder/-/querystring-builder-4.2.14.tgz 0ms (cache hit)
686 http cache @smithy/node-config-provider@https://registry.npmjs.org/@smithy/node-config-provider/-/node-config-provider-4.3.14.tgz 0ms (cache hit)
687 http cache @smithy/middleware-stack@https://registry.npmjs.org/@smithy/middleware-stack/-/middleware-stack-4.2.14.tgz 0ms (cache hit)
688 http cache @smithy/service-error-classification@https://registry.npmjs.org/@smithy/service-error-classification/-/service-error-classification-4.3.1.tgz 0ms (cache hit)
689 http cache @smithy/node-http-handler@https://registry.npmjs.org/@smithy/node-http-handler/-/node-http-handler-4.6.1.tgz 0ms (cache hit)
690 http cache @smithy/property-provider@https://registry.npmjs.org/@smithy/property-provider/-/property-provider-4.2.14.tgz 0ms (cache hit)
691 http cache @smithy/middleware-content-length@https://registry.npmjs.org/@smithy/middleware-content-length/-/middleware-content-length-4.2.14.tgz 0ms (cache hit)
692 http cache @smithy/middleware-endpoint@https://registry.npmjs.org/@smithy/middleware-endpoint/-/middleware-endpoint-4.4.32.tgz 0ms (cache hit)
693 http cache @smithy/middleware-serde@https://registry.npmjs.org/@smithy/middleware-serde/-/middleware-serde-4.2.20.tgz 0ms (cache hit)
694 http cache @smithy/md5-js@https://registry.npmjs.org/@smithy/md5-js/-/md5-js-4.2.14.tgz 0ms (cache hit)
695 http cache @smithy/is-array-buffer@https://registry.npmjs.org/@smithy/is-array-buffer/-/is-array-buffer-4.2.2.tgz 0ms (cache hit)
696 http cache @smithy/hash-stream-node@https://registry.npmjs.org/@smithy/hash-stream-node/-/hash-stream-node-4.2.14.tgz 0ms (cache hit)
697 http cache @smithy/invalid-dependency@https://registry.npmjs.org/@smithy/invalid-dependency/-/invalid-dependency-4.2.14.tgz 0ms (cache hit)
698 http cache @smithy/hash-blob-browser@https://registry.npmjs.org/@smithy/hash-blob-browser/-/hash-blob-browser-4.2.15.tgz 0ms (cache hit)
699 http cache @smithy/hash-node@https://registry.npmjs.org/@smithy/hash-node/-/hash-node-4.2.14.tgz 0ms (cache hit)
700 http cache @smithy/eventstream-serde-universal@https://registry.npmjs.org/@smithy/eventstream-serde-universal/-/eventstream-serde-universal-4.2.14.tgz 0ms (cache hit)
701 http cache @smithy/fetch-http-handler@https://registry.npmjs.org/@smithy/fetch-http-handler/-/fetch-http-handler-5.3.17.tgz 0ms (cache hit)
702 http cache @smithy/eventstream-codec@https://registry.npmjs.org/@smithy/eventstream-codec/-/eventstream-codec-4.2.14.tgz 0ms (cache hit)
703 http cache @smithy/eventstream-serde-config-resolver@https://registry.npmjs.org/@smithy/eventstream-serde-config-resolver/-/eventstream-serde-config-resolver-4.3.14.tgz 0ms (cache hit)
704 http cache @smithy/core@https://registry.npmjs.org/@smithy/core/-/core-3.23.17.tgz 0ms (cache hit)
705 http cache @smithy/eventstream-serde-node@https://registry.npmjs.org/@smithy/eventstream-serde-node/-/eventstream-serde-node-4.2.14.tgz 0ms (cache hit)
706 http cache @smithy/config-resolver@https://registry.npmjs.org/@smithy/config-resolver/-/config-resolver-4.4.17.tgz 0ms (cache hit)
707 http cache @smithy/eventstream-serde-browser@https://registry.npmjs.org/@smithy/eventstream-serde-browser/-/eventstream-serde-browser-4.2.14.tgz 0ms (cache hit)
708 http cache @smithy/credential-provider-imds@https://registry.npmjs.org/@smithy/credential-provider-imds/-/credential-provider-imds-4.2.14.tgz 0ms (cache hit)
709 http cache @smithy/middleware-retry@https://registry.npmjs.org/@smithy/middleware-retry/-/middleware-retry-4.5.7.tgz 0ms (cache hit)
710 http cache @sindresorhus/merge-streams@https://registry.npmjs.org/@sindresorhus/merge-streams/-/merge-streams-4.0.0.tgz 0ms (cache hit)
711 http cache @smithy/chunked-blob-reader@https://registry.npmjs.org/@smithy/chunked-blob-reader/-/chunked-blob-reader-5.2.2.tgz 0ms (cache hit)
712 http cache @sec-ant/readable-stream@https://registry.npmjs.org/@sec-ant/readable-stream/-/readable-stream-0.4.1.tgz 0ms (cache hit)
713 http cache @smithy/chunked-blob-reader-native@https://registry.npmjs.org/@smithy/chunked-blob-reader-native/-/chunked-blob-reader-native-4.2.3.tgz 0ms (cache hit)
714 http cache @rolldown/pluginutils@https://registry.npmjs.org/@rolldown/pluginutils/-/pluginutils-1.0.0-beta.27.tgz 0ms (cache hit)
715 http cache @rollup/rollup-darwin-arm64@https://registry.npmjs.org/@rollup/rollup-darwin-arm64/-/rollup-darwin-arm64-4.60.2.tgz 0ms (cache hit)
716 http cache @radix-ui/rect@https://registry.npmjs.org/@radix-ui/rect/-/rect-1.1.1.tgz 0ms (cache hit)
717 http cache @radix-ui/react-use-previous@https://registry.npmjs.org/@radix-ui/react-use-previous/-/react-use-previous-1.1.1.tgz 0ms (cache hit)
718 http cache @radix-ui/react-use-size@https://registry.npmjs.org/@radix-ui/react-use-size/-/react-use-size-1.1.1.tgz 0ms (cache hit)
719 http cache @radix-ui/react-use-layout-effect@https://registry.npmjs.org/@radix-ui/react-use-layout-effect/-/react-use-layout-effect-1.1.1.tgz 0ms (cache hit)
720 http cache @remix-run/router@https://registry.npmjs.org/@remix-run/router/-/router-1.23.2.tgz 0ms (cache hit)
721 http cache @radix-ui/react-use-rect@https://registry.npmjs.org/@radix-ui/react-use-rect/-/react-use-rect-1.1.1.tgz 0ms (cache hit)
722 http cache @radix-ui/react-use-escape-keydown@https://registry.npmjs.org/@radix-ui/react-use-escape-keydown/-/react-use-escape-keydown-1.1.1.tgz 0ms (cache hit)
723 http cache @radix-ui/react-use-effect-event@https://registry.npmjs.org/@radix-ui/react-use-effect-event/-/react-use-effect-event-0.0.2.tgz 0ms (cache hit)
724 http cache @radix-ui/react-use-controllable-state@https://registry.npmjs.org/@radix-ui/react-use-controllable-state/-/react-use-controllable-state-1.2.2.tgz 0ms (cache hit)
725 http cache @radix-ui/react-use-callback-ref@https://registry.npmjs.org/@radix-ui/react-use-callback-ref/-/react-use-callback-ref-1.1.1.tgz 0ms (cache hit)
726 http cache @radix-ui/react-roving-focus@https://registry.npmjs.org/@radix-ui/react-roving-focus/-/react-roving-focus-1.1.11.tgz 0ms (cache hit)
727 http cache @radix-ui/react-slider@https://registry.npmjs.org/@radix-ui/react-slider/-/react-slider-1.3.6.tgz 0ms (cache hit)
728 http cache @radix-ui/react-slot@https://registry.npmjs.org/@radix-ui/react-slot/-/react-slot-1.2.3.tgz 0ms (cache hit)
729 http cache @radix-ui/react-presence@https://registry.npmjs.org/@radix-ui/react-presence/-/react-presence-1.1.5.tgz 0ms (cache hit)
730 http cache @radix-ui/react-popper@https://registry.npmjs.org/@radix-ui/react-popper/-/react-popper-1.2.8.tgz 0ms (cache hit)
731 http cache @radix-ui/react-id@https://registry.npmjs.org/@radix-ui/react-id/-/react-id-1.1.1.tgz 0ms (cache hit)
732 http cache @radix-ui/react-portal@https://registry.npmjs.org/@radix-ui/react-portal/-/react-portal-1.1.9.tgz 0ms (cache hit)
733 http cache @radix-ui/react-menu@https://registry.npmjs.org/@radix-ui/react-menu/-/react-menu-2.1.16.tgz 0ms (cache hit)
734 http cache @radix-ui/react-primitive@https://registry.npmjs.org/@radix-ui/react-primitive/-/react-primitive-2.1.3.tgz 0ms (cache hit)
735 http cache @radix-ui/react-focus-guards@https://registry.npmjs.org/@radix-ui/react-focus-guards/-/react-focus-guards-1.1.3.tgz 0ms (cache hit)
736 http cache @radix-ui/react-focus-scope@https://registry.npmjs.org/@radix-ui/react-focus-scope/-/react-focus-scope-1.1.7.tgz 0ms (cache hit)
737 http cache @radix-ui/react-dropdown-menu@https://registry.npmjs.org/@radix-ui/react-dropdown-menu/-/react-dropdown-menu-2.1.16.tgz 0ms (cache hit)
738 http cache @radix-ui/react-dismissable-layer@https://registry.npmjs.org/@radix-ui/react-dismissable-layer/-/react-dismissable-layer-1.1.11.tgz 0ms (cache hit)
739 http cache @radix-ui/react-context@https://registry.npmjs.org/@radix-ui/react-context/-/react-context-1.1.2.tgz 0ms (cache hit)
740 http cache @radix-ui/react-collection@https://registry.npmjs.org/@radix-ui/react-collection/-/react-collection-1.1.7.tgz 0ms (cache hit)
741 http cache @radix-ui/react-compose-refs@https://registry.npmjs.org/@radix-ui/react-compose-refs/-/react-compose-refs-1.1.2.tgz 0ms (cache hit)
742 http cache @radix-ui/number@https://registry.npmjs.org/@radix-ui/number/-/number-1.1.1.tgz 0ms (cache hit)
743 http cache @pkgjs/parseargs@https://registry.npmjs.org/@pkgjs/parseargs/-/parseargs-0.11.0.tgz 0ms (cache hit)
744 http cache @radix-ui/react-direction@https://registry.npmjs.org/@radix-ui/react-direction/-/react-direction-1.1.1.tgz 0ms (cache hit)
745 http cache @parcel/watcher-darwin-arm64@https://registry.npmjs.org/@parcel/watcher-darwin-arm64/-/watcher-darwin-arm64-2.5.6.tgz 0ms (cache hit)
746 http cache @radix-ui/primitive@https://registry.npmjs.org/@radix-ui/primitive/-/primitive-1.1.3.tgz 0ms (cache hit)
747 http cache @parcel/watcher@https://registry.npmjs.org/@parcel/watcher/-/watcher-2.5.6.tgz 0ms (cache hit)
748 http cache @opentelemetry/core@https://registry.npmjs.org/@opentelemetry/core/-/core-2.7.1.tgz 0ms (cache hit)
749 http cache @opentelemetry/resources@https://registry.npmjs.org/@opentelemetry/resources/-/resources-2.7.1.tgz 0ms (cache hit)
750 http cache @opentelemetry/semantic-conventions@https://registry.npmjs.org/@opentelemetry/semantic-conventions/-/semantic-conventions-1.40.0.tgz 0ms (cache hit)
751 http cache @radix-ui/react-arrow@https://registry.npmjs.org/@radix-ui/react-arrow/-/react-arrow-1.1.7.tgz 0ms (cache hit)
752 http cache @opentelemetry/api@https://registry.npmjs.org/@opentelemetry/api/-/api-1.9.1.tgz 0ms (cache hit)
753 http cache @opentelemetry/context-async-hooks@https://registry.npmjs.org/@opentelemetry/context-async-hooks/-/context-async-hooks-2.7.1.tgz 0ms (cache hit)
754 http cache @opentelemetry/sdk-trace-base@https://registry.npmjs.org/@opentelemetry/sdk-trace-base/-/sdk-trace-base-2.7.1.tgz 0ms (cache hit)
755 http cache @nodelib/fs.walk@https://registry.npmjs.org/@nodelib/fs.walk/-/fs.walk-1.2.8.tgz 0ms (cache hit)
756 http cache @jridgewell/trace-mapping@https://registry.npmjs.org/@jridgewell/trace-mapping/-/trace-mapping-0.3.31.tgz 0ms (cache hit)
757 http cache @nodelib/fs.scandir@https://registry.npmjs.org/@nodelib/fs.scandir/-/fs.scandir-2.1.5.tgz 0ms (cache hit)
758 http cache @nodelib/fs.stat@https://registry.npmjs.org/@nodelib/fs.stat/-/fs.stat-2.0.5.tgz 0ms (cache hit)
759 http cache @nodable/entities@https://registry.npmjs.org/@nodable/entities/-/entities-2.1.0.tgz 0ms (cache hit)
760 http cache @jridgewell/resolve-uri@https://registry.npmjs.org/@jridgewell/resolve-uri/-/resolve-uri-3.1.2.tgz 0ms (cache hit)
761 http cache @jridgewell/remapping@https://registry.npmjs.org/@jridgewell/remapping/-/remapping-2.3.5.tgz 0ms (cache hit)
762 http cache @jridgewell/gen-mapping@https://registry.npmjs.org/@jridgewell/gen-mapping/-/gen-mapping-0.3.13.tgz 0ms (cache hit)
763 http cache @jridgewell/sourcemap-codec@https://registry.npmjs.org/@jridgewell/sourcemap-codec/-/sourcemap-codec-1.5.5.tgz 0ms (cache hit)
764 http cache @inquirer/search@https://registry.npmjs.org/@inquirer/search/-/search-3.2.2.tgz 0ms (cache hit)
765 http cache @inquirer/rawlist@https://registry.npmjs.org/@inquirer/rawlist/-/rawlist-4.1.11.tgz 0ms (cache hit)
766 http cache @inquirer/select@https://registry.npmjs.org/@inquirer/select/-/select-4.4.2.tgz 0ms (cache hit)
767 http cache @isaacs/cliui@https://registry.npmjs.org/@isaacs/cliui/-/cliui-9.0.0.tgz 0ms (cache hit)
768 http cache @inquirer/password@https://registry.npmjs.org/@inquirer/password/-/password-4.0.23.tgz 0ms (cache hit)
769 http cache @inquirer/input@https://registry.npmjs.org/@inquirer/input/-/input-4.3.1.tgz 0ms (cache hit)
770 http cache @inquirer/figures@https://registry.npmjs.org/@inquirer/figures/-/figures-1.0.15.tgz 0ms (cache hit)
771 http cache @inquirer/number@https://registry.npmjs.org/@inquirer/number/-/number-3.0.23.tgz 0ms (cache hit)
772 http cache @inquirer/prompts@https://registry.npmjs.org/@inquirer/prompts/-/prompts-7.10.1.tgz 0ms (cache hit)
773 http cache @inquirer/confirm@https://registry.npmjs.org/@inquirer/confirm/-/confirm-5.1.21.tgz 0ms (cache hit)
774 http cache @inquirer/expand@https://registry.npmjs.org/@inquirer/expand/-/expand-4.0.23.tgz 0ms (cache hit)
775 http cache @inquirer/checkbox@https://registry.npmjs.org/@inquirer/checkbox/-/checkbox-4.3.2.tgz 0ms (cache hit)
776 http cache @inquirer/core@https://registry.npmjs.org/@inquirer/core/-/core-10.3.2.tgz 0ms (cache hit)
777 http cache @graphql-tools/schema@https://registry.npmjs.org/@graphql-tools/schema/-/schema-9.0.19.tgz 0ms (cache hit)
778 http cache @inquirer/external-editor@https://registry.npmjs.org/@inquirer/external-editor/-/external-editor-1.0.3.tgz 0ms (cache hit)
779 http cache @graphql-tools/utils@https://registry.npmjs.org/@graphql-tools/utils/-/utils-6.2.4.tgz 0ms (cache hit)
780 http cache @inquirer/type@https://registry.npmjs.org/@inquirer/type/-/type-3.0.10.tgz 0ms (cache hit)
781 http cache @inquirer/editor@https://registry.npmjs.org/@inquirer/editor/-/editor-4.2.23.tgz 0ms (cache hit)
782 http cache @inquirer/ansi@https://registry.npmjs.org/@inquirer/ansi/-/ansi-1.0.2.tgz 0ms (cache hit)
783 http cache @graphql-tools/relay-operation-optimizer@https://registry.npmjs.org/@graphql-tools/relay-operation-optimizer/-/relay-operation-optimizer-6.5.18.tgz 0ms (cache hit)
784 http cache @graphql-tools/optimize@https://registry.npmjs.org/@graphql-tools/optimize/-/optimize-1.4.0.tgz 0ms (cache hit)
785 http cache @graphql-codegen/visitor-plugin-common@https://registry.npmjs.org/@graphql-codegen/visitor-plugin-common/-/visitor-plugin-common-1.22.0.tgz 0ms (cache hit)
786 http cache @graphql-tools/apollo-engine-loader@https://registry.npmjs.org/@graphql-tools/apollo-engine-loader/-/apollo-engine-loader-8.0.30.tgz 0ms (cache hit)
787 http cache @graphql-typed-document-node/core@https://registry.npmjs.org/@graphql-typed-document-node/core/-/core-3.2.0.tgz 0ms (cache hit)
788 http cache @graphql-codegen/typescript@https://registry.npmjs.org/@graphql-codegen/typescript/-/typescript-4.1.6.tgz 0ms (cache hit)
789 http cache @graphql-codegen/schema-ast@https://registry.npmjs.org/@graphql-codegen/schema-ast/-/schema-ast-4.1.0.tgz 0ms (cache hit)
790 http cache @graphql-codegen/plugin-helpers@https://registry.npmjs.org/@graphql-codegen/plugin-helpers/-/plugin-helpers-3.1.2.tgz 0ms (cache hit)
791 http cache @floating-ui/core@https://registry.npmjs.org/@floating-ui/core/-/core-1.7.5.tgz 0ms (cache hit)
792 http cache @floating-ui/dom@https://registry.npmjs.org/@floating-ui/dom/-/dom-1.7.6.tgz 0ms (cache hit)
793 http cache @graphql-tools/merge@https://registry.npmjs.org/@graphql-tools/merge/-/merge-8.4.2.tgz 0ms (cache hit)
794 http cache @floating-ui/utils@https://registry.npmjs.org/@floating-ui/utils/-/utils-0.2.11.tgz 0ms (cache hit)
795 http cache @floating-ui/react-dom@https://registry.npmjs.org/@floating-ui/react-dom/-/react-dom-2.1.8.tgz 0ms (cache hit)
796 http cache @cdklabs/tskb@https://registry.npmjs.org/@cdklabs/tskb/-/tskb-0.0.4.tgz 0ms (cache hit)
797 http cache @fastify/busboy@https://registry.npmjs.org/@fastify/busboy/-/busboy-3.2.0.tgz 0ms (cache hit)
798 http cache @esbuild/darwin-arm64@https://registry.npmjs.org/@esbuild/darwin-arm64/-/darwin-arm64-0.25.12.tgz 0ms (cache hit)
799 http cache @babel/types@https://registry.npmjs.org/@babel/types/-/types-7.0.0-beta.4.tgz 0ms (cache hit)
800 http cache @babel/traverse@https://registry.npmjs.org/@babel/traverse/-/traverse-7.29.0.tgz 0ms (cache hit)
801 http cache @babel/runtime@https://registry.npmjs.org/@babel/runtime/-/runtime-7.29.2.tgz 0ms (cache hit)
802 http cache @babel/template@https://registry.npmjs.org/@babel/template/-/template-7.28.6.tgz 0ms (cache hit)
803 http cache @babel/plugin-transform-template-literals@https://registry.npmjs.org/@babel/plugin-transform-template-literals/-/plugin-transform-template-literals-7.27.1.tgz 0ms (cache hit)
804 http cache @graphql-codegen/core@https://registry.npmjs.org/@graphql-codegen/core/-/core-2.6.8.tgz 0ms (cache hit)
805 http cache @babel/plugin-transform-shorthand-properties@https://registry.npmjs.org/@babel/plugin-transform-shorthand-properties/-/plugin-transform-shorthand-properties-7.27.1.tgz 0ms (cache hit)
806 http cache @babel/plugin-transform-react-jsx-self@https://registry.npmjs.org/@babel/plugin-transform-react-jsx-self/-/plugin-transform-react-jsx-self-7.27.1.tgz 0ms (cache hit)
807 http cache @babel/plugin-transform-react-jsx-source@https://registry.npmjs.org/@babel/plugin-transform-react-jsx-source/-/plugin-transform-react-jsx-source-7.27.1.tgz 0ms (cache hit)
808 http cache @babel/plugin-transform-react-jsx@https://registry.npmjs.org/@babel/plugin-transform-react-jsx/-/plugin-transform-react-jsx-7.28.6.tgz 0ms (cache hit)
809 http cache @babel/plugin-transform-parameters@https://registry.npmjs.org/@babel/plugin-transform-parameters/-/plugin-transform-parameters-7.27.7.tgz 0ms (cache hit)
810 http cache @babel/plugin-transform-object-super@https://registry.npmjs.org/@babel/plugin-transform-object-super/-/plugin-transform-object-super-7.27.1.tgz 0ms (cache hit)
811 http cache @babel/plugin-transform-member-expression-literals@https://registry.npmjs.org/@babel/plugin-transform-member-expression-literals/-/plugin-transform-member-expression-literals-7.27.1.tgz 0ms (cache hit)
812 http cache @babel/plugin-transform-property-literals@https://registry.npmjs.org/@babel/plugin-transform-property-literals/-/plugin-transform-property-literals-7.27.1.tgz 0ms (cache hit)
813 http cache @babel/plugin-transform-modules-commonjs@https://registry.npmjs.org/@babel/plugin-transform-modules-commonjs/-/plugin-transform-modules-commonjs-7.28.6.tgz 0ms (cache hit)
814 http cache @babel/plugin-transform-react-display-name@https://registry.npmjs.org/@babel/plugin-transform-react-display-name/-/plugin-transform-react-display-name-7.28.0.tgz 0ms (cache hit)
815 http cache @babel/plugin-transform-function-name@https://registry.npmjs.org/@babel/plugin-transform-function-name/-/plugin-transform-function-name-7.27.1.tgz 0ms (cache hit)
816 http cache @babel/plugin-transform-literals@https://registry.npmjs.org/@babel/plugin-transform-literals/-/plugin-transform-literals-7.27.1.tgz 0ms (cache hit)
817 http cache @babel/plugin-transform-flow-strip-types@https://registry.npmjs.org/@babel/plugin-transform-flow-strip-types/-/plugin-transform-flow-strip-types-7.27.1.tgz 0ms (cache hit)
818 http cache @babel/plugin-transform-spread@https://registry.npmjs.org/@babel/plugin-transform-spread/-/plugin-transform-spread-7.28.6.tgz 0ms (cache hit)
819 http cache @babel/plugin-transform-for-of@https://registry.npmjs.org/@babel/plugin-transform-for-of/-/plugin-transform-for-of-7.27.1.tgz 0ms (cache hit)
820 http cache @babel/plugin-transform-computed-properties@https://registry.npmjs.org/@babel/plugin-transform-computed-properties/-/plugin-transform-computed-properties-7.28.6.tgz 0ms (cache hit)
821 http cache @babel/plugin-transform-block-scoping@https://registry.npmjs.org/@babel/plugin-transform-block-scoping/-/plugin-transform-block-scoping-7.28.6.tgz 0ms (cache hit)
822 http cache @babel/plugin-transform-classes@https://registry.npmjs.org/@babel/plugin-transform-classes/-/plugin-transform-classes-7.28.6.tgz 0ms (cache hit)
823 http cache @babel/plugin-transform-block-scoped-functions@https://registry.npmjs.org/@babel/plugin-transform-block-scoped-functions/-/plugin-transform-block-scoped-functions-7.27.1.tgz 0ms (cache hit)
824 http cache @babel/plugin-transform-destructuring@https://registry.npmjs.org/@babel/plugin-transform-destructuring/-/plugin-transform-destructuring-7.28.5.tgz 0ms (cache hit)
825 http cache @babel/plugin-transform-arrow-functions@https://registry.npmjs.org/@babel/plugin-transform-arrow-functions/-/plugin-transform-arrow-functions-7.27.1.tgz 0ms (cache hit)
826 http cache @babel/plugin-proposal-object-rest-spread@https://registry.npmjs.org/@babel/plugin-proposal-object-rest-spread/-/plugin-proposal-object-rest-spread-7.20.7.tgz 0ms (cache hit)
827 http cache @babel/plugin-proposal-class-properties@https://registry.npmjs.org/@babel/plugin-proposal-class-properties/-/plugin-proposal-class-properties-7.18.6.tgz 0ms (cache hit)
828 http cache @babel/plugin-syntax-object-rest-spread@https://registry.npmjs.org/@babel/plugin-syntax-object-rest-spread/-/plugin-syntax-object-rest-spread-7.8.3.tgz 0ms (cache hit)
829 http cache @babel/plugin-syntax-class-properties@https://registry.npmjs.org/@babel/plugin-syntax-class-properties/-/plugin-syntax-class-properties-7.12.13.tgz 0ms (cache hit)
830 http cache @babel/helpers@https://registry.npmjs.org/@babel/helpers/-/helpers-7.29.2.tgz 0ms (cache hit)
831 http cache @babel/plugin-syntax-flow@https://registry.npmjs.org/@babel/plugin-syntax-flow/-/plugin-syntax-flow-7.28.6.tgz 0ms (cache hit)
832 http cache @babel/helper-validator-option@https://registry.npmjs.org/@babel/helper-validator-option/-/helper-validator-option-7.27.1.tgz 0ms (cache hit)
833 http cache @babel/helper-string-parser@https://registry.npmjs.org/@babel/helper-string-parser/-/helper-string-parser-7.27.1.tgz 0ms (cache hit)
834 http cache @babel/parser@https://registry.npmjs.org/@babel/parser/-/parser-7.29.2.tgz 0ms (cache hit)
835 http cache @babel/helper-skip-transparent-expression-wrappers@https://registry.npmjs.org/@babel/helper-skip-transparent-expression-wrappers/-/helper-skip-transparent-expression-wrappers-7.27.1.tgz 0ms (cache hit)
836 http cache @babel/helper-plugin-utils@https://registry.npmjs.org/@babel/helper-plugin-utils/-/helper-plugin-utils-7.28.6.tgz 0ms (cache hit)
837 http cache @babel/plugin-syntax-jsx@https://registry.npmjs.org/@babel/plugin-syntax-jsx/-/plugin-syntax-jsx-7.28.6.tgz 0ms (cache hit)
838 http cache @babel/helper-optimise-call-expression@https://registry.npmjs.org/@babel/helper-optimise-call-expression/-/helper-optimise-call-expression-7.27.1.tgz 0ms (cache hit)
839 http cache @babel/helper-replace-supers@https://registry.npmjs.org/@babel/helper-replace-supers/-/helper-replace-supers-7.28.6.tgz 0ms (cache hit)
840 http cache @babel/helper-member-expression-to-functions@https://registry.npmjs.org/@babel/helper-member-expression-to-functions/-/helper-member-expression-to-functions-7.28.5.tgz 0ms (cache hit)
841 http cache @babel/helper-globals@https://registry.npmjs.org/@babel/helper-globals/-/helper-globals-7.28.0.tgz 0ms (cache hit)
842 http cache @babel/helper-annotate-as-pure@https://registry.npmjs.org/@babel/helper-annotate-as-pure/-/helper-annotate-as-pure-7.27.3.tgz 0ms (cache hit)
843 http cache @babel/helper-validator-identifier@https://registry.npmjs.org/@babel/helper-validator-identifier/-/helper-validator-identifier-7.28.5.tgz 0ms (cache hit)
844 http cache @babel/generator@https://registry.npmjs.org/@babel/generator/-/generator-7.0.0-beta.4.tgz 0ms (cache hit)
845 http cache @babel/helper-module-imports@https://registry.npmjs.org/@babel/helper-module-imports/-/helper-module-imports-7.28.6.tgz 0ms (cache hit)
846 http cache @babel/helper-module-transforms@https://registry.npmjs.org/@babel/helper-module-transforms/-/helper-module-transforms-7.28.6.tgz 0ms (cache hit)
847 http cache @babel/helper-compilation-targets@https://registry.npmjs.org/@babel/helper-compilation-targets/-/helper-compilation-targets-7.28.6.tgz 0ms (cache hit)
848 http cache @babel/code-frame@https://registry.npmjs.org/@babel/code-frame/-/code-frame-7.29.0.tgz 0ms (cache hit)
849 http cache @babel/compat-data@https://registry.npmjs.org/@babel/compat-data/-/compat-data-7.29.0.tgz 0ms (cache hit)
850 http cache @aws-sdk/xml-builder@https://registry.npmjs.org/@aws-sdk/xml-builder/-/xml-builder-3.972.22.tgz 0ms (cache hit)
851 http cache @babel/helper-create-class-features-plugin@https://registry.npmjs.org/@babel/helper-create-class-features-plugin/-/helper-create-class-features-plugin-7.28.6.tgz 0ms (cache hit)
852 http cache @aws-sdk/util-format-url@https://registry.npmjs.org/@aws-sdk/util-format-url/-/util-format-url-3.972.10.tgz 0ms (cache hit)
853 http cache @aws-sdk/util-user-agent-browser@https://registry.npmjs.org/@aws-sdk/util-user-agent-browser/-/util-user-agent-browser-3.972.10.tgz 0ms (cache hit)
854 http cache @aws/lambda-invoke-store@https://registry.npmjs.org/@aws/lambda-invoke-store/-/lambda-invoke-store-0.2.4.tgz 0ms (cache hit)
855 http cache @aws-sdk/util-locate-window@https://registry.npmjs.org/@aws-sdk/util-locate-window/-/util-locate-window-3.965.5.tgz 0ms (cache hit)
856 http cache @aws-sdk/util-endpoints@https://registry.npmjs.org/@aws-sdk/util-endpoints/-/util-endpoints-3.996.8.tgz 0ms (cache hit)
857 http cache @aws-sdk/types@https://registry.npmjs.org/@aws-sdk/types/-/types-3.973.8.tgz 0ms (cache hit)
858 http cache @aws-sdk/token-providers@https://registry.npmjs.org/@aws-sdk/token-providers/-/token-providers-3.1039.0.tgz 0ms (cache hit)
859 http cache @aws-sdk/util-arn-parser@https://registry.npmjs.org/@aws-sdk/util-arn-parser/-/util-arn-parser-3.972.3.tgz 0ms (cache hit)
860 http cache @aws-sdk/signature-v4-multi-region@https://registry.npmjs.org/@aws-sdk/signature-v4-multi-region/-/signature-v4-multi-region-3.996.24.tgz 0ms (cache hit)
861 http cache @aws-sdk/nested-clients@https://registry.npmjs.org/@aws-sdk/nested-clients/-/nested-clients-3.997.5.tgz 0ms (cache hit)
862 http cache @aws-sdk/util-user-agent-node@https://registry.npmjs.org/@aws-sdk/util-user-agent-node/-/util-user-agent-node-3.973.23.tgz 0ms (cache hit)
863 http cache @aws-sdk/middleware-sdk-route53@https://registry.npmjs.org/@aws-sdk/middleware-sdk-route53/-/middleware-sdk-route53-3.972.12.tgz 0ms (cache hit)
864 http cache @aws-sdk/middleware-sdk-s3@https://registry.npmjs.org/@aws-sdk/middleware-sdk-s3/-/middleware-sdk-s3-3.972.36.tgz 0ms (cache hit)
865 http cache @aws-sdk/middleware-user-agent@https://registry.npmjs.org/@aws-sdk/middleware-user-agent/-/middleware-user-agent-3.972.37.tgz 0ms (cache hit)
866 http cache @aws-sdk/region-config-resolver@https://registry.npmjs.org/@aws-sdk/region-config-resolver/-/region-config-resolver-3.972.13.tgz 0ms (cache hit)
867 http cache @aws-sdk/middleware-ssec@https://registry.npmjs.org/@aws-sdk/middleware-ssec/-/middleware-ssec-3.972.10.tgz 0ms (cache hit)
868 http cache @aws-sdk/middleware-sdk-rds@https://registry.npmjs.org/@aws-sdk/middleware-sdk-rds/-/middleware-sdk-rds-3.972.22.tgz 0ms (cache hit)
869 http cache @aws-sdk/middleware-location-constraint@https://registry.npmjs.org/@aws-sdk/middleware-location-constraint/-/middleware-location-constraint-3.972.10.tgz 0ms (cache hit)
870 http cache @aws-sdk/middleware-flexible-checksums@https://registry.npmjs.org/@aws-sdk/middleware-flexible-checksums/-/middleware-flexible-checksums-3.974.15.tgz 0ms (cache hit)
871 http cache @aws-sdk/middleware-recursion-detection@https://registry.npmjs.org/@aws-sdk/middleware-recursion-detection/-/middleware-recursion-detection-3.972.11.tgz 0ms (cache hit)
872 http cache @babel/core@https://registry.npmjs.org/@babel/core/-/core-7.29.0.tgz 0ms (cache hit)
873 http cache @aws-sdk/middleware-logger@https://registry.npmjs.org/@aws-sdk/middleware-logger/-/middleware-logger-3.972.10.tgz 0ms (cache hit)
874 http cache @aws-sdk/middleware-sdk-ec2@https://registry.npmjs.org/@aws-sdk/middleware-sdk-ec2/-/middleware-sdk-ec2-3.972.22.tgz 0ms (cache hit)
875 http cache @aws-sdk/middleware-expect-continue@https://registry.npmjs.org/@aws-sdk/middleware-expect-continue/-/middleware-expect-continue-3.972.10.tgz 0ms (cache hit)
876 http cache @aws-sdk/middleware-bucket-endpoint@https://registry.npmjs.org/@aws-sdk/middleware-bucket-endpoint/-/middleware-bucket-endpoint-3.972.10.tgz 0ms (cache hit)
877 http cache @aws-sdk/lib-storage@https://registry.npmjs.org/@aws-sdk/lib-storage/-/lib-storage-3.1039.0.tgz 0ms (cache hit)
878 http cache @aws-sdk/middleware-host-header@https://registry.npmjs.org/@aws-sdk/middleware-host-header/-/middleware-host-header-3.972.10.tgz 0ms (cache hit)
879 http cache @aws-sdk/ec2-metadata-service@https://registry.npmjs.org/@aws-sdk/ec2-metadata-service/-/ec2-metadata-service-3.1039.0.tgz 0ms (cache hit)
880 http cache @aws-sdk/credential-provider-web-identity@https://registry.npmjs.org/@aws-sdk/credential-provider-web-identity/-/credential-provider-web-identity-3.972.37.tgz 0ms (cache hit)
881 http cache @aws-sdk/credential-provider-process@https://registry.npmjs.org/@aws-sdk/credential-provider-process/-/credential-provider-process-3.972.33.tgz 0ms (cache hit)
882 http cache @aws-sdk/credential-providers@https://registry.npmjs.org/@aws-sdk/credential-providers/-/credential-providers-3.1039.0.tgz 0ms (cache hit)
883 http cache @aws-sdk/credential-provider-sso@https://registry.npmjs.org/@aws-sdk/credential-provider-sso/-/credential-provider-sso-3.972.37.tgz 0ms (cache hit)
884 http cache @aws-sdk/credential-provider-http@https://registry.npmjs.org/@aws-sdk/credential-provider-http/-/credential-provider-http-3.972.35.tgz 0ms (cache hit)
885 http cache @aws-sdk/credential-provider-node@https://registry.npmjs.org/@aws-sdk/credential-provider-node/-/credential-provider-node-3.972.38.tgz 0ms (cache hit)
886 http cache @aws-sdk/credential-provider-cognito-identity@https://registry.npmjs.org/@aws-sdk/credential-provider-cognito-identity/-/credential-provider-cognito-identity-3.972.30.tgz 0ms (cache hit)
887 http cache @aws-sdk/crc64-nvme@https://registry.npmjs.org/@aws-sdk/crc64-nvme/-/crc64-nvme-3.972.7.tgz 0ms (cache hit)
888 http cache @aws-sdk/credential-provider-env@https://registry.npmjs.org/@aws-sdk/credential-provider-env/-/credential-provider-env-3.972.33.tgz 0ms (cache hit)
889 http cache @aws-sdk/core@https://registry.npmjs.org/@aws-sdk/core/-/core-3.974.7.tgz 0ms (cache hit)
890 http cache @aws-sdk/credential-provider-ini@https://registry.npmjs.org/@aws-sdk/credential-provider-ini/-/credential-provider-ini-3.972.37.tgz 0ms (cache hit)
891 http cache @aws-sdk/client-ssm@https://registry.npmjs.org/@aws-sdk/client-ssm/-/client-ssm-3.1039.0.tgz 0ms (cache hit)
892 http cache @aws-sdk/client-sfn@https://registry.npmjs.org/@aws-sdk/client-sfn/-/client-sfn-3.1039.0.tgz 0ms (cache hit)
893 http cache @aws-sdk/client-sts@https://registry.npmjs.org/@aws-sdk/client-sts/-/client-sts-3.1039.0.tgz 0ms (cache hit)
894 http cache @aws-sdk/client-secrets-manager@https://registry.npmjs.org/@aws-sdk/client-secrets-manager/-/client-secrets-manager-3.1039.0.tgz 0ms (cache hit)
895 http cache @aws-sdk/client-rds@https://registry.npmjs.org/@aws-sdk/client-rds/-/client-rds-3.1039.0.tgz 0ms (cache hit)
896 http cache @aws-sdk/client-route-53@https://registry.npmjs.org/@aws-sdk/client-route-53/-/client-route-53-3.1039.0.tgz 0ms (cache hit)
897 http cache @aws-sdk/client-s3@https://registry.npmjs.org/@aws-sdk/client-s3/-/client-s3-3.1039.0.tgz 0ms (cache hit)
898 http cache @aws-sdk/client-personalize-events@https://registry.npmjs.org/@aws-sdk/client-personalize-events/-/client-personalize-events-3.1039.0.tgz 0ms (cache hit)
899 http cache @aws-sdk/client-kms@https://registry.npmjs.org/@aws-sdk/client-kms/-/client-kms-3.1039.0.tgz 0ms (cache hit)
900 http cache @aws-sdk/client-iam@https://registry.npmjs.org/@aws-sdk/client-iam/-/client-iam-3.1039.0.tgz 0ms (cache hit)
901 http cache @aws-sdk/client-lambda@https://registry.npmjs.org/@aws-sdk/client-lambda/-/client-lambda-3.1039.0.tgz 0ms (cache hit)
902 http cache @aws-sdk/credential-provider-login@https://registry.npmjs.org/@aws-sdk/credential-provider-login/-/credential-provider-login-3.972.37.tgz 0ms (cache hit)
903 http cache @aws-sdk/client-firehose@https://registry.npmjs.org/@aws-sdk/client-firehose/-/client-firehose-3.1039.0.tgz 0ms (cache hit)
904 http cache @aws-sdk/client-ecr@https://registry.npmjs.org/@aws-sdk/client-ecr/-/client-ecr-3.1039.0.tgz 0ms (cache hit)
905 http cache @aws-sdk/client-cognito-identity@https://registry.npmjs.org/@aws-sdk/client-cognito-identity/-/client-cognito-identity-3.1039.0.tgz 0ms (cache hit)
906 http cache @aws-sdk/client-cloudwatch-logs@https://registry.npmjs.org/@aws-sdk/client-cloudwatch-logs/-/client-cloudwatch-logs-3.1039.0.tgz 0ms (cache hit)
907 http cache @aws-sdk/client-elastic-load-balancing-v2@https://registry.npmjs.org/@aws-sdk/client-elastic-load-balancing-v2/-/client-elastic-load-balancing-v2-3.1039.0.tgz 0ms (cache hit)
908 http cache @aws-sdk/client-kinesis@https://registry.npmjs.org/@aws-sdk/client-kinesis/-/client-kinesis-3.1039.0.tgz 0ms (cache hit)
909 http cache @aws-sdk/client-cloudformation@https://registry.npmjs.org/@aws-sdk/client-cloudformation/-/client-cloudformation-3.1039.0.tgz 0ms (cache hit)
910 http cache @aws-sdk/client-appsync@https://registry.npmjs.org/@aws-sdk/client-appsync/-/client-appsync-3.1039.0.tgz 0ms (cache hit)
911 http cache @aws-sdk/client-bedrock-agentcore-control@https://registry.npmjs.org/@aws-sdk/client-bedrock-agentcore-control/-/client-bedrock-agentcore-control-3.1039.0.tgz 0ms (cache hit)
912 http cache @aws-sdk/client-cloudcontrol@https://registry.npmjs.org/@aws-sdk/client-cloudcontrol/-/client-cloudcontrol-3.1039.0.tgz 0ms (cache hit)
913 http cache @aws-sdk/client-codebuild@https://registry.npmjs.org/@aws-sdk/client-codebuild/-/client-codebuild-3.1039.0.tgz 0ms (cache hit)
914 http cache @aws-sdk/client-amplifyuibuilder@https://registry.npmjs.org/@aws-sdk/client-amplifyuibuilder/-/client-amplifyuibuilder-3.1039.0.tgz 0ms (cache hit)
915 http cache @aws-sdk/client-ecs@https://registry.npmjs.org/@aws-sdk/client-ecs/-/client-ecs-3.1039.0.tgz 0ms (cache hit)
916 http cache @aws-crypto/sha256-js@https://registry.npmjs.org/@aws-crypto/sha256-js/-/sha256-js-5.2.0.tgz 0ms (cache hit)
917 http cache @aws-crypto/util@https://registry.npmjs.org/@aws-crypto/util/-/util-5.2.0.tgz 0ms (cache hit)
918 http cache @aws-crypto/sha256-browser@https://registry.npmjs.org/@aws-crypto/sha256-browser/-/sha256-browser-5.2.0.tgz 0ms (cache hit)
919 http cache @aws-sdk/client-ec2@https://registry.npmjs.org/@aws-sdk/client-ec2/-/client-ec2-3.1039.0.tgz 0ms (cache hit)
920 http cache @aws-crypto/sha1-browser@https://registry.npmjs.org/@aws-crypto/sha1-browser/-/sha1-browser-5.2.0.tgz 0ms (cache hit)
921 http cache @aws-crypto/crc32@https://registry.npmjs.org/@aws-crypto/crc32/-/crc32-5.2.0.tgz 0ms (cache hit)
922 http cache @aws-sdk/client-amplify@https://registry.npmjs.org/@aws-sdk/client-amplify/-/client-amplify-3.1039.0.tgz 0ms (cache hit)
923 http cache @aws-cdk/toolkit-lib@https://registry.npmjs.org/@aws-cdk/toolkit-lib/-/toolkit-lib-1.16.0.tgz 0ms (cache hit)
924 http cache @aws-crypto/supports-web-crypto@https://registry.npmjs.org/@aws-crypto/supports-web-crypto/-/supports-web-crypto-5.2.0.tgz 0ms (cache hit)
925 http cache @aws-cdk/cli-plugin-contract@https://registry.npmjs.org/@aws-cdk/cli-plugin-contract/-/cli-plugin-contract-2.182.2.tgz 0ms (cache hit)
926 http cache @aws-cdk/cdk-assets-lib@https://registry.npmjs.org/@aws-cdk/cdk-assets-lib/-/cdk-assets-lib-1.4.5.tgz 0ms (cache hit)
927 http cache @aws-cdk/cloudformation-diff@https://registry.npmjs.org/@aws-cdk/cloudformation-diff/-/cloudformation-diff-2.187.1.tgz 0ms (cache hit)
928 http cache @aws-cdk/service-spec-types@https://registry.npmjs.org/@aws-cdk/service-spec-types/-/service-spec-types-0.0.237.tgz 0ms (cache hit)
929 http cache @aws-cdk/asset-node-proxy-agent-v6@https://registry.npmjs.org/@aws-cdk/asset-node-proxy-agent-v6/-/asset-node-proxy-agent-v6-2.1.1.tgz 0ms (cache hit)
930 http cache @aws-cdk/asset-awscli-v1@https://registry.npmjs.org/@aws-cdk/asset-awscli-v1/-/asset-awscli-v1-2.2.273.tgz 0ms (cache hit)
931 http cache @aws-cdk/aws-service-spec@https://registry.npmjs.org/@aws-cdk/aws-service-spec/-/aws-service-spec-0.1.177.tgz 0ms (cache hit)
932 http cache @aws-amplify/ui-react@https://registry.npmjs.org/@aws-amplify/ui-react/-/ui-react-6.15.3.tgz 0ms (cache hit)
933 http cache @aws-amplify/ui@https://registry.npmjs.org/@aws-amplify/ui/-/ui-6.15.3.tgz 0ms (cache hit)
934 http cache @aws-amplify/ui-react-core@https://registry.npmjs.org/@aws-amplify/ui-react-core/-/ui-react-core-3.6.3.tgz 0ms (cache hit)
935 http cache @aws-amplify/schema-generator@https://registry.npmjs.org/@aws-amplify/schema-generator/-/schema-generator-1.4.1.tgz 0ms (cache hit)
936 http cache @aws-amplify/platform-core@https://registry.npmjs.org/@aws-amplify/platform-core/-/platform-core-1.11.0.tgz 0ms (cache hit)
937 http cache @aws-crypto/crc32c@https://registry.npmjs.org/@aws-crypto/crc32c/-/crc32c-5.2.0.tgz 0ms (cache hit)
938 http cache @aws-amplify/plugin-types@https://registry.npmjs.org/@aws-amplify/plugin-types/-/plugin-types-1.12.0.tgz 0ms (cache hit)
939 http cache @aws-amplify/sandbox@https://registry.npmjs.org/@aws-amplify/sandbox/-/sandbox-2.2.0.tgz 0ms (cache hit)
940 http cache @aws-amplify/graphql-types-generator@https://registry.npmjs.org/@aws-amplify/graphql-types-generator/-/graphql-types-generator-3.6.0.tgz 0ms (cache hit)
941 http cache @aws-amplify/graphql-transformer-interfaces@https://registry.npmjs.org/@aws-amplify/graphql-transformer-interfaces/-/graphql-transformer-interfaces-4.3.0.tgz 0ms (cache hit)
942 http cache @aws-amplify/graphql-schema-generator@https://registry.npmjs.org/@aws-amplify/graphql-schema-generator/-/graphql-schema-generator-0.11.14.tgz 0ms (cache hit)
943 http cache @aws-amplify/storage@https://registry.npmjs.org/@aws-amplify/storage/-/storage-6.14.0.tgz 0ms (cache hit)
944 http cache @aws-amplify/graphql-generator@https://registry.npmjs.org/@aws-amplify/graphql-generator/-/graphql-generator-0.5.3.tgz 0ms (cache hit)
945 http cache @aws-amplify/graphql-docs-generator@https://registry.npmjs.org/@aws-amplify/graphql-docs-generator/-/graphql-docs-generator-4.2.1.tgz 0ms (cache hit)
946 http cache @aws-amplify/form-generator@https://registry.npmjs.org/@aws-amplify/form-generator/-/form-generator-1.2.6.tgz 0ms (cache hit)
947 http cache @aws-amplify/graphql-directives@https://registry.npmjs.org/@aws-amplify/graphql-directives/-/graphql-directives-2.8.0.tgz 0ms (cache hit)
948 http cache @aws-amplify/deployed-backend-client@https://registry.npmjs.org/@aws-amplify/deployed-backend-client/-/deployed-backend-client-1.8.1.tgz 0ms (cache hit)
949 http cache @aws-amplify/model-generator@https://registry.npmjs.org/@aws-amplify/model-generator/-/model-generator-1.2.2.tgz 0ms (cache hit)
950 http cache @aws-amplify/data-schema-types@https://registry.npmjs.org/@aws-amplify/data-schema-types/-/data-schema-types-1.2.1.tgz 0ms (cache hit)
951 http cache @aws-amplify/core@https://registry.npmjs.org/@aws-amplify/core/-/core-6.16.2.tgz 0ms (cache hit)
952 http cache @aws-amplify/codegen-ui-react@https://registry.npmjs.org/@aws-amplify/codegen-ui-react/-/codegen-ui-react-2.20.4.tgz 0ms (cache hit)
953 http cache @aws-amplify/datastore@https://registry.npmjs.org/@aws-amplify/datastore/-/datastore-5.1.6.tgz 0ms (cache hit)
954 http cache @aws-amplify/codegen-ui@https://registry.npmjs.org/@aws-amplify/codegen-ui/-/codegen-ui-2.20.4.tgz 0ms (cache hit)
955 http cache @aws-amplify/notifications@https://registry.npmjs.org/@aws-amplify/notifications/-/notifications-2.0.94.tgz 0ms (cache hit)
956 http cache @aws-amplify/client-config@https://registry.npmjs.org/@aws-amplify/client-config/-/client-config-1.10.1.tgz 0ms (cache hit)
957 http cache @aws-amplify/backend-storage@https://registry.npmjs.org/@aws-amplify/backend-storage/-/backend-storage-1.4.3.tgz 0ms (cache hit)
958 http cache @aws-amplify/backend-secret@https://registry.npmjs.org/@aws-amplify/backend-secret/-/backend-secret-1.4.2.tgz 0ms (cache hit)
959 http cache @aws-amplify/graphql-transformer-core@https://registry.npmjs.org/@aws-amplify/graphql-transformer-core/-/graphql-transformer-core-3.5.1.tgz 0ms (cache hit)
960 http cache @aws-amplify/data-schema@https://registry.npmjs.org/@aws-amplify/data-schema/-/data-schema-1.25.5.tgz 0ms (cache hit)
961 http cache @aws-amplify/backend-output-storage@https://registry.npmjs.org/@aws-amplify/backend-output-storage/-/backend-output-storage-1.3.4.tgz 0ms (cache hit)
962 http cache @aws-amplify/backend-data@https://registry.npmjs.org/@aws-amplify/backend-data/-/backend-data-1.6.4.tgz 0ms (cache hit)
963 http cache @aws-amplify/backend-cli@https://registry.npmjs.org/@aws-amplify/backend-cli/-/backend-cli-1.8.2.tgz 0ms (cache hit)
964 http cache @aws-amplify/backend-deployer@https://registry.npmjs.org/@aws-amplify/backend-deployer/-/backend-deployer-2.1.6.tgz 0ms (cache hit)
965 http cache @aws-amplify/cli-core@https://registry.npmjs.org/@aws-amplify/cli-core/-/cli-core-2.2.4.tgz 0ms (cache hit)
966 http cache @aws-amplify/backend-auth@https://registry.npmjs.org/@aws-amplify/backend-auth/-/backend-auth-1.9.3.tgz 0ms (cache hit)
967 http cache @aws-amplify/auth-construct@https://registry.npmjs.org/@aws-amplify/auth-construct/-/auth-construct-1.11.2.tgz 0ms (cache hit)
968 http cache @aws-amplify/backend-function@https://registry.npmjs.org/@aws-amplify/backend-function/-/backend-function-1.18.0.tgz 0ms (cache hit)
969 http cache @aws-amplify/api-rest@https://registry.npmjs.org/@aws-amplify/api-rest/-/api-rest-4.6.4.tgz 0ms (cache hit)
970 http cache @aws-amplify/api@https://registry.npmjs.org/@aws-amplify/api/-/api-6.3.25.tgz 0ms (cache hit)
971 http cache @aws-amplify/backend@https://registry.npmjs.org/@aws-amplify/backend/-/backend-1.22.0.tgz 0ms (cache hit)
972 http cache @aws-amplify/appsync-modelgen-plugin@https://registry.npmjs.org/@aws-amplify/appsync-modelgen-plugin/-/appsync-modelgen-plugin-2.15.2.tgz 0ms (cache hit)
973 http cache @aws-amplify/api-graphql@https://registry.npmjs.org/@aws-amplify/api-graphql/-/api-graphql-4.8.6.tgz 0ms (cache hit)
974 http cache @ardatan/relay-compiler@https://registry.npmjs.org/@ardatan/relay-compiler/-/relay-compiler-12.0.0.tgz 0ms (cache hit)
975 http cache @alloc/quick-lru@https://registry.npmjs.org/@alloc/quick-lru/-/quick-lru-5.2.0.tgz 0ms (cache hit)
976 http cache @ardatan/aggregate-error@https://registry.npmjs.org/@ardatan/aggregate-error/-/aggregate-error-0.0.6.tgz 0ms (cache hit)
977 http cache @aws-amplify/analytics@https://registry.npmjs.org/@aws-amplify/analytics/-/analytics-7.0.94.tgz 0ms (cache hit)
978 http cache @aws-sdk/types@https://registry.npmjs.org/@aws-sdk/types/-/types-3.821.0.tgz 0ms (cache hit)
979 http cache @aws-amplify/backend-output-schemas@https://registry.npmjs.org/@aws-amplify/backend-output-schemas/-/backend-output-schemas-1.8.0.tgz 0ms (cache hit)
980 http cache ansi-regex@https://registry.npmjs.org/ansi-regex/-/ansi-regex-5.0.1.tgz 0ms (cache hit)
981 http cache strip-ansi@https://registry.npmjs.org/strip-ansi/-/strip-ansi-6.0.1.tgz 0ms (cache hit)
982 http cache emoji-regex@https://registry.npmjs.org/emoji-regex/-/emoji-regex-10.6.0.tgz 0ms (cache hit)
983 http cache string-width@https://registry.npmjs.org/string-width/-/string-width-7.2.0.tgz 0ms (cache hit)
984 http cache @aws-sdk/types@https://registry.npmjs.org/@aws-sdk/types/-/types-3.821.0.tgz 0ms (cache hit)
985 http cache esbuild@https://registry.npmjs.org/esbuild/-/esbuild-0.21.5.tgz 0ms (cache hit)
986 http cache b4a@https://registry.npmjs.org/b4a/-/b4a-1.8.0.tgz 0ms (cache hit)
987 http cache ansi-styles@https://registry.npmjs.org/ansi-styles/-/ansi-styles-6.2.3.tgz 0ms (cache hit)
988 http cache @esbuild/darwin-arm64@https://registry.npmjs.org/@esbuild/darwin-arm64/-/darwin-arm64-0.21.5.tgz 0ms (cache hit)
989 http cache readdirp@https://registry.npmjs.org/readdirp/-/readdirp-3.6.0.tgz 0ms (cache hit)
990 http cache postcss-load-config@https://registry.npmjs.org/postcss-load-config/-/postcss-load-config-6.0.1.tgz 0ms (cache hit)
991 http cache picomatch@https://registry.npmjs.org/picomatch/-/picomatch-2.3.2.tgz 0ms (cache hit)
992 http cache glob-parent@https://registry.npmjs.org/glob-parent/-/glob-parent-6.0.2.tgz 0ms (cache hit)
993 http cache strip-ansi@https://registry.npmjs.org/strip-ansi/-/strip-ansi-6.0.1.tgz 0ms (cache hit)
994 http cache ansi-regex@https://registry.npmjs.org/ansi-regex/-/ansi-regex-5.0.1.tgz 0ms (cache hit)
995 http cache b4a@https://registry.npmjs.org/b4a/-/b4a-1.8.0.tgz 0ms (cache hit)
996 http cache chokidar@https://registry.npmjs.org/chokidar/-/chokidar-3.6.0.tgz 0ms (cache hit)
997 http cache ansi-regex@https://registry.npmjs.org/ansi-regex/-/ansi-regex-5.0.1.tgz 0ms (cache hit)
998 http cache glob-parent@https://registry.npmjs.org/glob-parent/-/glob-parent-5.1.2.tgz 0ms (cache hit)
999 http cache ansi-regex@https://registry.npmjs.org/ansi-regex/-/ansi-regex-5.0.1.tgz 0ms (cache hit)
1000 http cache strip-ansi@https://registry.npmjs.org/strip-ansi/-/strip-ansi-6.0.1.tgz 0ms (cache hit)
1001 http cache strip-ansi@https://registry.npmjs.org/strip-ansi/-/strip-ansi-6.0.1.tgz 0ms (cache hit)
1002 http cache ansi-regex@https://registry.npmjs.org/ansi-regex/-/ansi-regex-5.0.1.tgz 0ms (cache hit)
1003 http cache readable-stream@https://registry.npmjs.org/readable-stream/-/readable-stream-3.6.2.tgz 0ms (cache hit)
1004 http cache minimatch@https://registry.npmjs.org/minimatch/-/minimatch-3.1.5.tgz 0ms (cache hit)
1005 http cache glob@https://registry.npmjs.org/glob/-/glob-7.2.3.tgz 0ms (cache hit)
1006 http cache commander@https://registry.npmjs.org/commander/-/commander-4.1.1.tgz 0ms (cache hit)
1007 http cache brace-expansion@https://registry.npmjs.org/brace-expansion/-/brace-expansion-1.1.14.tgz 0ms (cache hit)
1008 http cache source-map@https://registry.npmjs.org/source-map/-/source-map-0.6.1.tgz 0ms (cache hit)
1009 http cache minimatch@https://registry.npmjs.org/minimatch/-/minimatch-5.1.9.tgz 0ms (cache hit)
1010 http cache y18n@https://registry.npmjs.org/y18n/-/y18n-4.0.3.tgz 0ms (cache hit)
1011 http cache yargs@https://registry.npmjs.org/yargs/-/yargs-15.4.1.tgz 0ms (cache hit)
1012 http cache buffer@https://registry.npmjs.org/buffer/-/buffer-6.0.3.tgz 0ms (cache hit)
1013 http cache cliui@https://registry.npmjs.org/cliui/-/cliui-6.0.0.tgz 0ms (cache hit)
1014 http cache yargs-parser@https://registry.npmjs.org/yargs-parser/-/yargs-parser-18.1.3.tgz 0ms (cache hit)
1015 http cache ansi-regex@https://registry.npmjs.org/ansi-regex/-/ansi-regex-5.0.1.tgz 0ms (cache hit)
1016 http cache lru-cache@https://registry.npmjs.org/lru-cache/-/lru-cache-11.3.5.tgz 0ms (cache hit)
1017 http cache wrap-ansi@https://registry.npmjs.org/wrap-ansi/-/wrap-ansi-6.2.0.tgz 0ms (cache hit)
1018 http cache strip-ansi@https://registry.npmjs.org/strip-ansi/-/strip-ansi-6.0.1.tgz 0ms (cache hit)
1019 http cache p-limit@https://registry.npmjs.org/p-limit/-/p-limit-2.3.0.tgz 0ms (cache hit)
1020 http cache pg-connection-string@https://registry.npmjs.org/pg-connection-string/-/pg-connection-string-2.12.0.tgz 0ms (cache hit)
1021 http cache string-width@https://registry.npmjs.org/string-width/-/string-width-7.2.0.tgz 0ms (cache hit)
1022 http cache chalk@https://registry.npmjs.org/chalk/-/chalk-5.6.2.tgz 0ms (cache hit)
1023 http cache emoji-regex@https://registry.npmjs.org/emoji-regex/-/emoji-regex-10.6.0.tgz 0ms (cache hit)
1024 http cache path-key@https://registry.npmjs.org/path-key/-/path-key-4.0.0.tgz 0ms (cache hit)
1025 http cache lru-cache@https://registry.npmjs.org/lru-cache/-/lru-cache-8.0.5.tgz 0ms (cache hit)
1026 http cache is-unicode-supported@https://registry.npmjs.org/is-unicode-supported/-/is-unicode-supported-1.3.0.tgz 0ms (cache hit)
1027 http cache picomatch@https://registry.npmjs.org/picomatch/-/picomatch-2.3.2.tgz 0ms (cache hit)
1028 http cache safe-buffer@https://registry.npmjs.org/safe-buffer/-/safe-buffer-5.1.2.tgz 0ms (cache hit)
1029 http cache iconv-lite@https://registry.npmjs.org/iconv-lite/-/iconv-lite-0.6.3.tgz 0ms (cache hit)
1030 http cache isarray@https://registry.npmjs.org/isarray/-/isarray-1.0.0.tgz 0ms (cache hit)
1031 http cache ms@https://registry.npmjs.org/ms/-/ms-2.1.2.tgz 0ms (cache hit)
1032 http cache source-map@https://registry.npmjs.org/source-map/-/source-map-0.6.1.tgz 0ms (cache hit)
1033 http cache debug@https://registry.npmjs.org/debug/-/debug-4.3.4.tgz 0ms (cache hit)
1034 http cache string_decoder@https://registry.npmjs.org/string_decoder/-/string_decoder-1.1.1.tgz 0ms (cache hit)
1035 http cache chalk@https://registry.npmjs.org/chalk/-/chalk-5.6.2.tgz 0ms (cache hit)
1036 http cache graphql-mapping-template@https://registry.npmjs.org/graphql-mapping-template/-/graphql-mapping-template-4.20.16.tgz 0ms (cache hit)
1037 http cache brace-expansion@https://registry.npmjs.org/brace-expansion/-/brace-expansion-5.0.5.tgz 0ms (cache hit)
1038 http cache readable-stream@https://registry.npmjs.org/readable-stream/-/readable-stream-2.3.8.tgz 0ms (cache hit)
1039 http cache minimatch@https://registry.npmjs.org/minimatch/-/minimatch-10.2.5.tgz 0ms (cache hit)
1040 http cache is-stream@https://registry.npmjs.org/is-stream/-/is-stream-4.0.1.tgz 0ms (cache hit)
1041 http cache node-fetch@https://registry.npmjs.org/node-fetch/-/node-fetch-2.7.0.tgz 0ms (cache hit)
1042 http cache balanced-match@https://registry.npmjs.org/balanced-match/-/balanced-match-4.0.4.tgz 0ms (cache hit)
1043 http cache strip-ansi@https://registry.npmjs.org/strip-ansi/-/strip-ansi-6.0.1.tgz 0ms (cache hit)
1044 http cache wrap-ansi@https://registry.npmjs.org/wrap-ansi/-/wrap-ansi-7.0.0.tgz 0ms (cache hit)
1045 http cache camel-case@https://registry.npmjs.org/camel-case/-/camel-case-4.1.2.tgz 0ms (cache hit)
1046 http cache ansi-regex@https://registry.npmjs.org/ansi-regex/-/ansi-regex-5.0.1.tgz 0ms (cache hit)
1047 http cache to-fast-properties@https://registry.npmjs.org/to-fast-properties/-/to-fast-properties-1.0.3.tgz 0ms (cache hit)
1048 http cache tslib@https://registry.npmjs.org/tslib/-/tslib-1.14.1.tgz 0ms (cache hit)
1049 http cache is-stream@https://registry.npmjs.org/is-stream/-/is-stream-4.0.1.tgz 0ms (cache hit)
1050 http cache jsesc@https://registry.npmjs.org/jsesc/-/jsesc-1.3.0.tgz 0ms (cache hit)
1051 http cache core-js@https://registry.npmjs.org/core-js/-/core-js-2.6.12.tgz 0ms (cache hit)
1052 http cache string-width@https://registry.npmjs.org/string-width/-/string-width-5.1.2.tgz 0ms (cache hit)
1053 http cache @aws-amplify/auth@https://registry.npmjs.org/@aws-amplify/auth/-/auth-6.19.1.tgz 0ms (cache hit)
1054 http cache wrap-ansi@https://registry.npmjs.org/wrap-ansi/-/wrap-ansi-8.1.0.tgz 0ms (cache hit)
1055 http cache path-scurry@https://registry.npmjs.org/path-scurry/-/path-scurry-1.11.1.tgz 0ms (cache hit)
1056 http cache jackspeak@https://registry.npmjs.org/jackspeak/-/jackspeak-3.4.3.tgz 0ms (cache hit)
1057 http cache @smithy/types@https://registry.npmjs.org/@smithy/types/-/types-3.7.2.tgz 0ms (cache hit)
1058 http cache glob@https://registry.npmjs.org/glob/-/glob-10.5.0.tgz 0ms (cache hit)
1059 http cache @isaacs/cliui@https://registry.npmjs.org/@isaacs/cliui/-/cliui-8.0.2.tgz 0ms (cache hit)
1060 http cache emoji-regex@https://registry.npmjs.org/emoji-regex/-/emoji-regex-9.2.2.tgz 0ms (cache hit)
1061 http cache lru-cache@https://registry.npmjs.org/lru-cache/-/lru-cache-10.4.3.tgz 0ms (cache hit)
1062 http cache picomatch@https://registry.npmjs.org/picomatch/-/picomatch-2.3.2.tgz 0ms (cache hit)
1063 http cache @babel/types@https://registry.npmjs.org/@babel/types/-/types-7.29.0.tgz 0ms (cache hit)
1064 http cache minimatch@https://registry.npmjs.org/minimatch/-/minimatch-9.0.9.tgz 0ms (cache hit)
1065 http cache ansi-styles@https://registry.npmjs.org/ansi-styles/-/ansi-styles-6.2.3.tgz 0ms (cache hit)
1066 http cache @babel/types@https://registry.npmjs.org/@babel/types/-/types-7.29.0.tgz 0ms (cache hit)
1067 http cache @babel/types@https://registry.npmjs.org/@babel/types/-/types-7.29.0.tgz 0ms (cache hit)
1068 http cache @smithy/is-array-buffer@https://registry.npmjs.org/@smithy/is-array-buffer/-/is-array-buffer-2.2.0.tgz 0ms (cache hit)
1069 http cache @babel/types@https://registry.npmjs.org/@babel/types/-/types-7.29.0.tgz 0ms (cache hit)
1070 http cache @smithy/util-hex-encoding@https://registry.npmjs.org/@smithy/util-hex-encoding/-/util-hex-encoding-4.2.2.tgz 0ms (cache hit)
1071 http cache @smithy/util-base64@https://registry.npmjs.org/@smithy/util-base64/-/util-base64-4.3.2.tgz 0ms (cache hit)
1072 http cache @smithy/util-buffer-from@https://registry.npmjs.org/@smithy/util-buffer-from/-/util-buffer-from-2.2.0.tgz 0ms (cache hit)
1073 http cache @smithy/util-utf8@https://registry.npmjs.org/@smithy/util-utf8/-/util-utf8-4.2.2.tgz 0ms (cache hit)
1074 http cache @smithy/util-utf8@https://registry.npmjs.org/@smithy/util-utf8/-/util-utf8-3.0.0.tgz 0ms (cache hit)
1075 http cache @smithy/util-buffer-from@https://registry.npmjs.org/@smithy/util-buffer-from/-/util-buffer-from-3.0.0.tgz 0ms (cache hit)
1076 http cache @smithy/is-array-buffer@https://registry.npmjs.org/@smithy/is-array-buffer/-/is-array-buffer-3.0.0.tgz 0ms (cache hit)
1077 http cache @smithy/util-utf8@https://registry.npmjs.org/@smithy/util-utf8/-/util-utf8-4.2.2.tgz 0ms (cache hit)
1078 http cache @smithy/util-hex-encoding@https://registry.npmjs.org/@smithy/util-hex-encoding/-/util-hex-encoding-4.2.2.tgz 0ms (cache hit)
1079 http cache @smithy/util-utf8@https://registry.npmjs.org/@smithy/util-utf8/-/util-utf8-4.2.2.tgz 0ms (cache hit)
1080 http cache @smithy/util-utf8@https://registry.npmjs.org/@smithy/util-utf8/-/util-utf8-4.2.2.tgz 0ms (cache hit)
1081 http cache @smithy/util-utf8@https://registry.npmjs.org/@smithy/util-utf8/-/util-utf8-4.2.2.tgz 0ms (cache hit)
1082 http cache @smithy/util-utf8@https://registry.npmjs.org/@smithy/util-utf8/-/util-utf8-4.2.2.tgz 0ms (cache hit)
1083 http cache @smithy/util-hex-encoding@https://registry.npmjs.org/@smithy/util-hex-encoding/-/util-hex-encoding-4.2.2.tgz 0ms (cache hit)
1084 http cache @smithy/util-utf8@https://registry.npmjs.org/@smithy/util-utf8/-/util-utf8-4.2.2.tgz 0ms (cache hit)
1085 http cache strip-ansi@https://registry.npmjs.org/strip-ansi/-/strip-ansi-6.0.1.tgz 0ms (cache hit)
1086 http cache @smithy/util-utf8@https://registry.npmjs.org/@smithy/util-utf8/-/util-utf8-4.2.2.tgz 0ms (cache hit)
1087 http cache @smithy/util-base64@https://registry.npmjs.org/@smithy/util-base64/-/util-base64-4.3.2.tgz 0ms (cache hit)
1088 http cache ansi-regex@https://registry.npmjs.org/ansi-regex/-/ansi-regex-5.0.1.tgz 0ms (cache hit)
1089 http cache tslib@https://registry.npmjs.org/tslib/-/tslib-2.0.3.tgz 0ms (cache hit)
1090 http cache @smithy/util-base64@https://registry.npmjs.org/@smithy/util-base64/-/util-base64-4.3.2.tgz 0ms (cache hit)
1091 http cache @smithy/util-base64@https://registry.npmjs.org/@smithy/util-base64/-/util-base64-4.3.2.tgz 0ms (cache hit)
1092 http cache @graphql-tools/utils@https://registry.npmjs.org/@graphql-tools/utils/-/utils-9.2.1.tgz 0ms (cache hit)
1093 http cache @graphql-tools/utils@https://registry.npmjs.org/@graphql-tools/utils/-/utils-11.1.0.tgz 0ms (cache hit)
1094 http cache wrap-ansi@https://registry.npmjs.org/wrap-ansi/-/wrap-ansi-6.2.0.tgz 0ms (cache hit)
1095 http cache lodash@https://registry.npmjs.org/lodash/-/lodash-4.17.23.tgz 0ms (cache hit)
1096 http cache @graphql-tools/utils@https://registry.npmjs.org/@graphql-tools/utils/-/utils-9.2.1.tgz 0ms (cache hit)
1097 http cache tslib@https://registry.npmjs.org/tslib/-/tslib-2.3.1.tgz 0ms (cache hit)
1098 http cache @graphql-tools/utils@https://registry.npmjs.org/@graphql-tools/utils/-/utils-9.2.1.tgz 0ms (cache hit)
1099 http cache camel-case@https://registry.npmjs.org/camel-case/-/camel-case-4.1.2.tgz 0ms (cache hit)
1100 http cache @graphql-codegen/plugin-helpers@https://registry.npmjs.org/@graphql-codegen/plugin-helpers/-/plugin-helpers-1.18.8.tgz 0ms (cache hit)
1101 http cache @graphql-tools/utils@https://registry.npmjs.org/@graphql-tools/utils/-/utils-7.10.0.tgz 0ms (cache hit)
1102 http cache tslib@https://registry.npmjs.org/tslib/-/tslib-2.2.0.tgz 0ms (cache hit)
1103 http cache tslib@https://registry.npmjs.org/tslib/-/tslib-2.6.3.tgz 0ms (cache hit)
1104 http cache change-case-all@https://registry.npmjs.org/change-case-all/-/change-case-all-1.0.14.tgz 0ms (cache hit)
1105 http cache lodash@https://registry.npmjs.org/lodash/-/lodash-4.17.23.tgz 0ms (cache hit)
1106 http cache immutable@https://registry.npmjs.org/immutable/-/immutable-5.1.5.tgz 0ms (cache hit)
1107 http cache common-tags@https://registry.npmjs.org/common-tags/-/common-tags-1.8.0.tgz 0ms (cache hit)
1108 http cache @graphql-tools/relay-operation-optimizer@https://registry.npmjs.org/@graphql-tools/relay-operation-optimizer/-/relay-operation-optimizer-7.1.4.tgz 0ms (cache hit)
1109 http cache @graphql-tools/utils@https://registry.npmjs.org/@graphql-tools/utils/-/utils-10.11.0.tgz 0ms (cache hit)
1110 http cache @graphql-tools/optimize@https://registry.npmjs.org/@graphql-tools/optimize/-/optimize-2.0.0.tgz 0ms (cache hit)
1111 http cache @graphql-codegen/plugin-helpers@https://registry.npmjs.org/@graphql-codegen/plugin-helpers/-/plugin-helpers-5.1.1.tgz 0ms (cache hit)
1112 http cache @graphql-tools/utils@https://registry.npmjs.org/@graphql-tools/utils/-/utils-11.1.0.tgz 0ms (cache hit)
1113 http cache @graphql-tools/utils@https://registry.npmjs.org/@graphql-tools/utils/-/utils-10.11.0.tgz 0ms (cache hit)
1114 http cache @ardatan/relay-compiler@https://registry.npmjs.org/@ardatan/relay-compiler/-/relay-compiler-13.0.1.tgz 0ms (cache hit)
1115 http cache @graphql-codegen/plugin-helpers@https://registry.npmjs.org/@graphql-codegen/plugin-helpers/-/plugin-helpers-5.1.1.tgz 0ms (cache hit)
1116 http cache lodash@https://registry.npmjs.org/lodash/-/lodash-4.17.23.tgz 0ms (cache hit)
1117 http cache tslib@https://registry.npmjs.org/tslib/-/tslib-2.6.3.tgz 0ms (cache hit)
1118 http cache tslib@https://registry.npmjs.org/tslib/-/tslib-2.4.1.tgz 0ms (cache hit)
1119 http cache @graphql-codegen/visitor-plugin-common@https://registry.npmjs.org/@graphql-codegen/visitor-plugin-common/-/visitor-plugin-common-5.8.0.tgz 0ms (cache hit)
1120 http cache @graphql-tools/utils@https://registry.npmjs.org/@graphql-tools/utils/-/utils-9.2.1.tgz 0ms (cache hit)
1121 http cache lodash@https://registry.npmjs.org/lodash/-/lodash-4.17.23.tgz 0ms (cache hit)
1122 http cache tslib@https://registry.npmjs.org/tslib/-/tslib-2.4.1.tgz 0ms (cache hit)
1123 http cache @graphql-tools/utils@https://registry.npmjs.org/@graphql-tools/utils/-/utils-9.2.1.tgz 0ms (cache hit)
1124 http cache jsesc@https://registry.npmjs.org/jsesc/-/jsesc-3.1.0.tgz 0ms (cache hit)
1125 http cache @babel/types@https://registry.npmjs.org/@babel/types/-/types-7.29.0.tgz 0ms (cache hit)
1126 http cache @babel/types@https://registry.npmjs.org/@babel/types/-/types-7.29.0.tgz 0ms (cache hit)
1127 http cache @babel/types@https://registry.npmjs.org/@babel/types/-/types-7.29.0.tgz 0ms (cache hit)
1128 http cache @babel/types@https://registry.npmjs.org/@babel/types/-/types-7.29.0.tgz 0ms (cache hit)
1129 http cache @babel/generator@https://registry.npmjs.org/@babel/generator/-/generator-7.29.1.tgz 0ms (cache hit)
1130 http cache @babel/types@https://registry.npmjs.org/@babel/types/-/types-7.29.0.tgz 0ms (cache hit)
1131 http cache @babel/types@https://registry.npmjs.org/@babel/types/-/types-7.29.0.tgz 0ms (cache hit)
1132 http cache @babel/types@https://registry.npmjs.org/@babel/types/-/types-7.29.0.tgz 0ms (cache hit)
1133 http cache @babel/types@https://registry.npmjs.org/@babel/types/-/types-7.29.0.tgz 0ms (cache hit)
1134 http cache semver@https://registry.npmjs.org/semver/-/semver-6.3.1.tgz 0ms (cache hit)
1135 http cache semver@https://registry.npmjs.org/semver/-/semver-6.3.1.tgz 0ms (cache hit)
1136 http cache @babel/generator@https://registry.npmjs.org/@babel/generator/-/generator-7.29.1.tgz 0ms (cache hit)
1137 http cache @babel/types@https://registry.npmjs.org/@babel/types/-/types-7.29.0.tgz 0ms (cache hit)
1138 http cache semver@https://registry.npmjs.org/semver/-/semver-6.3.1.tgz 0ms (cache hit)
1139 http cache @babel/types@https://registry.npmjs.org/@babel/types/-/types-7.29.0.tgz 0ms (cache hit)
1140 http cache @babel/types@https://registry.npmjs.org/@babel/types/-/types-7.29.0.tgz 0ms (cache hit)
1141 http cache jsesc@https://registry.npmjs.org/jsesc/-/jsesc-3.1.0.tgz 0ms (cache hit)
1142 http cache @smithy/util-utf8@https://registry.npmjs.org/@smithy/util-utf8/-/util-utf8-4.2.2.tgz 0ms (cache hit)
1143 http cache @smithy/util-base64@https://registry.npmjs.org/@smithy/util-base64/-/util-base64-4.3.2.tgz 0ms (cache hit)
1144 http cache @smithy/util-base64@https://registry.npmjs.org/@smithy/util-base64/-/util-base64-4.3.2.tgz 0ms (cache hit)
1145 http cache @smithy/util-base64@https://registry.npmjs.org/@smithy/util-base64/-/util-base64-4.3.2.tgz 0ms (cache hit)
1146 http cache @smithy/util-utf8@https://registry.npmjs.org/@smithy/util-utf8/-/util-utf8-4.2.2.tgz 0ms (cache hit)
1147 http cache @smithy/util-utf8@https://registry.npmjs.org/@smithy/util-utf8/-/util-utf8-4.2.2.tgz 0ms (cache hit)
1148 http cache @smithy/util-utf8@https://registry.npmjs.org/@smithy/util-utf8/-/util-utf8-4.2.2.tgz 0ms (cache hit)
1149 http cache @smithy/util-utf8@https://registry.npmjs.org/@smithy/util-utf8/-/util-utf8-4.2.2.tgz 0ms (cache hit)
1150 http cache @smithy/util-utf8@https://registry.npmjs.org/@smithy/util-utf8/-/util-utf8-4.2.2.tgz 0ms (cache hit)
1151 http cache @smithy/util-base64@https://registry.npmjs.org/@smithy/util-base64/-/util-base64-4.3.2.tgz 0ms (cache hit)
1152 http cache @smithy/util-utf8@https://registry.npmjs.org/@smithy/util-utf8/-/util-utf8-4.2.2.tgz 0ms (cache hit)
1153 http cache @smithy/util-base64@https://registry.npmjs.org/@smithy/util-base64/-/util-base64-4.3.2.tgz 0ms (cache hit)
1154 http cache @smithy/util-base64@https://registry.npmjs.org/@smithy/util-base64/-/util-base64-4.3.2.tgz 0ms (cache hit)
1155 http cache @smithy/util-base64@https://registry.npmjs.org/@smithy/util-base64/-/util-base64-4.3.2.tgz 0ms (cache hit)
1156 http cache @smithy/util-utf8@https://registry.npmjs.org/@smithy/util-utf8/-/util-utf8-4.2.2.tgz 0ms (cache hit)
1157 http cache @smithy/util-utf8@https://registry.npmjs.org/@smithy/util-utf8/-/util-utf8-4.2.2.tgz 0ms (cache hit)
1158 http cache @smithy/util-utf8@https://registry.npmjs.org/@smithy/util-utf8/-/util-utf8-4.2.2.tgz 0ms (cache hit)
1159 http cache @smithy/util-base64@https://registry.npmjs.org/@smithy/util-base64/-/util-base64-4.3.2.tgz 0ms (cache hit)
1160 http cache @smithy/util-base64@https://registry.npmjs.org/@smithy/util-base64/-/util-base64-4.3.2.tgz 0ms (cache hit)
1161 http cache @smithy/util-utf8@https://registry.npmjs.org/@smithy/util-utf8/-/util-utf8-4.2.2.tgz 0ms (cache hit)
1162 http cache @smithy/util-utf8@https://registry.npmjs.org/@smithy/util-utf8/-/util-utf8-4.2.2.tgz 0ms (cache hit)
1163 http cache @smithy/util-base64@https://registry.npmjs.org/@smithy/util-base64/-/util-base64-4.3.2.tgz 0ms (cache hit)
1164 http cache @smithy/util-utf8@https://registry.npmjs.org/@smithy/util-utf8/-/util-utf8-4.2.2.tgz 0ms (cache hit)
1165 http cache @smithy/util-utf8@https://registry.npmjs.org/@smithy/util-utf8/-/util-utf8-4.2.2.tgz 0ms (cache hit)
1166 http cache @smithy/util-base64@https://registry.npmjs.org/@smithy/util-base64/-/util-base64-4.3.2.tgz 0ms (cache hit)
1167 http cache @smithy/util-utf8@https://registry.npmjs.org/@smithy/util-utf8/-/util-utf8-4.2.2.tgz 0ms (cache hit)
1168 http cache @smithy/util-base64@https://registry.npmjs.org/@smithy/util-base64/-/util-base64-4.3.2.tgz 0ms (cache hit)
1169 http cache @smithy/util-utf8@https://registry.npmjs.org/@smithy/util-utf8/-/util-utf8-4.2.2.tgz 0ms (cache hit)
1170 http cache @smithy/util-base64@https://registry.npmjs.org/@smithy/util-base64/-/util-base64-4.3.2.tgz 0ms (cache hit)
1171 http cache @smithy/util-base64@https://registry.npmjs.org/@smithy/util-base64/-/util-base64-4.3.2.tgz 0ms (cache hit)
1172 http cache @smithy/util-utf8@https://registry.npmjs.org/@smithy/util-utf8/-/util-utf8-4.2.2.tgz 0ms (cache hit)
1173 http cache @smithy/util-base64@https://registry.npmjs.org/@smithy/util-base64/-/util-base64-4.3.2.tgz 0ms (cache hit)
1174 http cache @smithy/util-utf8@https://registry.npmjs.org/@smithy/util-utf8/-/util-utf8-4.2.2.tgz 0ms (cache hit)
1175 http cache @smithy/util-base64@https://registry.npmjs.org/@smithy/util-base64/-/util-base64-4.3.2.tgz 0ms (cache hit)
1176 http cache @smithy/util-utf8@https://registry.npmjs.org/@smithy/util-utf8/-/util-utf8-4.2.2.tgz 0ms (cache hit)
1177 http cache @smithy/util-utf8@https://registry.npmjs.org/@smithy/util-utf8/-/util-utf8-4.2.2.tgz 0ms (cache hit)
1178 http cache @smithy/util-base64@https://registry.npmjs.org/@smithy/util-base64/-/util-base64-4.3.2.tgz 0ms (cache hit)
1179 http cache @smithy/util-utf8@https://registry.npmjs.org/@smithy/util-utf8/-/util-utf8-4.2.2.tgz 0ms (cache hit)
1180 http cache @smithy/util-base64@https://registry.npmjs.org/@smithy/util-base64/-/util-base64-4.3.2.tgz 0ms (cache hit)
1181 http cache @smithy/util-utf8@https://registry.npmjs.org/@smithy/util-utf8/-/util-utf8-4.2.2.tgz 0ms (cache hit)
1182 http cache @smithy/util-base64@https://registry.npmjs.org/@smithy/util-base64/-/util-base64-4.3.2.tgz 0ms (cache hit)
1183 http cache @smithy/util-base64@https://registry.npmjs.org/@smithy/util-base64/-/util-base64-4.3.2.tgz 0ms (cache hit)
1184 http cache @smithy/util-utf8@https://registry.npmjs.org/@smithy/util-utf8/-/util-utf8-4.2.2.tgz 0ms (cache hit)
1185 http cache @smithy/util-base64@https://registry.npmjs.org/@smithy/util-base64/-/util-base64-4.3.2.tgz 0ms (cache hit)
1186 http cache @smithy/util-base64@https://registry.npmjs.org/@smithy/util-base64/-/util-base64-4.3.2.tgz 0ms (cache hit)
1187 http cache @smithy/util-utf8@https://registry.npmjs.org/@smithy/util-utf8/-/util-utf8-4.2.2.tgz 0ms (cache hit)
1188 http cache @smithy/util-utf8@https://registry.npmjs.org/@smithy/util-utf8/-/util-utf8-4.2.2.tgz 0ms (cache hit)
1189 http cache @smithy/util-base64@https://registry.npmjs.org/@smithy/util-base64/-/util-base64-4.3.2.tgz 0ms (cache hit)
1190 http cache @smithy/util-utf8@https://registry.npmjs.org/@smithy/util-utf8/-/util-utf8-4.2.2.tgz 0ms (cache hit)
1191 http cache @smithy/util-base64@https://registry.npmjs.org/@smithy/util-base64/-/util-base64-4.3.2.tgz 0ms (cache hit)
1192 http cache @smithy/util-utf8@https://registry.npmjs.org/@smithy/util-utf8/-/util-utf8-4.2.2.tgz 0ms (cache hit)
1193 http cache @smithy/util-base64@https://registry.npmjs.org/@smithy/util-base64/-/util-base64-4.3.2.tgz 0ms (cache hit)
1194 http cache @smithy/util-utf8@https://registry.npmjs.org/@smithy/util-utf8/-/util-utf8-4.2.2.tgz 0ms (cache hit)
1195 http cache @smithy/util-base64@https://registry.npmjs.org/@smithy/util-base64/-/util-base64-4.3.2.tgz 0ms (cache hit)
1196 http cache @smithy/util-utf8@https://registry.npmjs.org/@smithy/util-utf8/-/util-utf8-4.2.2.tgz 0ms (cache hit)
1197 http cache @smithy/util-base64@https://registry.npmjs.org/@smithy/util-base64/-/util-base64-4.3.2.tgz 0ms (cache hit)
1198 http cache @smithy/util-base64@https://registry.npmjs.org/@smithy/util-base64/-/util-base64-4.3.2.tgz 0ms (cache hit)
1199 http cache universalify@https://registry.npmjs.org/universalify/-/universalify-2.0.1.tgz 0ms (cache hit)
1200 http cache strip-ansi@https://registry.npmjs.org/strip-ansi/-/strip-ansi-6.0.1.tgz 0ms (cache hit)
1201 http cache wrap-ansi@https://registry.npmjs.org/wrap-ansi/-/wrap-ansi-7.0.0.tgz 0ms (cache hit)
1202 http cache chalk@https://registry.npmjs.org/chalk/-/chalk-4.1.2.tgz 0ms (cache hit)
1203 http cache chalk@https://registry.npmjs.org/chalk/-/chalk-4.1.2.tgz 0ms (cache hit)
1204 http cache ansi-regex@https://registry.npmjs.org/ansi-regex/-/ansi-regex-5.0.1.tgz 0ms (cache hit)
1205 http cache jsonfile@https://registry.npmjs.org/jsonfile/-/jsonfile-6.2.1.tgz 0ms (cache hit)
1206 http cache @aws-cdk/service-spec-types@https://registry.npmjs.org/@aws-cdk/service-spec-types/-/service-spec-types-0.0.243.tgz 0ms (cache hit)
1207 http cache buffer@https://registry.npmjs.org/buffer/-/buffer-4.9.2.tgz 0ms (cache hit)
1208 http cache isarray@https://registry.npmjs.org/isarray/-/isarray-1.0.0.tgz 0ms (cache hit)
1209 http cache fs-extra@https://registry.npmjs.org/fs-extra/-/fs-extra-9.1.0.tgz 0ms (cache hit)
1210 http cache @smithy/md5-js@https://registry.npmjs.org/@smithy/md5-js/-/md5-js-2.0.7.tgz 0ms (cache hit)
1211 http cache yargs@https://registry.npmjs.org/yargs/-/yargs-15.4.1.tgz 0ms (cache hit)
1212 http cache @smithy/types@https://registry.npmjs.org/@smithy/types/-/types-2.12.0.tgz 0ms (cache hit)
1213 http cache wrap-ansi@https://registry.npmjs.org/wrap-ansi/-/wrap-ansi-6.2.0.tgz 0ms (cache hit)
1214 http cache yargs-parser@https://registry.npmjs.org/yargs-parser/-/yargs-parser-18.1.3.tgz 0ms (cache hit)
1215 http cache strip-ansi@https://registry.npmjs.org/strip-ansi/-/strip-ansi-6.0.1.tgz 0ms (cache hit)
1216 http cache ansi-regex@https://registry.npmjs.org/ansi-regex/-/ansi-regex-5.0.1.tgz 0ms (cache hit)
1217 http cache y18n@https://registry.npmjs.org/y18n/-/y18n-4.0.3.tgz 0ms (cache hit)
1218 http cache graphql-transformer-common@https://registry.npmjs.org/graphql-transformer-common/-/graphql-transformer-common-5.1.4.tgz 0ms (cache hit)
1219 http cache ts-dedent@https://registry.npmjs.org/ts-dedent/-/ts-dedent-2.2.0.tgz 0ms (cache hit)
1220 http cache supports-color@https://registry.npmjs.org/supports-color/-/supports-color-5.5.0.tgz 0ms (cache hit)
1221 http cache restore-cursor@https://registry.npmjs.org/restore-cursor/-/restore-cursor-3.1.0.tgz 0ms (cache hit)
1222 http cache cliui@https://registry.npmjs.org/cliui/-/cliui-6.0.0.tgz 0ms (cache hit)
1223 http cache universalify@https://registry.npmjs.org/universalify/-/universalify-2.0.1.tgz 0ms (cache hit)
1224 http cache @smithy/util-utf8@https://registry.npmjs.org/@smithy/util-utf8/-/util-utf8-4.2.2.tgz 0ms (cache hit)
1225 http cache strip-ansi@https://registry.npmjs.org/strip-ansi/-/strip-ansi-6.0.1.tgz 0ms (cache hit)
1226 http cache signal-exit@https://registry.npmjs.org/signal-exit/-/signal-exit-3.0.7.tgz 0ms (cache hit)
1227 http cache prettier@https://registry.npmjs.org/prettier/-/prettier-1.19.1.tgz 0ms (cache hit)
1228 http cache ora@https://registry.npmjs.org/ora/-/ora-4.1.1.tgz 0ms (cache hit)
1229 http cache onetime@https://registry.npmjs.org/onetime/-/onetime-5.1.2.tgz 0ms (cache hit)
1230 http cache chalk@https://registry.npmjs.org/chalk/-/chalk-2.4.2.tgz 0ms (cache hit)
1231 http cache has-flag@https://registry.npmjs.org/has-flag/-/has-flag-3.0.0.tgz 0ms (cache hit)
1232 http cache is-interactive@https://registry.npmjs.org/is-interactive/-/is-interactive-1.0.0.tgz 0ms (cache hit)
1233 http cache mute-stream@https://registry.npmjs.org/mute-stream/-/mute-stream-0.0.8.tgz 0ms (cache hit)
1234 http cache fs-extra@https://registry.npmjs.org/fs-extra/-/fs-extra-11.1.1.tgz 0ms (cache hit)
1235 http cache color-name@https://registry.npmjs.org/color-name/-/color-name-1.1.3.tgz 0ms (cache hit)
1236 http cache cli-cursor@https://registry.npmjs.org/cli-cursor/-/cli-cursor-3.1.0.tgz 0ms (cache hit)
1237 http cache color-convert@https://registry.npmjs.org/color-convert/-/color-convert-1.9.3.tgz 0ms (cache hit)
1238 http cache jsonfile@https://registry.npmjs.org/jsonfile/-/jsonfile-6.2.1.tgz 0ms (cache hit)
1239 http cache graphql-transformer-common@https://registry.npmjs.org/graphql-transformer-common/-/graphql-transformer-common-5.1.4.tgz 0ms (cache hit)
1240 http cache ansi-regex@https://registry.npmjs.org/ansi-regex/-/ansi-regex-5.0.1.tgz 0ms (cache hit)
1241 http cache prettier@https://registry.npmjs.org/prettier/-/prettier-1.19.1.tgz 0ms (cache hit)
1242 http cache @graphql-tools/utils@https://registry.npmjs.org/@graphql-tools/utils/-/utils-9.2.1.tgz 0ms (cache hit)
1243 http cache log-symbols@https://registry.npmjs.org/log-symbols/-/log-symbols-3.0.0.tgz 0ms (cache hit)
1244 http cache @aws-amplify/graphql-directives@https://registry.npmjs.org/@aws-amplify/graphql-directives/-/graphql-directives-1.1.1.tgz 0ms (cache hit)
1245 http cache y18n@https://registry.npmjs.org/y18n/-/y18n-4.0.3.tgz 0ms (cache hit)
1246 http cache yargs@https://registry.npmjs.org/yargs/-/yargs-15.4.1.tgz 0ms (cache hit)
1247 http cache wrap-ansi@https://registry.npmjs.org/wrap-ansi/-/wrap-ansi-6.2.0.tgz 0ms (cache hit)
1248 http cache strip-ansi@https://registry.npmjs.org/strip-ansi/-/strip-ansi-6.0.1.tgz 0ms (cache hit)
1249 http cache cliui@https://registry.npmjs.org/cliui/-/cliui-6.0.0.tgz 0ms (cache hit)
1250 http cache ansi-regex@https://registry.npmjs.org/ansi-regex/-/ansi-regex-5.0.1.tgz 0ms (cache hit)
1251 http cache isarray@https://registry.npmjs.org/isarray/-/isarray-1.0.0.tgz 0ms (cache hit)
1252 http cache buffer@https://registry.npmjs.org/buffer/-/buffer-4.9.2.tgz 0ms (cache hit)
1253 http cache graphql@https://registry.npmjs.org/graphql/-/graphql-15.8.0.tgz 0ms (cache hit)
1254 http cache yargs-parser@https://registry.npmjs.org/yargs-parser/-/yargs-parser-18.1.3.tgz 0ms (cache hit)
1255 http cache prettier@https://registry.npmjs.org/prettier/-/prettier-2.3.2.tgz 0ms (cache hit)
1256 http cache graphql@https://registry.npmjs.org/graphql/-/graphql-15.8.0.tgz 0ms (cache hit)
1257 http cache @smithy/util-buffer-from@https://registry.npmjs.org/@smithy/util-buffer-from/-/util-buffer-from-2.2.0.tgz 0ms (cache hit)
1258 http cache ansi-styles@https://registry.npmjs.org/ansi-styles/-/ansi-styles-3.2.1.tgz 0ms (cache hit)
1259 http cache @smithy/util-utf8@https://registry.npmjs.org/@smithy/util-utf8/-/util-utf8-2.0.0.tgz 0ms (cache hit)
1260 http cache yargs-parser@https://registry.npmjs.org/yargs-parser/-/yargs-parser-18.1.3.tgz 0ms (cache hit)
1261 http cache @smithy/is-array-buffer@https://registry.npmjs.org/@smithy/is-array-buffer/-/is-array-buffer-2.2.0.tgz 0ms (cache hit)
1262 http cache y18n@https://registry.npmjs.org/y18n/-/y18n-4.0.3.tgz 0ms (cache hit)
1263 http cache yargs@https://registry.npmjs.org/yargs/-/yargs-15.4.1.tgz 0ms (cache hit)
1264 http cache wrap-ansi@https://registry.npmjs.org/wrap-ansi/-/wrap-ansi-6.2.0.tgz 0ms (cache hit)
1265 http cache minimatch@https://registry.npmjs.org/minimatch/-/minimatch-3.1.5.tgz 0ms (cache hit)
1266 http cache typescript@https://registry.npmjs.org/typescript/-/typescript-4.4.4.tgz 0ms (cache hit)
1267 http cache glob@https://registry.npmjs.org/glob/-/glob-7.2.3.tgz 0ms (cache hit)
1268 http cache jsesc@https://registry.npmjs.org/jsesc/-/jsesc-3.1.0.tgz 0ms (cache hit)
1269 http cache strip-ansi@https://registry.npmjs.org/strip-ansi/-/strip-ansi-6.0.1.tgz 0ms (cache hit)
1270 http cache cliui@https://registry.npmjs.org/cliui/-/cliui-6.0.0.tgz 0ms (cache hit)
1271 http cache brace-expansion@https://registry.npmjs.org/brace-expansion/-/brace-expansion-1.1.14.tgz 0ms (cache hit)
1272 http cache ansi-regex@https://registry.npmjs.org/ansi-regex/-/ansi-regex-5.0.1.tgz 0ms (cache hit)
1273 http cache @babel/types@https://registry.npmjs.org/@babel/types/-/types-7.29.0.tgz 0ms (cache hit)
1274 silly tarball no local data for json-schema-to-ts@https://registry.npmjs.org/json-schema-to-ts/-/json-schema-to-ts-3.1.1.tgz. Extracting by manifest.
1275 silly tarball no local data for zip-stream@https://registry.npmjs.org/zip-stream/-/zip-stream-6.0.1.tgz. Extracting by manifest.
1276 silly tarball no local data for @aws-sdk/middleware-eventstream@https://registry.npmjs.org/@aws-sdk/middleware-eventstream/-/middleware-eventstream-3.821.0.tgz. Extracting by manifest.
1277 silly tarball no local data for @aws-sdk/eventstream-handler-node@https://registry.npmjs.org/@aws-sdk/eventstream-handler-node/-/eventstream-handler-node-3.821.0.tgz. Extracting by manifest.
1278 http cache chalk@https://registry.npmjs.org/chalk/-/chalk-4.1.2.tgz 0ms (cache hit)
1279 silly tarball no local data for ts-algebra@https://registry.npmjs.org/ts-algebra/-/ts-algebra-2.0.0.tgz. Extracting by manifest.
1280 silly tarball no local data for yoctocolors@https://registry.npmjs.org/yoctocolors/-/yoctocolors-2.1.2.tgz. Extracting by manifest.
1281 silly tarball no local data for zod@https://registry.npmjs.org/zod/-/zod-3.25.17.tgz. Extracting by manifest.
1282 silly tarball no local data for yup@https://registry.npmjs.org/yup/-/yup-0.32.11.tgz. Extracting by manifest.
1283 silly tarball no local data for yoctocolors-cjs@https://registry.npmjs.org/yoctocolors-cjs/-/yoctocolors-cjs-2.1.3.tgz. Extracting by manifest.
1284 http cache @babel/generator@https://registry.npmjs.org/@babel/generator/-/generator-7.29.1.tgz 0ms (cache hit)
1285 silly tarball no local data for yargs@https://registry.npmjs.org/yargs/-/yargs-17.7.2.tgz. Extracting by manifest.
1286 silly tarball no local data for yocto-queue@https://registry.npmjs.org/yocto-queue/-/yocto-queue-0.1.0.tgz. Extracting by manifest.
1287 silly tarball no local data for yargs-parser@https://registry.npmjs.org/yargs-parser/-/yargs-parser-21.1.1.tgz. Extracting by manifest.
1288 silly tarball no local data for yallist@https://registry.npmjs.org/yallist/-/yallist-3.1.1.tgz. Extracting by manifest.
1289 silly tarball no local data for xtend@https://registry.npmjs.org/xtend/-/xtend-4.0.2.tgz. Extracting by manifest.
1290 silly tarball no local data for yaml@https://registry.npmjs.org/yaml/-/yaml-1.10.3.tgz. Extracting by manifest.
1291 silly tarball no local data for wrappy@https://registry.npmjs.org/wrappy/-/wrappy-1.0.2.tgz. Extracting by manifest.
1292 silly tarball no local data for wsl-utils@https://registry.npmjs.org/wsl-utils/-/wsl-utils-0.1.0.tgz. Extracting by manifest.
1293 silly tarball no local data for y18n@https://registry.npmjs.org/y18n/-/y18n-5.0.8.tgz. Extracting by manifest.
1294 http cache tslib@https://registry.npmjs.org/tslib/-/tslib-2.0.3.tgz 0ms (cache hit)
1295 silly tarball no local data for wrap-ansi-cjs@https://registry.npmjs.org/wrap-ansi/-/wrap-ansi-7.0.0.tgz. Extracting by manifest.
1296 silly tarball no local data for wordwrap@https://registry.npmjs.org/wordwrap/-/wordwrap-1.0.0.tgz. Extracting by manifest.
1297 silly tarball no local data for wrap-ansi@https://registry.npmjs.org/wrap-ansi/-/wrap-ansi-9.0.2.tgz. Extracting by manifest.
1298 silly tarball no local data for which-collection@https://registry.npmjs.org/which-collection/-/which-collection-1.0.2.tgz. Extracting by manifest.
1299 silly tarball no local data for which-module@https://registry.npmjs.org/which-module/-/which-module-2.0.1.tgz. Extracting by manifest.
1300 silly tarball no local data for which-builtin-type@https://registry.npmjs.org/which-builtin-type/-/which-builtin-type-1.2.1.tgz. Extracting by manifest.
1301 silly tarball no local data for which-boxed-primitive@https://registry.npmjs.org/which-boxed-primitive/-/which-boxed-primitive-1.1.1.tgz. Extracting by manifest.
1302 silly tarball no local data for which@https://registry.npmjs.org/which/-/which-2.0.2.tgz. Extracting by manifest.
1303 silly tarball no local data for whatwg-url@https://registry.npmjs.org/whatwg-url/-/whatwg-url-5.0.0.tgz. Extracting by manifest.
1304 silly tarball no local data for xstate@https://registry.npmjs.org/xstate/-/xstate-4.38.3.tgz. Extracting by manifest.
1305 silly tarball no local data for whatwg-mimetype@https://registry.npmjs.org/whatwg-mimetype/-/whatwg-mimetype-4.0.0.tgz. Extracting by manifest.
1306 silly tarball no local data for which-typed-array@https://registry.npmjs.org/which-typed-array/-/which-typed-array-1.1.20.tgz. Extracting by manifest.
1307 silly tarball no local data for wcwidth@https://registry.npmjs.org/wcwidth/-/wcwidth-1.0.1.tgz. Extracting by manifest.
1308 silly tarball no local data for uuid@https://registry.npmjs.org/uuid/-/uuid-11.1.1.tgz. Extracting by manifest.
1309 silly tarball no local data for use-isomorphic-layout-effect@https://registry.npmjs.org/use-isomorphic-layout-effect/-/use-isomorphic-layout-effect-1.2.1.tgz. Extracting by manifest.
1310 silly tarball no local data for web-streams-polyfill@https://registry.npmjs.org/web-streams-polyfill/-/web-streams-polyfill-3.3.3.tgz. Extracting by manifest.
1311 silly tarball no local data for value-or-promise@https://registry.npmjs.org/value-or-promise/-/value-or-promise-1.0.12.tgz. Extracting by manifest.
1312 silly tarball no local data for webidl-conversions@https://registry.npmjs.org/webidl-conversions/-/webidl-conversions-3.0.1.tgz. Extracting by manifest.
1313 silly tarball no local data for vite@https://registry.npmjs.org/vite/-/vite-5.4.21.tgz. Extracting by manifest.
1314 silly tarball no local data for use-sidecar@https://registry.npmjs.org/use-sidecar/-/use-sidecar-1.1.3.tgz. Extracting by manifest.
1315 silly tarball no local data for util-deprecate@https://registry.npmjs.org/util-deprecate/-/util-deprecate-1.0.2.tgz. Extracting by manifest.
1316 silly tarball no local data for urlpattern-polyfill@https://registry.npmjs.org/urlpattern-polyfill/-/urlpattern-polyfill-10.1.0.tgz. Extracting by manifest.
1317 silly tarball no local data for unc-path-regex@https://registry.npmjs.org/unc-path-regex/-/unc-path-regex-0.1.2.tgz. Extracting by manifest.
1318 silly tarball no local data for use-sync-external-store@https://registry.npmjs.org/use-sync-external-store/-/use-sync-external-store-1.6.0.tgz. Extracting by manifest.
1319 silly tarball no local data for use-callback-ref@https://registry.npmjs.org/use-callback-ref/-/use-callback-ref-1.3.3.tgz. Extracting by manifest.
1320 silly tarball no local data for upper-case@https://registry.npmjs.org/upper-case/-/upper-case-2.0.2.tgz. Extracting by manifest.
1321 silly tarball no local data for upper-case-first@https://registry.npmjs.org/upper-case-first/-/upper-case-first-2.0.2.tgz. Extracting by manifest.
1322 silly tarball no local data for unbox-primitive@https://registry.npmjs.org/unbox-primitive/-/unbox-primitive-1.1.0.tgz. Extracting by manifest.
1323 silly tarball no local data for uglify-js@https://registry.npmjs.org/uglify-js/-/uglify-js-3.19.3.tgz. Extracting by manifest.
1324 silly tarball no local data for typescript@https://registry.npmjs.org/typescript/-/typescript-5.9.3.tgz. Extracting by manifest.
1325 silly tarball no local data for ulid@https://registry.npmjs.org/ulid/-/ulid-2.4.0.tgz. Extracting by manifest.
1326 silly tarball no local data for update-browserslist-db@https://registry.npmjs.org/update-browserslist-db/-/update-browserslist-db-1.2.3.tgz. Extracting by manifest.
1327 silly tarball no local data for typed-array-length@https://registry.npmjs.org/typed-array-length/-/typed-array-length-1.0.7.tgz. Extracting by manifest.
1328 silly tarball no local data for typed-array-byte-offset@https://registry.npmjs.org/typed-array-byte-offset/-/typed-array-byte-offset-1.0.4.tgz. Extracting by manifest.
1329 silly tarball no local data for tsx@https://registry.npmjs.org/tsx/-/tsx-4.19.4.tgz. Extracting by manifest.
1330 silly tarball no local data for typed-array-byte-length@https://registry.npmjs.org/typed-array-byte-length/-/typed-array-byte-length-1.0.3.tgz. Extracting by manifest.
1331 silly tarball no local data for tslib@https://registry.npmjs.org/tslib/-/tslib-2.8.1.tgz. Extracting by manifest.
1332 silly tarball no local data for unicorn-magic@https://registry.npmjs.org/unicorn-magic/-/unicorn-magic-0.3.0.tgz. Extracting by manifest.
1333 silly tarball no local data for ts-dedent@https://registry.npmjs.org/ts-dedent/-/ts-dedent-1.2.0.tgz. Extracting by manifest.
1334 silly tarball no local data for ua-parser-js@https://registry.npmjs.org/ua-parser-js/-/ua-parser-js-1.0.41.tgz. Extracting by manifest.
1335 silly tarball no local data for typed-array-buffer@https://registry.npmjs.org/typed-array-buffer/-/typed-array-buffer-1.0.3.tgz. Extracting by manifest.
1336 silly tarball no local data for trim-right@https://registry.npmjs.org/trim-right/-/trim-right-1.0.1.tgz. Extracting by manifest.
1337 silly tarball no local data for tr46@https://registry.npmjs.org/tr46/-/tr46-0.0.3.tgz. Extracting by manifest.
1338 silly tarball no local data for ts-interface-checker@https://registry.npmjs.org/ts-interface-checker/-/ts-interface-checker-0.1.13.tgz. Extracting by manifest.
1339 silly tarball no local data for toposort@https://registry.npmjs.org/toposort/-/toposort-2.0.2.tgz. Extracting by manifest.
1340 silly tarball no local data for tinyglobby@https://registry.npmjs.org/tinyglobby/-/tinyglobby-0.2.16.tgz. Extracting by manifest.
1341 silly tarball no local data for to-regex-range@https://registry.npmjs.org/to-regex-range/-/to-regex-range-5.0.1.tgz. Extracting by manifest.
1342 silly tarball no local data for timeout-signal@https://registry.npmjs.org/timeout-signal/-/timeout-signal-2.0.0.tgz. Extracting by manifest.
1343 silly tarball no local data for tildify@https://registry.npmjs.org/tildify/-/tildify-2.0.0.tgz. Extracting by manifest.
1344 silly tarball no local data for thenify-all@https://registry.npmjs.org/thenify-all/-/thenify-all-1.6.0.tgz. Extracting by manifest.
1345 silly tarball no local data for thenify@https://registry.npmjs.org/thenify/-/thenify-3.3.1.tgz. Extracting by manifest.
1346 silly tarball no local data for teex@https://registry.npmjs.org/teex/-/teex-1.0.1.tgz. Extracting by manifest.
1347 silly tarball no local data for text-decoder@https://registry.npmjs.org/text-decoder/-/text-decoder-1.2.7.tgz. Extracting by manifest.
1348 silly tarball no local data for title-case@https://registry.npmjs.org/title-case/-/title-case-3.0.3.tgz. Extracting by manifest.
1349 silly tarball no local data for tarn@https://registry.npmjs.org/tarn/-/tarn-3.0.2.tgz. Extracting by manifest.
1350 silly tarball no local data for table@https://registry.npmjs.org/table/-/table-6.9.0.tgz. Extracting by manifest.
1351 silly tarball no local data for universalify@https://registry.npmjs.org/universalify/-/universalify-0.1.2.tgz. Extracting by manifest.
1352 silly tarball no local data for sync-fetch@https://registry.npmjs.org/sync-fetch/-/sync-fetch-0.6.0.tgz. Extracting by manifest.
1353 silly tarball no local data for swap-case@https://registry.npmjs.org/swap-case/-/swap-case-2.0.2.tgz. Extracting by manifest.
1354 silly tarball no local data for supports-color@https://registry.npmjs.org/supports-color/-/supports-color-7.2.0.tgz. Extracting by manifest.
1355 silly tarball no local data for supports-preserve-symlinks-flag@https://registry.npmjs.org/supports-preserve-symlinks-flag/-/supports-preserve-symlinks-flag-1.0.0.tgz. Extracting by manifest.
1356 silly tarball no local data for tar-stream@https://registry.npmjs.org/tar-stream/-/tar-stream-3.2.0.tgz. Extracting by manifest.
1357 silly tarball no local data for strnum@https://registry.npmjs.org/strnum/-/strnum-2.2.3.tgz. Extracting by manifest.
1358 silly tarball no local data for sucrase@https://registry.npmjs.org/sucrase/-/sucrase-3.35.1.tgz. Extracting by manifest.
1359 silly tarball no local data for to-fast-properties@https://registry.npmjs.org/to-fast-properties/-/to-fast-properties-2.0.0.tgz. Extracting by manifest.
1360 silly tarball no local data for strip-ansi-cjs@https://registry.npmjs.org/strip-ansi/-/strip-ansi-6.0.1.tgz. Extracting by manifest.
1361 silly tarball no local data for strip-indent@https://registry.npmjs.org/strip-indent/-/strip-indent-3.0.0.tgz. Extracting by manifest.
1362 silly tarball no local data for strip-ansi@https://registry.npmjs.org/strip-ansi/-/strip-ansi-7.2.0.tgz. Extracting by manifest.
1363 silly tarball no local data for tailwindcss@https://registry.npmjs.org/tailwindcss/-/tailwindcss-3.4.19.tgz. Extracting by manifest.
1364 silly tarball no local data for string.prototype.trimstart@https://registry.npmjs.org/string.prototype.trimstart/-/string.prototype.trimstart-1.0.8.tgz. Extracting by manifest.
1365 silly tarball no local data for string-width@https://registry.npmjs.org/string-width/-/string-width-4.2.3.tgz. Extracting by manifest.
1366 silly tarball no local data for string_decoder@https://registry.npmjs.org/string_decoder/-/string_decoder-1.3.0.tgz. Extracting by manifest.
1367 silly tarball no local data for string.prototype.trim@https://registry.npmjs.org/string.prototype.trim/-/string.prototype.trim-1.2.10.tgz. Extracting by manifest.
1368 silly tarball no local data for string.prototype.trimend@https://registry.npmjs.org/string.prototype.trimend/-/string.prototype.trimend-1.0.9.tgz. Extracting by manifest.
1369 silly tarball no local data for streamx@https://registry.npmjs.org/streamx/-/streamx-2.25.0.tgz. Extracting by manifest.
1370 silly tarball no local data for stream-browserify@https://registry.npmjs.org/stream-browserify/-/stream-browserify-3.0.0.tgz. Extracting by manifest.
1371 silly tarball no local data for stop-iteration-iterator@https://registry.npmjs.org/stop-iteration-iterator/-/stop-iteration-iterator-1.1.0.tgz. Extracting by manifest.
1372 silly tarball no local data for string-width-cjs@https://registry.npmjs.org/string-width/-/string-width-4.2.3.tgz. Extracting by manifest.
1373 silly tarball no local data for sponge-case@https://registry.npmjs.org/sponge-case/-/sponge-case-1.0.1.tgz. Extracting by manifest.
1374 silly tarball no local data for source-map-js@https://registry.npmjs.org/source-map-js/-/source-map-js-1.2.1.tgz. Extracting by manifest.
1375 silly tarball no local data for split2@https://registry.npmjs.org/split2/-/split2-4.2.0.tgz. Extracting by manifest.
1376 silly tarball no local data for source-map-support@https://registry.npmjs.org/source-map-support/-/source-map-support-0.5.21.tgz. Extracting by manifest.
1377 silly tarball no local data for stdin-discarder@https://registry.npmjs.org/stdin-discarder/-/stdin-discarder-0.2.2.tgz. Extracting by manifest.
1378 silly tarball no local data for source-map@https://registry.npmjs.org/source-map/-/source-map-0.5.7.tgz. Extracting by manifest.
1379 silly tarball no local data for slice-ansi@https://registry.npmjs.org/slice-ansi/-/slice-ansi-4.0.0.tgz. Extracting by manifest.
1380 silly tarball no local data for strip-final-newline@https://registry.npmjs.org/strip-final-newline/-/strip-final-newline-4.0.0.tgz. Extracting by manifest.
1381 silly tarball no local data for snake-case@https://registry.npmjs.org/snake-case/-/snake-case-3.0.4.tgz. Extracting by manifest.
1382 silly tarball no local data for signedsource@https://registry.npmjs.org/signedsource/-/signedsource-1.0.0.tgz. Extracting by manifest.
1383 silly tarball no local data for signal-exit@https://registry.npmjs.org/signal-exit/-/signal-exit-4.1.0.tgz. Extracting by manifest.
1384 silly tarball no local data for side-channel-list@https://registry.npmjs.org/side-channel-list/-/side-channel-list-1.0.1.tgz. Extracting by manifest.
1385 silly tarball no local data for sqlstring@https://registry.npmjs.org/sqlstring/-/sqlstring-2.3.3.tgz. Extracting by manifest.
1386 silly tarball no local data for side-channel-weakmap@https://registry.npmjs.org/side-channel-weakmap/-/side-channel-weakmap-1.0.2.tgz. Extracting by manifest.
1387 silly tarball no local data for side-channel-map@https://registry.npmjs.org/side-channel-map/-/side-channel-map-1.0.1.tgz. Extracting by manifest.
1388 silly tarball no local data for side-channel@https://registry.npmjs.org/side-channel/-/side-channel-1.1.0.tgz. Extracting by manifest.
1389 silly tarball no local data for set-proto@https://registry.npmjs.org/set-proto/-/set-proto-1.0.0.tgz. Extracting by manifest.
1390 silly tarball no local data for set-function-name@https://registry.npmjs.org/set-function-name/-/set-function-name-2.0.2.tgz. Extracting by manifest.
1391 silly tarball no local data for slash@https://registry.npmjs.org/slash/-/slash-3.0.0.tgz. Extracting by manifest.
1392 silly tarball no local data for shebang-regex@https://registry.npmjs.org/shebang-regex/-/shebang-regex-3.0.0.tgz. Extracting by manifest.
1393 silly tarball no local data for set-blocking@https://registry.npmjs.org/set-blocking/-/set-blocking-2.0.0.tgz. Extracting by manifest.
1394 silly tarball no local data for set-function-length@https://registry.npmjs.org/set-function-length/-/set-function-length-1.2.2.tgz. Extracting by manifest.
1395 silly tarball no local data for setimmediate@https://registry.npmjs.org/setimmediate/-/setimmediate-1.0.5.tgz. Extracting by manifest.
1396 silly tarball no local data for sentence-case@https://registry.npmjs.org/sentence-case/-/sentence-case-3.0.4.tgz. Extracting by manifest.
1397 silly tarball no local data for semver@https://registry.npmjs.org/semver/-/semver-7.7.4.tgz. Extracting by manifest.
1398 silly tarball no local data for seq-queue@https://registry.npmjs.org/seq-queue/-/seq-queue-0.0.5.tgz. Extracting by manifest.
1399 silly tarball no local data for shebang-command@https://registry.npmjs.org/shebang-command/-/shebang-command-2.0.0.tgz. Extracting by manifest.
1400 silly tarball no local data for safer-buffer@https://registry.npmjs.org/safer-buffer/-/safer-buffer-2.1.2.tgz. Extracting by manifest.
1401 silly tarball no local data for safe-push-apply@https://registry.npmjs.org/safe-push-apply/-/safe-push-apply-1.0.0.tgz. Extracting by manifest.
1402 silly tarball no local data for scheduler@https://registry.npmjs.org/scheduler/-/scheduler-0.23.2.tgz. Extracting by manifest.
1403 silly tarball no local data for safe-buffer@https://registry.npmjs.org/safe-buffer/-/safe-buffer-5.2.1.tgz. Extracting by manifest.
1404 silly tarball no local data for safe-array-concat@https://registry.npmjs.org/safe-array-concat/-/safe-array-concat-1.1.4.tgz. Extracting by manifest.
1405 silly tarball no local data for run-parallel@https://registry.npmjs.org/run-parallel/-/run-parallel-1.2.0.tgz. Extracting by manifest.
1406 silly tarball no local data for rxjs@https://registry.npmjs.org/rxjs/-/rxjs-7.8.2.tgz. Extracting by manifest.
1407 silly tarball no local data for safe-regex-test@https://registry.npmjs.org/safe-regex-test/-/safe-regex-test-1.1.0.tgz. Extracting by manifest.
1408 silly tarball no local data for run-applescript@https://registry.npmjs.org/run-applescript/-/run-applescript-7.1.0.tgz. Extracting by manifest.
1409 silly tarball no local data for rollup@https://registry.npmjs.org/rollup/-/rollup-4.60.2.tgz. Extracting by manifest.
1410 silly tarball no local data for reusify@https://registry.npmjs.org/reusify/-/reusify-1.1.0.tgz. Extracting by manifest.
1411 silly tarball no local data for rimraf@https://registry.npmjs.org/rimraf/-/rimraf-3.0.2.tgz. Extracting by manifest.
1412 silly tarball no local data for require-main-filename@https://registry.npmjs.org/require-main-filename/-/require-main-filename-2.0.0.tgz. Extracting by manifest.
1413 silly tarball no local data for resolve-pkg-maps@https://registry.npmjs.org/resolve-pkg-maps/-/resolve-pkg-maps-1.0.0.tgz. Extracting by manifest.
1414 silly tarball no local data for require-directory@https://registry.npmjs.org/require-directory/-/require-directory-2.1.1.tgz. Extracting by manifest.
1415 silly tarball no local data for restore-cursor@https://registry.npmjs.org/restore-cursor/-/restore-cursor-5.1.0.tgz. Extracting by manifest.
1416 silly tarball no local data for resolve-from@https://registry.npmjs.org/resolve-from/-/resolve-from-5.0.0.tgz. Extracting by manifest.
1417 silly tarball no local data for resolve@https://registry.npmjs.org/resolve/-/resolve-1.22.12.tgz. Extracting by manifest.
1418 silly tarball no local data for require-from-string@https://registry.npmjs.org/require-from-string/-/require-from-string-2.0.2.tgz. Extracting by manifest.
1419 silly tarball no local data for relay-runtime@https://registry.npmjs.org/relay-runtime/-/relay-runtime-12.0.0.tgz. Extracting by manifest.
1420 silly tarball no local data for regexp.prototype.flags@https://registry.npmjs.org/regexp.prototype.flags/-/regexp.prototype.flags-1.5.4.tgz. Extracting by manifest.
1421 silly tarball no local data for regenerator-runtime@https://registry.npmjs.org/regenerator-runtime/-/regenerator-runtime-0.11.1.tgz. Extracting by manifest.
1422 silly tarball no local data for reflect.getprototypeof@https://registry.npmjs.org/reflect.getprototypeof/-/reflect.getprototypeof-1.0.10.tgz. Extracting by manifest.
1423 silly tarball no local data for rechoir@https://registry.npmjs.org/rechoir/-/rechoir-0.8.0.tgz. Extracting by manifest.
1424 silly tarball no local data for readdirp@https://registry.npmjs.org/readdirp/-/readdirp-4.1.2.tgz. Extracting by manifest.
1425 silly tarball no local data for readable-stream@https://registry.npmjs.org/readable-stream/-/readable-stream-4.7.0.tgz. Extracting by manifest.
1426 silly tarball no local data for read-cache@https://registry.npmjs.org/read-cache/-/read-cache-1.0.0.tgz. Extracting by manifest.
1427 silly tarball no local data for readdir-glob@https://registry.npmjs.org/readdir-glob/-/readdir-glob-1.1.3.tgz. Extracting by manifest.
1428 silly tarball no local data for react-style-singleton@https://registry.npmjs.org/react-style-singleton/-/react-style-singleton-2.2.3.tgz. Extracting by manifest.
1429 silly tarball no local data for repeating@https://registry.npmjs.org/repeating/-/repeating-2.0.1.tgz. Extracting by manifest.
1430 silly tarball no local data for react-router-dom@https://registry.npmjs.org/react-router-dom/-/react-router-dom-6.30.3.tgz. Extracting by manifest.
1431 silly tarball no local data for react-router@https://registry.npmjs.org/react-router/-/react-router-6.30.3.tgz. Extracting by manifest.
1432 silly tarball no local data for react-refresh@https://registry.npmjs.org/react-refresh/-/react-refresh-0.17.0.tgz. Extracting by manifest.
1433 silly tarball no local data for react-dom@https://registry.npmjs.org/react-dom/-/react-dom-18.3.1.tgz. Extracting by manifest.
1434 silly tarball no local data for react-remove-scroll@https://registry.npmjs.org/react-remove-scroll/-/react-remove-scroll-2.7.2.tgz. Extracting by manifest.
1435 silly tarball no local data for react@https://registry.npmjs.org/react/-/react-18.3.1.tgz. Extracting by manifest.
1436 silly tarball no local data for react-remove-scroll-bar@https://registry.npmjs.org/react-remove-scroll-bar/-/react-remove-scroll-bar-2.3.8.tgz. Extracting by manifest.
1437 silly tarball no local data for react-hook-form@https://registry.npmjs.org/react-hook-form/-/react-hook-form-7.53.2.tgz. Extracting by manifest.
1438 silly tarball no local data for property-expr@https://registry.npmjs.org/property-expr/-/property-expr-2.0.6.tgz. Extracting by manifest.
1439 silly tarball no local data for promise@https://registry.npmjs.org/promise/-/promise-7.3.1.tgz. Extracting by manifest.
1440 silly tarball no local data for qrcode@https://registry.npmjs.org/qrcode/-/qrcode-1.5.0.tgz. Extracting by manifest.
1441 silly tarball no local data for process-nextick-args@https://registry.npmjs.org/process-nextick-args/-/process-nextick-args-2.0.1.tgz. Extracting by manifest.
1442 silly tarball no local data for queue-microtask@https://registry.npmjs.org/queue-microtask/-/queue-microtask-1.2.3.tgz. Extracting by manifest.
1443 silly tarball no local data for postgres-date@https://registry.npmjs.org/postgres-date/-/postgres-date-1.0.7.tgz. Extracting by manifest.
1444 silly tarball no local data for postgres-bytea@https://registry.npmjs.org/postgres-bytea/-/postgres-bytea-1.0.1.tgz. Extracting by manifest.
1445 silly tarball no local data for process@https://registry.npmjs.org/process/-/process-0.11.10.tgz. Extracting by manifest.
1446 silly tarball no local data for pretty-ms@https://registry.npmjs.org/pretty-ms/-/pretty-ms-9.3.0.tgz. Extracting by manifest.
1447 silly tarball no local data for prettier@https://registry.npmjs.org/prettier/-/prettier-3.8.3.tgz. Extracting by manifest.
1448 silly tarball no local data for postgres-array@https://registry.npmjs.org/postgres-array/-/postgres-array-2.0.0.tgz. Extracting by manifest.
1449 silly tarball no local data for postcss-value-parser@https://registry.npmjs.org/postcss-value-parser/-/postcss-value-parser-4.2.0.tgz. Extracting by manifest.
1450 silly tarball no local data for postcss@https://registry.npmjs.org/postcss/-/postcss-8.5.12.tgz. Extracting by manifest.
1451 silly tarball no local data for postcss-selector-parser@https://registry.npmjs.org/postcss-selector-parser/-/postcss-selector-parser-6.1.2.tgz. Extracting by manifest.
1452 silly tarball no local data for possible-typed-array-names@https://registry.npmjs.org/possible-typed-array-names/-/possible-typed-array-names-1.1.0.tgz. Extracting by manifest.
1453 silly tarball no local data for postgres-interval@https://registry.npmjs.org/postgres-interval/-/postgres-interval-1.2.0.tgz. Extracting by manifest.
1454 silly tarball no local data for pngjs@https://registry.npmjs.org/pngjs/-/pngjs-5.0.0.tgz. Extracting by manifest.
1455 silly tarball no local data for postcss-js@https://registry.npmjs.org/postcss-js/-/postcss-js-4.1.0.tgz. Extracting by manifest.
1456 silly tarball no local data for pirates@https://registry.npmjs.org/pirates/-/pirates-4.0.7.tgz. Extracting by manifest.
1457 silly tarball no local data for postcss-import@https://registry.npmjs.org/postcss-import/-/postcss-import-15.1.0.tgz. Extracting by manifest.
1458 silly tarball no local data for postcss-nested@https://registry.npmjs.org/postcss-nested/-/postcss-nested-6.2.0.tgz. Extracting by manifest.
1459 silly tarball no local data for pluralize@https://registry.npmjs.org/pluralize/-/pluralize-8.0.0.tgz. Extracting by manifest.
1460 silly tarball no local data for picomatch@https://registry.npmjs.org/picomatch/-/picomatch-4.0.4.tgz. Extracting by manifest.
1461 silly tarball no local data for picocolors@https://registry.npmjs.org/picocolors/-/picocolors-1.1.1.tgz. Extracting by manifest.
1462 silly tarball no local data for pg-types@https://registry.npmjs.org/pg-types/-/pg-types-2.2.0.tgz. Extracting by manifest.
1463 silly tarball no local data for pg-protocol@https://registry.npmjs.org/pg-protocol/-/pg-protocol-1.13.0.tgz. Extracting by manifest.
1464 silly tarball no local data for pg-pool@https://registry.npmjs.org/pg-pool/-/pg-pool-3.13.0.tgz. Extracting by manifest.
1465 silly tarball no local data for pify@https://registry.npmjs.org/pify/-/pify-2.3.0.tgz. Extracting by manifest.
1466 silly tarball no local data for pg-int8@https://registry.npmjs.org/pg-int8/-/pg-int8-1.0.1.tgz. Extracting by manifest.
1467 silly tarball no local data for pg-connection-string@https://registry.npmjs.org/pg-connection-string/-/pg-connection-string-2.5.0.tgz. Extracting by manifest.
1468 silly tarball no local data for pg-cloudflare@https://registry.npmjs.org/pg-cloudflare/-/pg-cloudflare-1.3.0.tgz. Extracting by manifest.
1469 silly tarball no local data for path-type@https://registry.npmjs.org/path-type/-/path-type-4.0.0.tgz. Extracting by manifest.
1470 silly tarball no local data for path-root-regex@https://registry.npmjs.org/path-root-regex/-/path-root-regex-0.1.2.tgz. Extracting by manifest.
1471 silly tarball no local data for path-parse@https://registry.npmjs.org/path-parse/-/path-parse-1.0.7.tgz. Extracting by manifest.
1472 silly tarball no local data for path-key@https://registry.npmjs.org/path-key/-/path-key-3.1.1.tgz. Extracting by manifest.
1473 silly tarball no local data for pg@https://registry.npmjs.org/pg/-/pg-8.11.6.tgz. Extracting by manifest.
1474 silly tarball no local data for path-root@https://registry.npmjs.org/path-root/-/path-root-0.1.1.tgz. Extracting by manifest.
1475 silly tarball no local data for pgpass@https://registry.npmjs.org/pgpass/-/pgpass-1.0.5.tgz. Extracting by manifest.
1476 silly tarball no local data for path-is-absolute@https://registry.npmjs.org/path-is-absolute/-/path-is-absolute-1.0.1.tgz. Extracting by manifest.
1477 silly tarball no local data for path-exists@https://registry.npmjs.org/path-exists/-/path-exists-4.0.0.tgz. Extracting by manifest.
1478 silly tarball no local data for parse-gitignore@https://registry.npmjs.org/parse-gitignore/-/parse-gitignore-2.0.0.tgz. Extracting by manifest.
1479 silly tarball no local data for path-expression-matcher@https://registry.npmjs.org/path-expression-matcher/-/path-expression-matcher-1.5.0.tgz. Extracting by manifest.
1480 silly tarball no local data for parse-ms@https://registry.npmjs.org/parse-ms/-/parse-ms-4.0.0.tgz. Extracting by manifest.
1481 silly tarball no local data for path-scurry@https://registry.npmjs.org/path-scurry/-/path-scurry-2.0.2.tgz. Extracting by manifest.
1482 silly tarball no local data for pascal-case@https://registry.npmjs.org/pascal-case/-/pascal-case-3.1.2.tgz. Extracting by manifest.
1483 silly tarball no local data for parse-filepath@https://registry.npmjs.org/parse-filepath/-/parse-filepath-1.0.2.tgz. Extracting by manifest.
1484 silly tarball no local data for path-case@https://registry.npmjs.org/path-case/-/path-case-3.0.4.tgz. Extracting by manifest.
1485 silly tarball no local data for p-try@https://registry.npmjs.org/p-try/-/p-try-2.2.0.tgz. Extracting by manifest.
1486 silly tarball no local data for param-case@https://registry.npmjs.org/param-case/-/param-case-3.0.4.tgz. Extracting by manifest.
1487 silly tarball no local data for p-locate@https://registry.npmjs.org/p-locate/-/p-locate-4.1.0.tgz. Extracting by manifest.
1488 silly tarball no local data for own-keys@https://registry.npmjs.org/own-keys/-/own-keys-1.0.1.tgz. Extracting by manifest.
1489 silly tarball no local data for ora@https://registry.npmjs.org/ora/-/ora-8.2.0.tgz. Extracting by manifest.
1490 silly tarball no local data for package-json-from-dist@https://registry.npmjs.org/package-json-from-dist/-/package-json-from-dist-1.0.1.tgz. Extracting by manifest.
1491 silly tarball no local data for onetime@https://registry.npmjs.org/onetime/-/onetime-7.0.0.tgz. Extracting by manifest.
1492 silly tarball no local data for once@https://registry.npmjs.org/once/-/once-1.4.0.tgz. Extracting by manifest.
1493 silly tarball no local data for open@https://registry.npmjs.org/open/-/open-10.2.0.tgz. Extracting by manifest.
1494 silly tarball no local data for object.assign@https://registry.npmjs.org/object.assign/-/object.assign-4.1.7.tgz. Extracting by manifest.
1495 silly tarball no local data for object-inspect@https://registry.npmjs.org/object-inspect/-/object-inspect-1.13.4.tgz. Extracting by manifest.
1496 silly tarball no local data for p-limit@https://registry.npmjs.org/p-limit/-/p-limit-3.1.0.tgz. Extracting by manifest.
1497 silly tarball no local data for object-hash@https://registry.npmjs.org/object-hash/-/object-hash-3.0.0.tgz. Extracting by manifest.
1498 silly tarball no local data for object-keys@https://registry.npmjs.org/object-keys/-/object-keys-1.1.1.tgz. Extracting by manifest.
1499 silly tarball no local data for npm-run-path@https://registry.npmjs.org/npm-run-path/-/npm-run-path-6.0.0.tgz. Extracting by manifest.
1500 silly tarball no local data for nullthrows@https://registry.npmjs.org/nullthrows/-/nullthrows-1.1.1.tgz. Extracting by manifest.
1501 silly tarball no local data for node-releases@https://registry.npmjs.org/node-releases/-/node-releases-2.0.38.tgz. Extracting by manifest.
1502 silly tarball no local data for node-int64@https://registry.npmjs.org/node-int64/-/node-int64-0.4.0.tgz. Extracting by manifest.
1503 silly tarball no local data for normalize-path@https://registry.npmjs.org/normalize-path/-/normalize-path-3.0.0.tgz. Extracting by manifest.
1504 silly tarball no local data for object-assign@https://registry.npmjs.org/object-assign/-/object-assign-4.1.1.tgz. Extracting by manifest.
1505 silly tarball no local data for node-addon-api@https://registry.npmjs.org/node-addon-api/-/node-addon-api-7.1.1.tgz. Extracting by manifest.
1506 silly tarball no local data for nanoclone@https://registry.npmjs.org/nanoclone/-/nanoclone-0.2.1.tgz. Extracting by manifest.
1507 silly tarball no local data for node-fetch@https://registry.npmjs.org/node-fetch/-/node-fetch-3.3.2.tgz. Extracting by manifest.
1508 silly tarball no local data for node-domexception@https://registry.npmjs.org/node-domexception/-/node-domexception-1.0.0.tgz. Extracting by manifest.
1509 silly tarball no local data for neo-async@https://registry.npmjs.org/neo-async/-/neo-async-2.6.2.tgz. Extracting by manifest.
1510 silly tarball no local data for no-case@https://registry.npmjs.org/no-case/-/no-case-3.0.4.tgz. Extracting by manifest.
1511 silly tarball no local data for nanoid@https://registry.npmjs.org/nanoid/-/nanoid-3.3.11.tgz. Extracting by manifest.
1512 silly tarball no local data for mz@https://registry.npmjs.org/mz/-/mz-2.7.0.tgz. Extracting by manifest.
1513 silly tarball no local data for mute-stream@https://registry.npmjs.org/mute-stream/-/mute-stream-2.0.0.tgz. Extracting by manifest.
1514 silly tarball no local data for named-placeholders@https://registry.npmjs.org/named-placeholders/-/named-placeholders-1.1.6.tgz. Extracting by manifest.
1515 silly tarball no local data for mysql2@https://registry.npmjs.org/mysql2/-/mysql2-3.9.9.tgz. Extracting by manifest.
1516 silly tarball no local data for mimic-fn@https://registry.npmjs.org/mimic-fn/-/mimic-fn-2.1.0.tgz. Extracting by manifest.
1517 silly tarball no local data for minimist@https://registry.npmjs.org/minimist/-/minimist-1.2.8.tgz. Extracting by manifest.
1518 silly tarball no local data for ms@https://registry.npmjs.org/ms/-/ms-2.1.3.tgz. Extracting by manifest.
1519 silly tarball no local data for mimic-function@https://registry.npmjs.org/mimic-function/-/mimic-function-5.0.1.tgz. Extracting by manifest.
1520 silly tarball no local data for min-indent@https://registry.npmjs.org/min-indent/-/min-indent-1.0.1.tgz. Extracting by manifest.
1521 silly tarball no local data for merge2@https://registry.npmjs.org/merge2/-/merge2-1.4.1.tgz. Extracting by manifest.
1522 silly tarball no local data for mime@https://registry.npmjs.org/mime/-/mime-2.6.0.tgz. Extracting by manifest.
1523 silly tarball no local data for minimatch@https://registry.npmjs.org/minimatch/-/minimatch-10.0.1.tgz. Extracting by manifest.
1524 silly tarball no local data for minipass@https://registry.npmjs.org/minipass/-/minipass-7.1.3.tgz. Extracting by manifest.
1525 silly tarball no local data for md5@https://registry.npmjs.org/md5/-/md5-2.3.0.tgz. Extracting by manifest.
1526 silly tarball no local data for lru-cache@https://registry.npmjs.org/lru-cache/-/lru-cache-5.1.1.tgz. Extracting by manifest.
1527 silly tarball no local data for micromatch@https://registry.npmjs.org/micromatch/-/micromatch-4.0.8.tgz. Extracting by manifest.
1528 silly tarball no local data for lower-case-first@https://registry.npmjs.org/lower-case-first/-/lower-case-first-2.0.2.tgz. Extracting by manifest.
1529 silly tarball no local data for math-intrinsics@https://registry.npmjs.org/math-intrinsics/-/math-intrinsics-1.1.0.tgz. Extracting by manifest.
1530 silly tarball no local data for loose-envify@https://registry.npmjs.org/loose-envify/-/loose-envify-1.4.0.tgz. Extracting by manifest.
1531 silly tarball no local data for lower-case@https://registry.npmjs.org/lower-case/-/lower-case-2.0.2.tgz. Extracting by manifest.
1532 silly tarball no local data for lodash.snakecase@https://registry.npmjs.org/lodash.snakecase/-/lodash.snakecase-4.1.1.tgz. Extracting by manifest.
1533 silly tarball no local data for map-cache@https://registry.npmjs.org/map-cache/-/map-cache-0.2.2.tgz. Extracting by manifest.
1534 silly tarball no local data for lodash.truncate@https://registry.npmjs.org/lodash.truncate/-/lodash.truncate-4.4.2.tgz. Extracting by manifest.
1535 silly tarball no local data for long@https://registry.npmjs.org/long/-/long-5.3.2.tgz. Extracting by manifest.
1536 silly tarball no local data for log-symbols@https://registry.npmjs.org/log-symbols/-/log-symbols-6.0.0.tgz. Extracting by manifest.
1537 silly tarball no local data for lru.min@https://registry.npmjs.org/lru.min/-/lru.min-1.1.4.tgz. Extracting by manifest.
1538 silly tarball no local data for lodash-es@https://registry.npmjs.org/lodash-es/-/lodash-es-4.18.1.tgz. Extracting by manifest.
1539 silly tarball no local data for lodash.mergewith@https://registry.npmjs.org/lodash.mergewith/-/lodash.mergewith-4.6.2.tgz. Extracting by manifest.
1540 silly tarball no local data for locate-path@https://registry.npmjs.org/locate-path/-/locate-path-5.0.0.tgz. Extracting by manifest.
1541 silly tarball no local data for lines-and-columns@https://registry.npmjs.org/lines-and-columns/-/lines-and-columns-1.2.4.tgz. Extracting by manifest.
1542 silly tarball no local data for lazystream@https://registry.npmjs.org/lazystream/-/lazystream-1.0.1.tgz. Extracting by manifest.
1543 silly tarball no local data for knex@https://registry.npmjs.org/knex/-/knex-2.4.2.tgz. Extracting by manifest.
1544 silly tarball no local data for lilconfig@https://registry.npmjs.org/lilconfig/-/lilconfig-3.1.3.tgz. Extracting by manifest.
1545 silly tarball no local data for kleur@https://registry.npmjs.org/kleur/-/kleur-4.1.5.tgz. Extracting by manifest.
1546 silly tarball no local data for jsonfile@https://registry.npmjs.org/jsonfile/-/jsonfile-4.0.0.tgz. Extracting by manifest.
1547 silly tarball no local data for json-schema-traverse@https://registry.npmjs.org/json-schema-traverse/-/json-schema-traverse-1.0.0.tgz. Extracting by manifest.
1548 silly tarball no local data for jsesc@https://registry.npmjs.org/jsesc/-/jsesc-2.5.2.tgz. Extracting by manifest.
1549 silly tarball no local data for js-tokens@https://registry.npmjs.org/js-tokens/-/js-tokens-4.0.0.tgz. Extracting by manifest.
1550 silly tarball no local data for js-cookie@https://registry.npmjs.org/js-cookie/-/js-cookie-3.0.5.tgz. Extracting by manifest.
1551 silly tarball no local data for lodash@https://registry.npmjs.org/lodash/-/lodash-4.18.1.tgz. Extracting by manifest.
1552 silly tarball no local data for json5@https://registry.npmjs.org/json5/-/json5-2.2.3.tgz. Extracting by manifest.
1553 silly tarball no local data for isexe@https://registry.npmjs.org/isexe/-/isexe-2.0.0.tgz. Extracting by manifest.
1554 silly tarball no local data for jiti@https://registry.npmjs.org/jiti/-/jiti-1.21.7.tgz. Extracting by manifest.
1555 silly tarball no local data for is-weakset@https://registry.npmjs.org/is-weakset/-/is-weakset-2.0.4.tgz. Extracting by manifest.
1556 silly tarball no local data for is-windows@https://registry.npmjs.org/is-windows/-/is-windows-1.0.2.tgz. Extracting by manifest.
1557 silly tarball no local data for is-wsl@https://registry.npmjs.org/is-wsl/-/is-wsl-3.1.1.tgz. Extracting by manifest.
1558 silly tarball no local data for jackspeak@https://registry.npmjs.org/jackspeak/-/jackspeak-4.2.3.tgz. Extracting by manifest.
1559 silly tarball no local data for isarray@https://registry.npmjs.org/isarray/-/isarray-2.0.5.tgz. Extracting by manifest.
1560 silly tarball no local data for is-weakref@https://registry.npmjs.org/is-weakref/-/is-weakref-1.1.1.tgz. Extracting by manifest.
1561 silly tarball no local data for is-unicode-supported@https://registry.npmjs.org/is-unicode-supported/-/is-unicode-supported-2.1.0.tgz. Extracting by manifest.
1562 silly tarball no local data for is-typed-array@https://registry.npmjs.org/is-typed-array/-/is-typed-array-1.1.15.tgz. Extracting by manifest.
1563 silly tarball no local data for is-upper-case@https://registry.npmjs.org/is-upper-case/-/is-upper-case-2.0.2.tgz. Extracting by manifest.
1564 silly tarball no local data for is-string@https://registry.npmjs.org/is-string/-/is-string-1.1.1.tgz. Extracting by manifest.
1565 silly tarball no local data for is-stream@https://registry.npmjs.org/is-stream/-/is-stream-2.0.1.tgz. Extracting by manifest.
1566 silly tarball no local data for is-weakmap@https://registry.npmjs.org/is-weakmap/-/is-weakmap-2.0.2.tgz. Extracting by manifest.
1567 silly tarball no local data for is-unc-path@https://registry.npmjs.org/is-unc-path/-/is-unc-path-1.0.0.tgz. Extracting by manifest.
1568 silly tarball no local data for is-regex@https://registry.npmjs.org/is-regex/-/is-regex-1.2.1.tgz. Extracting by manifest.
1569 silly tarball no local data for is-relative@https://registry.npmjs.org/is-relative/-/is-relative-1.0.0.tgz. Extracting by manifest.
1570 silly tarball no local data for is-symbol@https://registry.npmjs.org/is-symbol/-/is-symbol-1.1.1.tgz. Extracting by manifest.
1571 silly tarball no local data for is-shared-array-buffer@https://registry.npmjs.org/is-shared-array-buffer/-/is-shared-array-buffer-1.0.4.tgz. Extracting by manifest.
1572 silly tarball no local data for is-set@https://registry.npmjs.org/is-set/-/is-set-2.0.3.tgz. Extracting by manifest.
1573 silly tarball no local data for is-plain-obj@https://registry.npmjs.org/is-plain-obj/-/is-plain-obj-4.1.0.tgz. Extracting by manifest.
1574 silly tarball no local data for is-lower-case@https://registry.npmjs.org/is-lower-case/-/is-lower-case-2.0.2.tgz. Extracting by manifest.
1575 silly tarball no local data for is-map@https://registry.npmjs.org/is-map/-/is-map-2.0.3.tgz. Extracting by manifest.
1576 silly tarball no local data for is-number@https://registry.npmjs.org/is-number/-/is-number-7.0.0.tgz. Extracting by manifest.
1577 silly tarball no local data for is-negative-zero@https://registry.npmjs.org/is-negative-zero/-/is-negative-zero-2.0.3.tgz. Extracting by manifest.
1578 silly tarball no local data for is-number-object@https://registry.npmjs.org/is-number-object/-/is-number-object-1.1.1.tgz. Extracting by manifest.
1579 silly tarball no local data for is-property@https://registry.npmjs.org/is-property/-/is-property-1.0.2.tgz. Extracting by manifest.
1580 silly tarball no local data for is-interactive@https://registry.npmjs.org/is-interactive/-/is-interactive-2.0.0.tgz. Extracting by manifest.
1581 silly tarball no local data for is-glob@https://registry.npmjs.org/is-glob/-/is-glob-4.0.3.tgz. Extracting by manifest.
1582 silly tarball no local data for is-generator-function@https://registry.npmjs.org/is-generator-function/-/is-generator-function-1.1.2.tgz. Extracting by manifest.
1583 silly tarball no local data for is-finalizationregistry@https://registry.npmjs.org/is-finalizationregistry/-/is-finalizationregistry-1.1.1.tgz. Extracting by manifest.
1584 silly tarball no local data for is-inside-container@https://registry.npmjs.org/is-inside-container/-/is-inside-container-1.0.0.tgz. Extracting by manifest.
1585 silly tarball no local data for is-extglob@https://registry.npmjs.org/is-extglob/-/is-extglob-2.1.1.tgz. Extracting by manifest.
1586 silly tarball no local data for is-finite@https://registry.npmjs.org/is-finite/-/is-finite-1.1.0.tgz. Extracting by manifest.
1587 silly tarball no local data for is-data-view@https://registry.npmjs.org/is-data-view/-/is-data-view-1.0.2.tgz. Extracting by manifest.
1588 silly tarball no local data for is-docker@https://registry.npmjs.org/is-docker/-/is-docker-3.0.0.tgz. Extracting by manifest.
1589 silly tarball no local data for is-callable@https://registry.npmjs.org/is-callable/-/is-callable-1.2.7.tgz. Extracting by manifest.
1590 silly tarball no local data for is-ci@https://registry.npmjs.org/is-ci/-/is-ci-4.1.0.tgz. Extracting by manifest.
1591 silly tarball no local data for is-date-object@https://registry.npmjs.org/is-date-object/-/is-date-object-1.1.0.tgz. Extracting by manifest.
1592 silly tarball no local data for is-buffer@https://registry.npmjs.org/is-buffer/-/is-buffer-1.1.6.tgz. Extracting by manifest.
1593 silly tarball no local data for is-boolean-object@https://registry.npmjs.org/is-boolean-object/-/is-boolean-object-1.2.2.tgz. Extracting by manifest.
1594 silly tarball no local data for is-fullwidth-code-point@https://registry.npmjs.org/is-fullwidth-code-point/-/is-fullwidth-code-point-3.0.0.tgz. Extracting by manifest.
1595 silly tarball no local data for is-bigint@https://registry.npmjs.org/is-bigint/-/is-bigint-1.1.0.tgz. Extracting by manifest.
1596 silly tarball no local data for is-binary-path@https://registry.npmjs.org/is-binary-path/-/is-binary-path-2.1.0.tgz. Extracting by manifest.
1597 silly tarball no local data for is-array-buffer@https://registry.npmjs.org/is-array-buffer/-/is-array-buffer-3.0.5.tgz. Extracting by manifest.
1598 silly tarball no local data for is-async-function@https://registry.npmjs.org/is-async-function/-/is-async-function-2.1.1.tgz. Extracting by manifest.
1599 silly tarball no local data for is-core-module@https://registry.npmjs.org/is-core-module/-/is-core-module-2.16.1.tgz. Extracting by manifest.
1600 silly tarball no local data for is-absolute@https://registry.npmjs.org/is-absolute/-/is-absolute-1.0.0.tgz. Extracting by manifest.
1601 silly tarball no local data for invariant@https://registry.npmjs.org/invariant/-/invariant-2.2.4.tgz. Extracting by manifest.
1602 silly tarball no local data for internal-slot@https://registry.npmjs.org/internal-slot/-/internal-slot-1.1.0.tgz. Extracting by manifest.
1603 silly tarball no local data for interpret@https://registry.npmjs.org/interpret/-/interpret-2.2.0.tgz. Extracting by manifest.
1604 silly tarball no local data for inflected@https://registry.npmjs.org/inflected/-/inflected-2.1.0.tgz. Extracting by manifest.
1605 silly tarball no local data for inherits@https://registry.npmjs.org/inherits/-/inherits-2.0.4.tgz. Extracting by manifest.
1606 silly tarball no local data for immutable@https://registry.npmjs.org/immutable/-/immutable-3.7.6.tgz. Extracting by manifest.
1607 silly tarball no local data for import-from@https://registry.npmjs.org/import-from/-/import-from-4.0.0.tgz. Extracting by manifest.
1608 silly tarball no local data for immer@https://registry.npmjs.org/immer/-/immer-9.0.6.tgz. Extracting by manifest.
1609 silly tarball no local data for inflight@https://registry.npmjs.org/inflight/-/inflight-1.0.6.tgz. Extracting by manifest.
1610 silly tarball no local data for iconv-lite@https://registry.npmjs.org/iconv-lite/-/iconv-lite-0.7.2.tgz. Extracting by manifest.
1611 silly tarball no local data for ieee754@https://registry.npmjs.org/ieee754/-/ieee754-1.2.1.tgz. Extracting by manifest.
1612 silly tarball no local data for ignore@https://registry.npmjs.org/ignore/-/ignore-5.3.2.tgz. Extracting by manifest.
1613 silly tarball no local data for hjson@https://registry.npmjs.org/hjson/-/hjson-3.2.2.tgz. Extracting by manifest.
1614 silly tarball no local data for header-case@https://registry.npmjs.org/header-case/-/header-case-2.0.4.tgz. Extracting by manifest.
1615 silly tarball no local data for has-symbols@https://registry.npmjs.org/has-symbols/-/has-symbols-1.1.0.tgz. Extracting by manifest.
1616 silly tarball no local data for human-signals@https://registry.npmjs.org/human-signals/-/human-signals-8.0.1.tgz. Extracting by manifest.
1617 silly tarball no local data for idb@https://registry.npmjs.org/idb/-/idb-5.0.6.tgz. Extracting by manifest.
1618 silly tarball no local data for has-proto@https://registry.npmjs.org/has-proto/-/has-proto-1.2.0.tgz. Extracting by manifest.
1619 silly tarball no local data for hasown@https://registry.npmjs.org/hasown/-/hasown-2.0.3.tgz. Extracting by manifest.
1620 silly tarball no local data for has-tostringtag@https://registry.npmjs.org/has-tostringtag/-/has-tostringtag-1.0.2.tgz. Extracting by manifest.
1621 silly tarball no local data for handlebars@https://registry.npmjs.org/handlebars/-/handlebars-4.7.7.tgz. Extracting by manifest.
1622 silly tarball no local data for has-flag@https://registry.npmjs.org/has-flag/-/has-flag-4.0.0.tgz. Extracting by manifest.
1623 silly tarball no local data for graphql@https://registry.npmjs.org/graphql/-/graphql-15.10.2.tgz. Extracting by manifest.
1624 silly tarball no local data for has-bigints@https://registry.npmjs.org/has-bigints/-/has-bigints-1.1.0.tgz. Extracting by manifest.
1625 silly tarball no local data for graphql-transformer-common@https://registry.npmjs.org/graphql-transformer-common/-/graphql-transformer-common-4.34.0.tgz. Extracting by manifest.
1626 silly tarball no local data for graphql-tag@https://registry.npmjs.org/graphql-tag/-/graphql-tag-2.12.6.tgz. Extracting by manifest.
1627 silly tarball no local data for graphql-mapping-template@https://registry.npmjs.org/graphql-mapping-template/-/graphql-mapping-template-5.0.2.tgz. Extracting by manifest.
1628 silly tarball no local data for glob-parent@https://registry.npmjs.org/glob-parent/-/glob-parent-5.1.2.tgz. Extracting by manifest.
1629 silly tarball no local data for graceful-fs@https://registry.npmjs.org/graceful-fs/-/graceful-fs-4.2.11.tgz. Extracting by manifest.
1630 silly tarball no local data for gopd@https://registry.npmjs.org/gopd/-/gopd-1.2.0.tgz. Extracting by manifest.
1631 silly tarball no local data for globalthis@https://registry.npmjs.org/globalthis/-/globalthis-1.0.4.tgz. Extracting by manifest.
1632 silly tarball no local data for globby@https://registry.npmjs.org/globby/-/globby-11.1.0.tgz. Extracting by manifest.
1633 silly tarball no local data for getopts@https://registry.npmjs.org/getopts/-/getopts-2.3.0.tgz. Extracting by manifest.
1634 silly tarball no local data for get-tsconfig@https://registry.npmjs.org/get-tsconfig/-/get-tsconfig-4.14.0.tgz. Extracting by manifest.
1635 silly tarball no local data for has-property-descriptors@https://registry.npmjs.org/has-property-descriptors/-/has-property-descriptors-1.0.2.tgz. Extracting by manifest.
1636 silly tarball no local data for get-stream@https://registry.npmjs.org/get-stream/-/get-stream-9.0.1.tgz. Extracting by manifest.
1637 silly tarball no local data for glob@https://registry.npmjs.org/glob/-/glob-11.1.0.tgz. Extracting by manifest.
1638 silly tarball no local data for get-symbol-description@https://registry.npmjs.org/get-symbol-description/-/get-symbol-description-1.1.0.tgz. Extracting by manifest.
1639 silly tarball no local data for get-intrinsic@https://registry.npmjs.org/get-intrinsic/-/get-intrinsic-1.3.0.tgz. Extracting by manifest.
1640 silly tarball no local data for get-proto@https://registry.npmjs.org/get-proto/-/get-proto-1.0.1.tgz. Extracting by manifest.
1641 silly tarball no local data for get-nonce@https://registry.npmjs.org/get-nonce/-/get-nonce-1.0.1.tgz. Extracting by manifest.
1642 silly tarball no local data for get-east-asian-width@https://registry.npmjs.org/get-east-asian-width/-/get-east-asian-width-1.5.0.tgz. Extracting by manifest.
1643 silly tarball no local data for get-caller-file@https://registry.npmjs.org/get-caller-file/-/get-caller-file-2.0.5.tgz. Extracting by manifest.
1644 silly tarball no local data for generator-function@https://registry.npmjs.org/generator-function/-/generator-function-2.0.1.tgz. Extracting by manifest.
1645 silly tarball no local data for get-package-type@https://registry.npmjs.org/get-package-type/-/get-package-type-0.1.0.tgz. Extracting by manifest.
1646 silly tarball no local data for gensync@https://registry.npmjs.org/gensync/-/gensync-1.0.0-beta.2.tgz. Extracting by manifest.
1647 silly tarball no local data for generate-function@https://registry.npmjs.org/generate-function/-/generate-function-2.3.1.tgz. Extracting by manifest.
1648 silly tarball no local data for function-bind@https://registry.npmjs.org/function-bind/-/function-bind-1.1.2.tgz. Extracting by manifest.
1649 silly tarball no local data for functions-have-names@https://registry.npmjs.org/functions-have-names/-/functions-have-names-1.2.3.tgz. Extracting by manifest.
1650 silly tarball no local data for function.prototype.name@https://registry.npmjs.org/function.prototype.name/-/function.prototype.name-1.1.8.tgz. Extracting by manifest.
1651 silly tarball no local data for fsevents@https://registry.npmjs.org/fsevents/-/fsevents-2.3.3.tgz. Extracting by manifest.
1652 silly tarball no local data for fraction.js@https://registry.npmjs.org/fraction.js/-/fraction.js-5.3.4.tgz. Extracting by manifest.
1653 silly tarball no local data for formdata-polyfill@https://registry.npmjs.org/formdata-polyfill/-/formdata-polyfill-4.0.10.tgz. Extracting by manifest.
1654 silly tarball no local data for fs.realpath@https://registry.npmjs.org/fs.realpath/-/fs.realpath-1.0.0.tgz. Extracting by manifest.
1655 silly tarball no local data for foreground-child@https://registry.npmjs.org/foreground-child/-/foreground-child-3.3.1.tgz. Extracting by manifest.
1656 silly tarball no local data for fs-extra@https://registry.npmjs.org/fs-extra/-/fs-extra-8.1.0.tgz. Extracting by manifest.
1657 silly tarball no local data for for-each@https://registry.npmjs.org/for-each/-/for-each-0.3.5.tgz. Extracting by manifest.
1658 silly tarball no local data for find-up@https://registry.npmjs.org/find-up/-/find-up-4.1.0.tgz. Extracting by manifest.
1659 silly tarball no local data for figures@https://registry.npmjs.org/figures/-/figures-6.1.0.tgz. Extracting by manifest.
1660 silly tarball no local data for fdir@https://registry.npmjs.org/fdir/-/fdir-6.5.0.tgz. Extracting by manifest.
1661 silly tarball no local data for fbjs@https://registry.npmjs.org/fbjs/-/fbjs-3.0.5.tgz. Extracting by manifest.
1662 silly tarball no local data for fbjs-css-vars@https://registry.npmjs.org/fbjs-css-vars/-/fbjs-css-vars-1.0.2.tgz. Extracting by manifest.
1663 silly tarball no local data for fill-range@https://registry.npmjs.org/fill-range/-/fill-range-7.1.1.tgz. Extracting by manifest.
1664 silly tarball no local data for fastq@https://registry.npmjs.org/fastq/-/fastq-1.20.1.tgz. Extracting by manifest.
1665 silly tarball no local data for fast-xml-parser@https://registry.npmjs.org/fast-xml-parser/-/fast-xml-parser-5.7.2.tgz. Extracting by manifest.
1666 silly tarball no local data for fetch-blob@https://registry.npmjs.org/fetch-blob/-/fetch-blob-3.2.0.tgz. Extracting by manifest.
1667 silly tarball no local data for fast-xml-builder@https://registry.npmjs.org/fast-xml-builder/-/fast-xml-builder-1.1.5.tgz. Extracting by manifest.
1668 silly tarball no local data for fast-glob@https://registry.npmjs.org/fast-glob/-/fast-glob-3.3.3.tgz. Extracting by manifest.
1669 silly tarball no local data for fast-uri@https://registry.npmjs.org/fast-uri/-/fast-uri-3.1.0.tgz. Extracting by manifest.
1670 silly tarball no local data for fast-fifo@https://registry.npmjs.org/fast-fifo/-/fast-fifo-1.3.2.tgz. Extracting by manifest.
1671 silly tarball no local data for fast-deep-equal@https://registry.npmjs.org/fast-deep-equal/-/fast-deep-equal-3.1.3.tgz. Extracting by manifest.
1672 silly tarball no local data for events-universal@https://registry.npmjs.org/events-universal/-/events-universal-1.0.1.tgz. Extracting by manifest.
1673 silly tarball no local data for events@https://registry.npmjs.org/events/-/events-3.3.0.tgz. Extracting by manifest.
1674 silly tarball no local data for fb-watchman@https://registry.npmjs.org/fb-watchman/-/fb-watchman-2.0.2.tgz. Extracting by manifest.
1675 silly tarball no local data for esutils@https://registry.npmjs.org/esutils/-/esutils-2.0.3.tgz. Extracting by manifest.
1676 silly tarball no local data for esm@https://registry.npmjs.org/esm/-/esm-3.2.25.tgz. Extracting by manifest.
1677 silly tarball no local data for execa@https://registry.npmjs.org/execa/-/execa-9.6.1.tgz. Extracting by manifest.
1678 silly tarball no local data for escape-string-regexp@https://registry.npmjs.org/escape-string-regexp/-/escape-string-regexp-1.0.5.tgz. Extracting by manifest.
1679 silly tarball no local data for es-to-primitive@https://registry.npmjs.org/es-to-primitive/-/es-to-primitive-1.3.0.tgz. Extracting by manifest.
1680 silly tarball no local data for esbuild@https://registry.npmjs.org/esbuild/-/esbuild-0.25.12.tgz. Extracting by manifest.
1681 silly tarball no local data for escalade@https://registry.npmjs.org/escalade/-/escalade-3.2.0.tgz. Extracting by manifest.
1682 silly tarball no local data for es-shim-unscopables@https://registry.npmjs.org/es-shim-unscopables/-/es-shim-unscopables-1.1.0.tgz. Extracting by manifest.
1683 silly tarball no local data for event-target-shim@https://registry.npmjs.org/event-target-shim/-/event-target-shim-5.0.1.tgz. Extracting by manifest.
1684 silly tarball no local data for es-set-tostringtag@https://registry.npmjs.org/es-set-tostringtag/-/es-set-tostringtag-2.1.0.tgz. Extracting by manifest.
1685 silly tarball no local data for es-define-property@https://registry.npmjs.org/es-define-property/-/es-define-property-1.0.1.tgz. Extracting by manifest.
1686 silly tarball no local data for encode-utf8@https://registry.npmjs.org/encode-utf8/-/encode-utf8-1.0.3.tgz. Extracting by manifest.
1687 silly tarball no local data for envinfo@https://registry.npmjs.org/envinfo/-/envinfo-7.21.0.tgz. Extracting by manifest.
1688 silly tarball no local data for es-abstract@https://registry.npmjs.org/es-abstract/-/es-abstract-1.24.2.tgz. Extracting by manifest.
1689 silly tarball no local data for es-errors@https://registry.npmjs.org/es-errors/-/es-errors-1.3.0.tgz. Extracting by manifest.
1690 silly tarball no local data for electron-to-chromium@https://registry.npmjs.org/electron-to-chromium/-/electron-to-chromium-1.5.345.tgz. Extracting by manifest.
1691 silly tarball no local data for eastasianwidth@https://registry.npmjs.org/eastasianwidth/-/eastasianwidth-0.2.0.tgz. Extracting by manifest.
1692 silly tarball no local data for dunder-proto@https://registry.npmjs.org/dunder-proto/-/dunder-proto-1.0.1.tgz. Extracting by manifest.
1693 silly tarball no local data for dijkstrajs@https://registry.npmjs.org/dijkstrajs/-/dijkstrajs-1.0.3.tgz. Extracting by manifest.
1694 silly tarball no local data for dlv@https://registry.npmjs.org/dlv/-/dlv-1.1.3.tgz. Extracting by manifest.
1695 silly tarball no local data for emoji-regex@https://registry.npmjs.org/emoji-regex/-/emoji-regex-8.0.0.tgz. Extracting by manifest.
1696 silly tarball no local data for didyoumean@https://registry.npmjs.org/didyoumean/-/didyoumean-1.2.2.tgz. Extracting by manifest.
1697 silly tarball no local data for detect-node-es@https://registry.npmjs.org/detect-node-es/-/detect-node-es-1.1.0.tgz. Extracting by manifest.
1698 silly tarball no local data for es-object-atoms@https://registry.npmjs.org/es-object-atoms/-/es-object-atoms-1.1.1.tgz. Extracting by manifest.
1699 silly tarball no local data for detect-libc@https://registry.npmjs.org/detect-libc/-/detect-libc-2.1.2.tgz. Extracting by manifest.
1700 silly tarball no local data for detect-indent@https://registry.npmjs.org/detect-indent/-/detect-indent-4.0.0.tgz. Extracting by manifest.
1701 silly tarball no local data for diff@https://registry.npmjs.org/diff/-/diff-8.0.4.tgz. Extracting by manifest.
1702 silly tarball no local data for define-properties@https://registry.npmjs.org/define-properties/-/define-properties-1.2.1.tgz. Extracting by manifest.
1703 silly tarball no local data for denque@https://registry.npmjs.org/denque/-/denque-2.1.0.tgz. Extracting by manifest.
1704 silly tarball no local data for dependency-graph@https://registry.npmjs.org/dependency-graph/-/dependency-graph-0.11.0.tgz. Extracting by manifest.
1705 silly tarball no local data for define-data-property@https://registry.npmjs.org/define-data-property/-/define-data-property-1.1.4.tgz. Extracting by manifest.
1706 silly tarball no local data for define-lazy-prop@https://registry.npmjs.org/define-lazy-prop/-/define-lazy-prop-3.0.0.tgz. Extracting by manifest.
1707 silly tarball no local data for dir-glob@https://registry.npmjs.org/dir-glob/-/dir-glob-3.0.1.tgz. Extracting by manifest.
1708 silly tarball no local data for decamelize@https://registry.npmjs.org/decamelize/-/decamelize-1.2.0.tgz. Extracting by manifest.
1709 silly tarball no local data for debug@https://registry.npmjs.org/debug/-/debug-4.4.3.tgz. Extracting by manifest.
1710 silly tarball no local data for default-browser@https://registry.npmjs.org/default-browser/-/default-browser-5.5.0.tgz. Extracting by manifest.
1711 silly tarball no local data for debounce-promise@https://registry.npmjs.org/debounce-promise/-/debounce-promise-3.1.2.tgz. Extracting by manifest.
1712 silly tarball no local data for default-browser-id@https://registry.npmjs.org/default-browser-id/-/default-browser-id-5.0.1.tgz. Extracting by manifest.
1713 silly tarball no local data for data-view-byte-length@https://registry.npmjs.org/data-view-byte-length/-/data-view-byte-length-1.0.2.tgz. Extracting by manifest.
1714 silly tarball no local data for defaults@https://registry.npmjs.org/defaults/-/defaults-1.0.4.tgz. Extracting by manifest.
1715 silly tarball no local data for dot-case@https://registry.npmjs.org/dot-case/-/dot-case-3.0.4.tgz. Extracting by manifest.
1716 silly tarball no local data for data-uri-to-buffer@https://registry.npmjs.org/data-uri-to-buffer/-/data-uri-to-buffer-4.0.1.tgz. Extracting by manifest.
1717 silly tarball no local data for csstype@https://registry.npmjs.org/csstype/-/csstype-3.2.3.tgz. Extracting by manifest.
1718 silly tarball no local data for csv-parse@https://registry.npmjs.org/csv-parse/-/csv-parse-5.6.0.tgz. Extracting by manifest.
1719 silly tarball no local data for cssesc@https://registry.npmjs.org/cssesc/-/cssesc-3.0.0.tgz. Extracting by manifest.
1720 silly tarball no local data for cross-spawn@https://registry.npmjs.org/cross-spawn/-/cross-spawn-7.0.6.tgz. Extracting by manifest.
1721 silly tarball no local data for crypt@https://registry.npmjs.org/crypt/-/crypt-0.0.2.tgz. Extracting by manifest.
1722 silly tarball no local data for data-view-buffer@https://registry.npmjs.org/data-view-buffer/-/data-view-buffer-1.0.2.tgz. Extracting by manifest.
1723 silly tarball no local data for crc-32@https://registry.npmjs.org/crc-32/-/crc-32-1.2.2.tgz. Extracting by manifest.
1724 silly tarball no local data for crc32-stream@https://registry.npmjs.org/crc32-stream/-/crc32-stream-6.0.0.tgz. Extracting by manifest.
1725 silly tarball no local data for cross-fetch@https://registry.npmjs.org/cross-fetch/-/cross-fetch-3.2.0.tgz. Extracting by manifest.
1726 silly tarball no local data for core-util-is@https://registry.npmjs.org/core-util-is/-/core-util-is-1.0.3.tgz. Extracting by manifest.
1727 silly tarball no local data for constructs@https://registry.npmjs.org/constructs/-/constructs-10.6.0.tgz. Extracting by manifest.
1728 silly tarball no local data for convert-source-map@https://registry.npmjs.org/convert-source-map/-/convert-source-map-2.0.0.tgz. Extracting by manifest.
1729 silly tarball no local data for core-js@https://registry.npmjs.org/core-js/-/core-js-3.49.0.tgz. Extracting by manifest.
1730 silly tarball no local data for constant-case@https://registry.npmjs.org/constant-case/-/constant-case-3.0.4.tgz. Extracting by manifest.
1731 silly tarball no local data for commander@https://registry.npmjs.org/commander/-/commander-9.5.0.tgz. Extracting by manifest.
1732 silly tarball no local data for cross-inspect@https://registry.npmjs.org/cross-inspect/-/cross-inspect-1.0.1.tgz. Extracting by manifest.
1733 silly tarball no local data for compress-commons@https://registry.npmjs.org/compress-commons/-/compress-commons-6.0.2.tgz. Extracting by manifest.
1734 silly tarball no local data for colorette@https://registry.npmjs.org/colorette/-/colorette-2.0.19.tgz. Extracting by manifest.
1735 silly tarball no local data for color-name@https://registry.npmjs.org/color-name/-/color-name-1.1.4.tgz. Extracting by manifest.
1736 silly tarball no local data for color-convert@https://registry.npmjs.org/color-convert/-/color-convert-2.0.1.tgz. Extracting by manifest.
1737 silly tarball no local data for cli-width@https://registry.npmjs.org/cli-width/-/cli-width-4.1.0.tgz. Extracting by manifest.
1738 silly tarball no local data for clone@https://registry.npmjs.org/clone/-/clone-1.0.4.tgz. Extracting by manifest.
1739 silly tarball no local data for cli-spinners@https://registry.npmjs.org/cli-spinners/-/cli-spinners-2.9.2.tgz. Extracting by manifest.
1740 silly tarball no local data for cli-cursor@https://registry.npmjs.org/cli-cursor/-/cli-cursor-5.0.0.tgz. Extracting by manifest.
1741 silly tarball no local data for concat-map@https://registry.npmjs.org/concat-map/-/concat-map-0.0.1.tgz. Extracting by manifest.
1742 silly tarball no local data for ci-info@https://registry.npmjs.org/ci-info/-/ci-info-4.4.0.tgz. Extracting by manifest.
1743 silly tarball no local data for cliui@https://registry.npmjs.org/cliui/-/cliui-8.0.1.tgz. Extracting by manifest.
1744 silly tarball no local data for chokidar@https://registry.npmjs.org/chokidar/-/chokidar-4.0.3.tgz. Extracting by manifest.
1745 silly tarball no local data for charenc@https://registry.npmjs.org/charenc/-/charenc-0.0.2.tgz. Extracting by manifest.
1746 silly tarball no local data for change-case-all@https://registry.npmjs.org/change-case-all/-/change-case-all-1.0.15.tgz. Extracting by manifest.
1747 silly tarball no local data for common-tags@https://registry.npmjs.org/common-tags/-/common-tags-1.8.2.tgz. Extracting by manifest.
1748 silly tarball no local data for chardet@https://registry.npmjs.org/chardet/-/chardet-2.1.1.tgz. Extracting by manifest.
1749 silly tarball no local data for chalk@https://registry.npmjs.org/chalk/-/chalk-3.0.0.tgz. Extracting by manifest.
1750 silly tarball no local data for change-case@https://registry.npmjs.org/change-case/-/change-case-4.1.2.tgz. Extracting by manifest.
1751 silly tarball no local data for camelcase@https://registry.npmjs.org/camelcase/-/camelcase-5.3.1.tgz. Extracting by manifest.
1752 silly tarball no local data for camelcase-css@https://registry.npmjs.org/camelcase-css/-/camelcase-css-2.0.1.tgz. Extracting by manifest.
1753 silly tarball no local data for camel-case@https://registry.npmjs.org/camel-case/-/camel-case-4.1.1.tgz. Extracting by manifest.
1754 silly tarball no local data for cdk-from-cfn@https://registry.npmjs.org/cdk-from-cfn/-/cdk-from-cfn-0.263.0.tgz. Extracting by manifest.
1755 silly tarball no local data for caniuse-lite@https://registry.npmjs.org/caniuse-lite/-/caniuse-lite-1.0.30001791.tgz. Extracting by manifest.
1756 silly tarball no local data for capital-case@https://registry.npmjs.org/capital-case/-/capital-case-1.0.4.tgz. Extracting by manifest.
1757 silly tarball no local data for bundle-name@https://registry.npmjs.org/bundle-name/-/bundle-name-4.1.0.tgz. Extracting by manifest.
1758 silly tarball no local data for data-view-byte-offset@https://registry.npmjs.org/data-view-byte-offset/-/data-view-byte-offset-1.0.1.tgz. Extracting by manifest.
1759 silly tarball no local data for buffer-from@https://registry.npmjs.org/buffer-from/-/buffer-from-1.1.2.tgz. Extracting by manifest.
1760 silly tarball no local data for buffer-crc32@https://registry.npmjs.org/buffer-crc32/-/buffer-crc32-1.0.0.tgz. Extracting by manifest.
1761 silly tarball no local data for bser@https://registry.npmjs.org/bser/-/bser-2.1.1.tgz. Extracting by manifest.
1762 silly tarball no local data for buffer@https://registry.npmjs.org/buffer/-/buffer-5.6.0.tgz. Extracting by manifest.
1763 silly tarball no local data for browserslist@https://registry.npmjs.org/browserslist/-/browserslist-4.28.2.tgz. Extracting by manifest.
1764 silly tarball no local data for call-bind@https://registry.npmjs.org/call-bind/-/call-bind-1.0.9.tgz. Extracting by manifest.
1765 silly tarball no local data for call-bound@https://registry.npmjs.org/call-bound/-/call-bound-1.0.4.tgz. Extracting by manifest.
1766 silly tarball no local data for braces@https://registry.npmjs.org/braces/-/braces-3.0.3.tgz. Extracting by manifest.
1767 silly tarball no local data for call-bind-apply-helpers@https://registry.npmjs.org/call-bind-apply-helpers/-/call-bind-apply-helpers-1.0.2.tgz. Extracting by manifest.
1768 silly tarball no local data for baseline-browser-mapping@https://registry.npmjs.org/baseline-browser-mapping/-/baseline-browser-mapping-2.10.24.tgz. Extracting by manifest.
1769 silly tarball no local data for bowser@https://registry.npmjs.org/bowser/-/bowser-2.14.1.tgz. Extracting by manifest.
1770 silly tarball no local data for binary-extensions@https://registry.npmjs.org/binary-extensions/-/binary-extensions-2.3.0.tgz. Extracting by manifest.
1771 silly tarball no local data for brace-expansion@https://registry.npmjs.org/brace-expansion/-/brace-expansion-2.1.0.tgz. Extracting by manifest.
1772 silly tarball no local data for base64-js@https://registry.npmjs.org/base64-js/-/base64-js-1.5.1.tgz. Extracting by manifest.
1773 silly tarball no local data for bare-stream@https://registry.npmjs.org/bare-stream/-/bare-stream-2.13.1.tgz. Extracting by manifest.
1774 silly tarball no local data for bare-url@https://registry.npmjs.org/bare-url/-/bare-url-2.4.2.tgz. Extracting by manifest.
1775 silly tarball no local data for bare-path@https://registry.npmjs.org/bare-path/-/bare-path-3.0.0.tgz. Extracting by manifest.
1776 silly tarball no local data for balanced-match@https://registry.npmjs.org/balanced-match/-/balanced-match-1.0.2.tgz. Extracting by manifest.
1777 silly tarball no local data for bare-os@https://registry.npmjs.org/bare-os/-/bare-os-3.9.0.tgz. Extracting by manifest.
1778 silly tarball no local data for bare-events@https://registry.npmjs.org/bare-events/-/bare-events-2.8.2.tgz. Extracting by manifest.
1779 silly tarball no local data for babel-runtime@https://registry.npmjs.org/babel-runtime/-/babel-runtime-6.26.0.tgz. Extracting by manifest.
1780 silly tarball no local data for bare-fs@https://registry.npmjs.org/bare-fs/-/bare-fs-4.7.1.tgz. Extracting by manifest.
1781 silly tarball no local data for babel-messages@https://registry.npmjs.org/babel-messages/-/babel-messages-6.23.0.tgz. Extracting by manifest.
1782 silly tarball no local data for babel-preset-fbjs@https://registry.npmjs.org/babel-preset-fbjs/-/babel-preset-fbjs-3.4.0.tgz. Extracting by manifest.
1783 silly tarball no local data for aws-amplify@https://registry.npmjs.org/aws-amplify/-/aws-amplify-6.16.4.tgz. Extracting by manifest.
1784 silly tarball no local data for babel-types@https://registry.npmjs.org/babel-types/-/babel-types-6.26.0.tgz. Extracting by manifest.
1785 silly tarball no local data for babel-plugin-syntax-trailing-function-commas@https://registry.npmjs.org/babel-plugin-syntax-trailing-function-commas/-/babel-plugin-syntax-trailing-function-commas-7.0.0-beta.0.tgz. Extracting by manifest.
1786 silly tarball no local data for babel-generator@https://registry.npmjs.org/babel-generator/-/babel-generator-6.26.1.tgz. Extracting by manifest.
1787 silly tarball no local data for auto-bind@https://registry.npmjs.org/auto-bind/-/auto-bind-4.0.0.tgz. Extracting by manifest.
1788 silly tarball no local data for at-least-node@https://registry.npmjs.org/at-least-node/-/at-least-node-1.0.0.tgz. Extracting by manifest.
1789 silly tarball no local data for autoprefixer@https://registry.npmjs.org/autoprefixer/-/autoprefixer-10.5.0.tgz. Extracting by manifest.
1790 silly tarball no local data for async@https://registry.npmjs.org/async/-/async-3.2.6.tgz. Extracting by manifest.
1791 silly tarball no local data for asap@https://registry.npmjs.org/asap/-/asap-2.0.6.tgz. Extracting by manifest.
1792 silly tarball no local data for array.prototype.flatmap@https://registry.npmjs.org/array.prototype.flatmap/-/array.prototype.flatmap-1.3.3.tgz. Extracting by manifest.
1793 silly tarball no local data for array-buffer-byte-length@https://registry.npmjs.org/array-buffer-byte-length/-/array-buffer-byte-length-1.0.2.tgz. Extracting by manifest.
1794 silly tarball no local data for async-function@https://registry.npmjs.org/async-function/-/async-function-1.0.0.tgz. Extracting by manifest.
1795 silly tarball no local data for astral-regex@https://registry.npmjs.org/astral-regex/-/astral-regex-2.0.0.tgz. Extracting by manifest.
1796 silly tarball no local data for available-typed-arrays@https://registry.npmjs.org/available-typed-arrays/-/available-typed-arrays-1.0.7.tgz. Extracting by manifest.
1797 silly tarball no local data for arraybuffer.prototype.slice@https://registry.npmjs.org/arraybuffer.prototype.slice/-/arraybuffer.prototype.slice-1.0.4.tgz. Extracting by manifest.
1798 silly tarball no local data for archiver-utils@https://registry.npmjs.org/archiver-utils/-/archiver-utils-5.0.2.tgz. Extracting by manifest.
1799 silly tarball no local data for array-union@https://registry.npmjs.org/array-union/-/array-union-2.1.0.tgz. Extracting by manifest.
1800 silly tarball no local data for aria-hidden@https://registry.npmjs.org/aria-hidden/-/aria-hidden-1.2.6.tgz. Extracting by manifest.
1801 silly tarball no local data for archiver@https://registry.npmjs.org/archiver/-/archiver-7.0.1.tgz. Extracting by manifest.
1802 silly tarball no local data for anymatch@https://registry.npmjs.org/anymatch/-/anymatch-3.1.3.tgz. Extracting by manifest.
1803 silly tarball no local data for any-promise@https://registry.npmjs.org/any-promise/-/any-promise-1.3.0.tgz. Extracting by manifest.
1804 silly tarball no local data for arg@https://registry.npmjs.org/arg/-/arg-5.0.2.tgz. Extracting by manifest.
1805 silly tarball no local data for abort-controller@https://registry.npmjs.org/abort-controller/-/abort-controller-3.0.0.tgz. Extracting by manifest.
1806 silly tarball no local data for ansi-regex@https://registry.npmjs.org/ansi-regex/-/ansi-regex-6.2.2.tgz. Extracting by manifest.
1807 silly tarball no local data for ansi-styles@https://registry.npmjs.org/ansi-styles/-/ansi-styles-4.3.0.tgz. Extracting by manifest.
1808 silly tarball no local data for ajv@https://registry.npmjs.org/ajv/-/ajv-8.20.0.tgz. Extracting by manifest.
1809 silly tarball no local data for @whatwg-node/fetch@https://registry.npmjs.org/@whatwg-node/fetch/-/fetch-0.10.13.tgz. Extracting by manifest.
1810 silly tarball no local data for @vitejs/plugin-react@https://registry.npmjs.org/@vitejs/plugin-react/-/plugin-react-4.7.0.tgz. Extracting by manifest.
1811 silly tarball no local data for @whatwg-node/disposablestack@https://registry.npmjs.org/@whatwg-node/disposablestack/-/disposablestack-0.0.6.tgz. Extracting by manifest.
1812 silly tarball no local data for @xstate/react@https://registry.npmjs.org/@xstate/react/-/react-3.2.2.tgz. Extracting by manifest.
1813 silly tarball no local data for @typescript/vfs@https://registry.npmjs.org/@typescript/vfs/-/vfs-1.3.6.tgz. Extracting by manifest.
1814 silly tarball no local data for @types/uuid@https://registry.npmjs.org/@types/uuid/-/uuid-9.0.8.tgz. Extracting by manifest.
1815 silly tarball no local data for @types/react-dom@https://registry.npmjs.org/@types/react-dom/-/react-dom-18.3.7.tgz. Extracting by manifest.
1816 silly tarball no local data for @types/react@https://registry.npmjs.org/@types/react/-/react-18.3.28.tgz. Extracting by manifest.
1817 silly tarball no local data for @whatwg-node/promise-helpers@https://registry.npmjs.org/@whatwg-node/promise-helpers/-/promise-helpers-1.3.2.tgz. Extracting by manifest.
1818 silly tarball no local data for @whatwg-node/node-fetch@https://registry.npmjs.org/@whatwg-node/node-fetch/-/node-fetch-0.8.5.tgz. Extracting by manifest.
1819 silly tarball no local data for @types/estree@https://registry.npmjs.org/@types/estree/-/estree-1.0.8.tgz. Extracting by manifest.
1820 silly tarball no local data for @types/json-schema@https://registry.npmjs.org/@types/json-schema/-/json-schema-7.0.15.tgz. Extracting by manifest.
1821 silly tarball no local data for @types/babel__traverse@https://registry.npmjs.org/@types/babel__traverse/-/babel__traverse-7.28.0.tgz. Extracting by manifest.
1822 silly tarball no local data for @types/prop-types@https://registry.npmjs.org/@types/prop-types/-/prop-types-15.7.15.tgz. Extracting by manifest.
1823 silly tarball no local data for @types/babel__generator@https://registry.npmjs.org/@types/babel__generator/-/babel__generator-7.27.0.tgz. Extracting by manifest.
1824 silly tarball no local data for @types/lodash@https://registry.npmjs.org/@types/lodash/-/lodash-4.17.24.tgz. Extracting by manifest.
1825 silly tarball no local data for @types/babel__template@https://registry.npmjs.org/@types/babel__template/-/babel__template-7.4.4.tgz. Extracting by manifest.
1826 silly tarball no local data for @types/babel__core@https://registry.npmjs.org/@types/babel__core/-/babel__core-7.20.5.tgz. Extracting by manifest.
1827 silly tarball no local data for @smithy/util-waiter@https://registry.npmjs.org/@smithy/util-waiter/-/util-waiter-4.3.0.tgz. Extracting by manifest.
1828 silly tarball no local data for @smithy/util-utf8@https://registry.npmjs.org/@smithy/util-utf8/-/util-utf8-2.3.0.tgz. Extracting by manifest.
1829 silly tarball no local data for @smithy/util-hex-encoding@https://registry.npmjs.org/@smithy/util-hex-encoding/-/util-hex-encoding-2.0.0.tgz. Extracting by manifest.
1830 silly tarball no local data for @smithy/util-retry@https://registry.npmjs.org/@smithy/util-retry/-/util-retry-4.3.6.tgz. Extracting by manifest.
1831 silly tarball no local data for @smithy/uuid@https://registry.npmjs.org/@smithy/uuid/-/uuid-1.1.2.tgz. Extracting by manifest.
1832 silly tarball no local data for @smithy/util-endpoints@https://registry.npmjs.org/@smithy/util-endpoints/-/util-endpoints-3.4.2.tgz. Extracting by manifest.
1833 silly tarball no local data for @smithy/util-stream@https://registry.npmjs.org/@smithy/util-stream/-/util-stream-4.5.25.tgz. Extracting by manifest.
1834 silly tarball no local data for @smithy/util-middleware@https://registry.npmjs.org/@smithy/util-middleware/-/util-middleware-4.2.14.tgz. Extracting by manifest.
1835 silly tarball no local data for @types/aws-lambda@https://registry.npmjs.org/@types/aws-lambda/-/aws-lambda-8.10.161.tgz. Extracting by manifest.
1836 silly tarball no local data for @smithy/util-uri-escape@https://registry.npmjs.org/@smithy/util-uri-escape/-/util-uri-escape-4.2.2.tgz. Extracting by manifest.
1837 silly tarball no local data for @smithy/util-defaults-mode-browser@https://registry.npmjs.org/@smithy/util-defaults-mode-browser/-/util-defaults-mode-browser-4.3.49.tgz. Extracting by manifest.
1838 silly tarball no local data for @smithy/util-buffer-from@https://registry.npmjs.org/@smithy/util-buffer-from/-/util-buffer-from-4.2.2.tgz. Extracting by manifest.
1839 silly tarball no local data for @smithy/util-body-length-node@https://registry.npmjs.org/@smithy/util-body-length-node/-/util-body-length-node-4.2.3.tgz. Extracting by manifest.
1840 silly tarball no local data for @smithy/util-config-provider@https://registry.npmjs.org/@smithy/util-config-provider/-/util-config-provider-4.2.2.tgz. Extracting by manifest.
1841 silly tarball no local data for @smithy/util-base64@https://registry.npmjs.org/@smithy/util-base64/-/util-base64-3.0.0.tgz. Extracting by manifest.
1842 silly tarball no local data for @smithy/util-defaults-mode-node@https://registry.npmjs.org/@smithy/util-defaults-mode-node/-/util-defaults-mode-node-4.2.54.tgz. Extracting by manifest.
1843 silly tarball no local data for @smithy/signature-v4@https://registry.npmjs.org/@smithy/signature-v4/-/signature-v4-5.3.14.tgz. Extracting by manifest.
1844 silly tarball no local data for @smithy/util-body-length-browser@https://registry.npmjs.org/@smithy/util-body-length-browser/-/util-body-length-browser-4.2.2.tgz. Extracting by manifest.
1845 silly tarball no local data for @smithy/smithy-client@https://registry.npmjs.org/@smithy/smithy-client/-/smithy-client-4.12.13.tgz. Extracting by manifest.
1846 silly tarball no local data for @smithy/url-parser@https://registry.npmjs.org/@smithy/url-parser/-/url-parser-4.2.14.tgz. Extracting by manifest.
1847 silly tarball no local data for @smithy/querystring-parser@https://registry.npmjs.org/@smithy/querystring-parser/-/querystring-parser-4.2.14.tgz. Extracting by manifest.
1848 silly tarball no local data for @smithy/shared-ini-file-loader@https://registry.npmjs.org/@smithy/shared-ini-file-loader/-/shared-ini-file-loader-4.4.9.tgz. Extracting by manifest.
1849 silly tarball no local data for @smithy/types@https://registry.npmjs.org/@smithy/types/-/types-4.14.1.tgz. Extracting by manifest.
1850 silly tarball no local data for @smithy/protocol-http@https://registry.npmjs.org/@smithy/protocol-http/-/protocol-http-5.3.14.tgz. Extracting by manifest.
1851 silly tarball no local data for @smithy/querystring-builder@https://registry.npmjs.org/@smithy/querystring-builder/-/querystring-builder-4.2.14.tgz. Extracting by manifest.
1852 silly tarball no local data for @smithy/node-config-provider@https://registry.npmjs.org/@smithy/node-config-provider/-/node-config-provider-4.3.14.tgz. Extracting by manifest.
1853 silly tarball no local data for @smithy/middleware-stack@https://registry.npmjs.org/@smithy/middleware-stack/-/middleware-stack-4.2.14.tgz. Extracting by manifest.
1854 silly tarball no local data for @smithy/service-error-classification@https://registry.npmjs.org/@smithy/service-error-classification/-/service-error-classification-4.3.1.tgz. Extracting by manifest.
1855 silly tarball no local data for @smithy/node-http-handler@https://registry.npmjs.org/@smithy/node-http-handler/-/node-http-handler-4.6.1.tgz. Extracting by manifest.
1856 silly tarball no local data for @smithy/property-provider@https://registry.npmjs.org/@smithy/property-provider/-/property-provider-4.2.14.tgz. Extracting by manifest.
1857 silly tarball no local data for @smithy/middleware-content-length@https://registry.npmjs.org/@smithy/middleware-content-length/-/middleware-content-length-4.2.14.tgz. Extracting by manifest.
1858 silly tarball no local data for @smithy/middleware-endpoint@https://registry.npmjs.org/@smithy/middleware-endpoint/-/middleware-endpoint-4.4.32.tgz. Extracting by manifest.
1859 silly tarball no local data for @smithy/middleware-serde@https://registry.npmjs.org/@smithy/middleware-serde/-/middleware-serde-4.2.20.tgz. Extracting by manifest.
1860 silly tarball no local data for @smithy/md5-js@https://registry.npmjs.org/@smithy/md5-js/-/md5-js-4.2.14.tgz. Extracting by manifest.
1861 silly tarball no local data for @smithy/is-array-buffer@https://registry.npmjs.org/@smithy/is-array-buffer/-/is-array-buffer-4.2.2.tgz. Extracting by manifest.
1862 silly tarball no local data for @smithy/hash-stream-node@https://registry.npmjs.org/@smithy/hash-stream-node/-/hash-stream-node-4.2.14.tgz. Extracting by manifest.
1863 silly tarball no local data for @smithy/invalid-dependency@https://registry.npmjs.org/@smithy/invalid-dependency/-/invalid-dependency-4.2.14.tgz. Extracting by manifest.
1864 silly tarball no local data for @smithy/hash-blob-browser@https://registry.npmjs.org/@smithy/hash-blob-browser/-/hash-blob-browser-4.2.15.tgz. Extracting by manifest.
1865 silly tarball no local data for @smithy/hash-node@https://registry.npmjs.org/@smithy/hash-node/-/hash-node-4.2.14.tgz. Extracting by manifest.
1866 silly tarball no local data for @smithy/eventstream-serde-universal@https://registry.npmjs.org/@smithy/eventstream-serde-universal/-/eventstream-serde-universal-4.2.14.tgz. Extracting by manifest.
1867 silly tarball no local data for @smithy/fetch-http-handler@https://registry.npmjs.org/@smithy/fetch-http-handler/-/fetch-http-handler-5.3.17.tgz. Extracting by manifest.
1868 silly tarball no local data for @smithy/eventstream-codec@https://registry.npmjs.org/@smithy/eventstream-codec/-/eventstream-codec-4.2.14.tgz. Extracting by manifest.
1869 silly tarball no local data for @smithy/eventstream-serde-config-resolver@https://registry.npmjs.org/@smithy/eventstream-serde-config-resolver/-/eventstream-serde-config-resolver-4.3.14.tgz. Extracting by manifest.
1870 silly tarball no local data for @smithy/core@https://registry.npmjs.org/@smithy/core/-/core-3.23.17.tgz. Extracting by manifest.
1871 silly tarball no local data for @smithy/eventstream-serde-node@https://registry.npmjs.org/@smithy/eventstream-serde-node/-/eventstream-serde-node-4.2.14.tgz. Extracting by manifest.
1872 silly tarball no local data for @smithy/config-resolver@https://registry.npmjs.org/@smithy/config-resolver/-/config-resolver-4.4.17.tgz. Extracting by manifest.
1873 silly tarball no local data for @smithy/eventstream-serde-browser@https://registry.npmjs.org/@smithy/eventstream-serde-browser/-/eventstream-serde-browser-4.2.14.tgz. Extracting by manifest.
1874 silly tarball no local data for @smithy/credential-provider-imds@https://registry.npmjs.org/@smithy/credential-provider-imds/-/credential-provider-imds-4.2.14.tgz. Extracting by manifest.
1875 silly tarball no local data for @smithy/middleware-retry@https://registry.npmjs.org/@smithy/middleware-retry/-/middleware-retry-4.5.7.tgz. Extracting by manifest.
1876 silly tarball no local data for @sindresorhus/merge-streams@https://registry.npmjs.org/@sindresorhus/merge-streams/-/merge-streams-4.0.0.tgz. Extracting by manifest.
1877 silly tarball no local data for @smithy/chunked-blob-reader@https://registry.npmjs.org/@smithy/chunked-blob-reader/-/chunked-blob-reader-5.2.2.tgz. Extracting by manifest.
1878 silly tarball no local data for @sec-ant/readable-stream@https://registry.npmjs.org/@sec-ant/readable-stream/-/readable-stream-0.4.1.tgz. Extracting by manifest.
1879 silly tarball no local data for @smithy/chunked-blob-reader-native@https://registry.npmjs.org/@smithy/chunked-blob-reader-native/-/chunked-blob-reader-native-4.2.3.tgz. Extracting by manifest.
1880 silly tarball no local data for @rolldown/pluginutils@https://registry.npmjs.org/@rolldown/pluginutils/-/pluginutils-1.0.0-beta.27.tgz. Extracting by manifest.
1881 silly tarball no local data for @rollup/rollup-darwin-arm64@https://registry.npmjs.org/@rollup/rollup-darwin-arm64/-/rollup-darwin-arm64-4.60.2.tgz. Extracting by manifest.
1882 silly tarball no local data for @radix-ui/rect@https://registry.npmjs.org/@radix-ui/rect/-/rect-1.1.1.tgz. Extracting by manifest.
1883 silly tarball no local data for @radix-ui/react-use-previous@https://registry.npmjs.org/@radix-ui/react-use-previous/-/react-use-previous-1.1.1.tgz. Extracting by manifest.
1884 silly tarball no local data for @radix-ui/react-use-size@https://registry.npmjs.org/@radix-ui/react-use-size/-/react-use-size-1.1.1.tgz. Extracting by manifest.
1885 silly tarball no local data for @radix-ui/react-use-layout-effect@https://registry.npmjs.org/@radix-ui/react-use-layout-effect/-/react-use-layout-effect-1.1.1.tgz. Extracting by manifest.
1886 silly tarball no local data for @remix-run/router@https://registry.npmjs.org/@remix-run/router/-/router-1.23.2.tgz. Extracting by manifest.
1887 silly tarball no local data for @radix-ui/react-use-rect@https://registry.npmjs.org/@radix-ui/react-use-rect/-/react-use-rect-1.1.1.tgz. Extracting by manifest.
1888 silly tarball no local data for @radix-ui/react-use-escape-keydown@https://registry.npmjs.org/@radix-ui/react-use-escape-keydown/-/react-use-escape-keydown-1.1.1.tgz. Extracting by manifest.
1889 silly tarball no local data for @radix-ui/react-use-effect-event@https://registry.npmjs.org/@radix-ui/react-use-effect-event/-/react-use-effect-event-0.0.2.tgz. Extracting by manifest.
1890 silly tarball no local data for @radix-ui/react-use-controllable-state@https://registry.npmjs.org/@radix-ui/react-use-controllable-state/-/react-use-controllable-state-1.2.2.tgz. Extracting by manifest.
1891 silly tarball no local data for @radix-ui/react-use-callback-ref@https://registry.npmjs.org/@radix-ui/react-use-callback-ref/-/react-use-callback-ref-1.1.1.tgz. Extracting by manifest.
1892 silly tarball no local data for @radix-ui/react-roving-focus@https://registry.npmjs.org/@radix-ui/react-roving-focus/-/react-roving-focus-1.1.11.tgz. Extracting by manifest.
1893 silly tarball no local data for @radix-ui/react-slider@https://registry.npmjs.org/@radix-ui/react-slider/-/react-slider-1.3.6.tgz. Extracting by manifest.
1894 silly tarball no local data for @radix-ui/react-slot@https://registry.npmjs.org/@radix-ui/react-slot/-/react-slot-1.2.3.tgz. Extracting by manifest.
1895 silly tarball no local data for @radix-ui/react-presence@https://registry.npmjs.org/@radix-ui/react-presence/-/react-presence-1.1.5.tgz. Extracting by manifest.
1896 silly tarball no local data for @radix-ui/react-popper@https://registry.npmjs.org/@radix-ui/react-popper/-/react-popper-1.2.8.tgz. Extracting by manifest.
1897 silly tarball no local data for @radix-ui/react-id@https://registry.npmjs.org/@radix-ui/react-id/-/react-id-1.1.1.tgz. Extracting by manifest.
1898 silly tarball no local data for @radix-ui/react-portal@https://registry.npmjs.org/@radix-ui/react-portal/-/react-portal-1.1.9.tgz. Extracting by manifest.
1899 silly tarball no local data for @radix-ui/react-menu@https://registry.npmjs.org/@radix-ui/react-menu/-/react-menu-2.1.16.tgz. Extracting by manifest.
1900 silly tarball no local data for @radix-ui/react-primitive@https://registry.npmjs.org/@radix-ui/react-primitive/-/react-primitive-2.1.3.tgz. Extracting by manifest.
1901 silly tarball no local data for @radix-ui/react-focus-guards@https://registry.npmjs.org/@radix-ui/react-focus-guards/-/react-focus-guards-1.1.3.tgz. Extracting by manifest.
1902 silly tarball no local data for @radix-ui/react-focus-scope@https://registry.npmjs.org/@radix-ui/react-focus-scope/-/react-focus-scope-1.1.7.tgz. Extracting by manifest.
1903 silly tarball no local data for @radix-ui/react-dropdown-menu@https://registry.npmjs.org/@radix-ui/react-dropdown-menu/-/react-dropdown-menu-2.1.16.tgz. Extracting by manifest.
1904 silly tarball no local data for @radix-ui/react-dismissable-layer@https://registry.npmjs.org/@radix-ui/react-dismissable-layer/-/react-dismissable-layer-1.1.11.tgz. Extracting by manifest.
1905 silly tarball no local data for @radix-ui/react-context@https://registry.npmjs.org/@radix-ui/react-context/-/react-context-1.1.2.tgz. Extracting by manifest.
1906 silly tarball no local data for @radix-ui/react-collection@https://registry.npmjs.org/@radix-ui/react-collection/-/react-collection-1.1.7.tgz. Extracting by manifest.
1907 silly tarball no local data for @radix-ui/react-compose-refs@https://registry.npmjs.org/@radix-ui/react-compose-refs/-/react-compose-refs-1.1.2.tgz. Extracting by manifest.
1908 silly tarball no local data for @radix-ui/number@https://registry.npmjs.org/@radix-ui/number/-/number-1.1.1.tgz. Extracting by manifest.
1909 silly tarball no local data for @pkgjs/parseargs@https://registry.npmjs.org/@pkgjs/parseargs/-/parseargs-0.11.0.tgz. Extracting by manifest.
1910 silly tarball no local data for @radix-ui/react-direction@https://registry.npmjs.org/@radix-ui/react-direction/-/react-direction-1.1.1.tgz. Extracting by manifest.
1911 silly tarball no local data for @parcel/watcher-darwin-arm64@https://registry.npmjs.org/@parcel/watcher-darwin-arm64/-/watcher-darwin-arm64-2.5.6.tgz. Extracting by manifest.
1912 silly tarball no local data for @radix-ui/primitive@https://registry.npmjs.org/@radix-ui/primitive/-/primitive-1.1.3.tgz. Extracting by manifest.
1913 silly tarball no local data for @parcel/watcher@https://registry.npmjs.org/@parcel/watcher/-/watcher-2.5.6.tgz. Extracting by manifest.
1914 silly tarball no local data for @opentelemetry/core@https://registry.npmjs.org/@opentelemetry/core/-/core-2.7.1.tgz. Extracting by manifest.
1915 silly tarball no local data for @opentelemetry/resources@https://registry.npmjs.org/@opentelemetry/resources/-/resources-2.7.1.tgz. Extracting by manifest.
1916 silly tarball no local data for @opentelemetry/semantic-conventions@https://registry.npmjs.org/@opentelemetry/semantic-conventions/-/semantic-conventions-1.40.0.tgz. Extracting by manifest.
1917 silly tarball no local data for @radix-ui/react-arrow@https://registry.npmjs.org/@radix-ui/react-arrow/-/react-arrow-1.1.7.tgz. Extracting by manifest.
1918 silly tarball no local data for @opentelemetry/api@https://registry.npmjs.org/@opentelemetry/api/-/api-1.9.1.tgz. Extracting by manifest.
1919 silly tarball no local data for @opentelemetry/context-async-hooks@https://registry.npmjs.org/@opentelemetry/context-async-hooks/-/context-async-hooks-2.7.1.tgz. Extracting by manifest.
1920 silly tarball no local data for @opentelemetry/sdk-trace-base@https://registry.npmjs.org/@opentelemetry/sdk-trace-base/-/sdk-trace-base-2.7.1.tgz. Extracting by manifest.
1921 silly tarball no local data for @nodelib/fs.walk@https://registry.npmjs.org/@nodelib/fs.walk/-/fs.walk-1.2.8.tgz. Extracting by manifest.
1922 silly tarball no local data for @jridgewell/trace-mapping@https://registry.npmjs.org/@jridgewell/trace-mapping/-/trace-mapping-0.3.31.tgz. Extracting by manifest.
1923 silly tarball no local data for @nodelib/fs.scandir@https://registry.npmjs.org/@nodelib/fs.scandir/-/fs.scandir-2.1.5.tgz. Extracting by manifest.
1924 silly tarball no local data for @nodelib/fs.stat@https://registry.npmjs.org/@nodelib/fs.stat/-/fs.stat-2.0.5.tgz. Extracting by manifest.
1925 silly tarball no local data for @nodable/entities@https://registry.npmjs.org/@nodable/entities/-/entities-2.1.0.tgz. Extracting by manifest.
1926 silly tarball no local data for @jridgewell/resolve-uri@https://registry.npmjs.org/@jridgewell/resolve-uri/-/resolve-uri-3.1.2.tgz. Extracting by manifest.
1927 silly tarball no local data for @jridgewell/remapping@https://registry.npmjs.org/@jridgewell/remapping/-/remapping-2.3.5.tgz. Extracting by manifest.
1928 silly tarball no local data for @jridgewell/gen-mapping@https://registry.npmjs.org/@jridgewell/gen-mapping/-/gen-mapping-0.3.13.tgz. Extracting by manifest.
1929 silly tarball no local data for @jridgewell/sourcemap-codec@https://registry.npmjs.org/@jridgewell/sourcemap-codec/-/sourcemap-codec-1.5.5.tgz. Extracting by manifest.
1930 silly tarball no local data for @inquirer/search@https://registry.npmjs.org/@inquirer/search/-/search-3.2.2.tgz. Extracting by manifest.
1931 silly tarball no local data for @inquirer/rawlist@https://registry.npmjs.org/@inquirer/rawlist/-/rawlist-4.1.11.tgz. Extracting by manifest.
1932 silly tarball no local data for @inquirer/select@https://registry.npmjs.org/@inquirer/select/-/select-4.4.2.tgz. Extracting by manifest.
1933 silly tarball no local data for @isaacs/cliui@https://registry.npmjs.org/@isaacs/cliui/-/cliui-9.0.0.tgz. Extracting by manifest.
1934 silly tarball no local data for @inquirer/password@https://registry.npmjs.org/@inquirer/password/-/password-4.0.23.tgz. Extracting by manifest.
1935 silly tarball no local data for @inquirer/input@https://registry.npmjs.org/@inquirer/input/-/input-4.3.1.tgz. Extracting by manifest.
1936 silly tarball no local data for @inquirer/figures@https://registry.npmjs.org/@inquirer/figures/-/figures-1.0.15.tgz. Extracting by manifest.
1937 silly tarball no local data for @inquirer/number@https://registry.npmjs.org/@inquirer/number/-/number-3.0.23.tgz. Extracting by manifest.
1938 silly tarball no local data for @inquirer/prompts@https://registry.npmjs.org/@inquirer/prompts/-/prompts-7.10.1.tgz. Extracting by manifest.
1939 silly tarball no local data for @inquirer/confirm@https://registry.npmjs.org/@inquirer/confirm/-/confirm-5.1.21.tgz. Extracting by manifest.
1940 silly tarball no local data for @inquirer/expand@https://registry.npmjs.org/@inquirer/expand/-/expand-4.0.23.tgz. Extracting by manifest.
1941 silly tarball no local data for @inquirer/checkbox@https://registry.npmjs.org/@inquirer/checkbox/-/checkbox-4.3.2.tgz. Extracting by manifest.
1942 silly tarball no local data for @inquirer/core@https://registry.npmjs.org/@inquirer/core/-/core-10.3.2.tgz. Extracting by manifest.
1943 silly tarball no local data for @graphql-tools/schema@https://registry.npmjs.org/@graphql-tools/schema/-/schema-9.0.19.tgz. Extracting by manifest.
1944 silly tarball no local data for @inquirer/external-editor@https://registry.npmjs.org/@inquirer/external-editor/-/external-editor-1.0.3.tgz. Extracting by manifest.
1945 silly tarball no local data for @graphql-tools/utils@https://registry.npmjs.org/@graphql-tools/utils/-/utils-6.2.4.tgz. Extracting by manifest.
1946 silly tarball no local data for @inquirer/type@https://registry.npmjs.org/@inquirer/type/-/type-3.0.10.tgz. Extracting by manifest.
1947 silly tarball no local data for @inquirer/editor@https://registry.npmjs.org/@inquirer/editor/-/editor-4.2.23.tgz. Extracting by manifest.
1948 silly tarball no local data for @inquirer/ansi@https://registry.npmjs.org/@inquirer/ansi/-/ansi-1.0.2.tgz. Extracting by manifest.
1949 silly tarball no local data for @graphql-tools/relay-operation-optimizer@https://registry.npmjs.org/@graphql-tools/relay-operation-optimizer/-/relay-operation-optimizer-6.5.18.tgz. Extracting by manifest.
1950 silly tarball no local data for @graphql-tools/optimize@https://registry.npmjs.org/@graphql-tools/optimize/-/optimize-1.4.0.tgz. Extracting by manifest.
1951 silly tarball no local data for @graphql-codegen/visitor-plugin-common@https://registry.npmjs.org/@graphql-codegen/visitor-plugin-common/-/visitor-plugin-common-1.22.0.tgz. Extracting by manifest.
1952 silly tarball no local data for @graphql-tools/apollo-engine-loader@https://registry.npmjs.org/@graphql-tools/apollo-engine-loader/-/apollo-engine-loader-8.0.30.tgz. Extracting by manifest.
1953 silly tarball no local data for @graphql-typed-document-node/core@https://registry.npmjs.org/@graphql-typed-document-node/core/-/core-3.2.0.tgz. Extracting by manifest.
1954 silly tarball no local data for @graphql-codegen/typescript@https://registry.npmjs.org/@graphql-codegen/typescript/-/typescript-4.1.6.tgz. Extracting by manifest.
1955 silly tarball no local data for @graphql-codegen/schema-ast@https://registry.npmjs.org/@graphql-codegen/schema-ast/-/schema-ast-4.1.0.tgz. Extracting by manifest.
1956 silly tarball no local data for @graphql-codegen/plugin-helpers@https://registry.npmjs.org/@graphql-codegen/plugin-helpers/-/plugin-helpers-3.1.2.tgz. Extracting by manifest.
1957 silly tarball no local data for @floating-ui/core@https://registry.npmjs.org/@floating-ui/core/-/core-1.7.5.tgz. Extracting by manifest.
1958 silly tarball no local data for @floating-ui/dom@https://registry.npmjs.org/@floating-ui/dom/-/dom-1.7.6.tgz. Extracting by manifest.
1959 silly tarball no local data for @graphql-tools/merge@https://registry.npmjs.org/@graphql-tools/merge/-/merge-8.4.2.tgz. Extracting by manifest.
1960 silly tarball no local data for @floating-ui/utils@https://registry.npmjs.org/@floating-ui/utils/-/utils-0.2.11.tgz. Extracting by manifest.
1961 silly tarball no local data for @floating-ui/react-dom@https://registry.npmjs.org/@floating-ui/react-dom/-/react-dom-2.1.8.tgz. Extracting by manifest.
1962 silly tarball no local data for @cdklabs/tskb@https://registry.npmjs.org/@cdklabs/tskb/-/tskb-0.0.4.tgz. Extracting by manifest.
1963 silly tarball no local data for @fastify/busboy@https://registry.npmjs.org/@fastify/busboy/-/busboy-3.2.0.tgz. Extracting by manifest.
1964 silly tarball no local data for @esbuild/darwin-arm64@https://registry.npmjs.org/@esbuild/darwin-arm64/-/darwin-arm64-0.25.12.tgz. Extracting by manifest.
1965 silly tarball no local data for @babel/types@https://registry.npmjs.org/@babel/types/-/types-7.0.0-beta.4.tgz. Extracting by manifest.
1966 silly tarball no local data for @babel/traverse@https://registry.npmjs.org/@babel/traverse/-/traverse-7.29.0.tgz. Extracting by manifest.
1967 silly tarball no local data for @babel/runtime@https://registry.npmjs.org/@babel/runtime/-/runtime-7.29.2.tgz. Extracting by manifest.
1968 silly tarball no local data for @babel/template@https://registry.npmjs.org/@babel/template/-/template-7.28.6.tgz. Extracting by manifest.
1969 silly tarball no local data for @babel/plugin-transform-template-literals@https://registry.npmjs.org/@babel/plugin-transform-template-literals/-/plugin-transform-template-literals-7.27.1.tgz. Extracting by manifest.
1970 silly tarball no local data for @graphql-codegen/core@https://registry.npmjs.org/@graphql-codegen/core/-/core-2.6.8.tgz. Extracting by manifest.
1971 silly tarball no local data for @babel/plugin-transform-shorthand-properties@https://registry.npmjs.org/@babel/plugin-transform-shorthand-properties/-/plugin-transform-shorthand-properties-7.27.1.tgz. Extracting by manifest.
1972 silly tarball no local data for @babel/plugin-transform-react-jsx-self@https://registry.npmjs.org/@babel/plugin-transform-react-jsx-self/-/plugin-transform-react-jsx-self-7.27.1.tgz. Extracting by manifest.
1973 silly tarball no local data for @babel/plugin-transform-react-jsx-source@https://registry.npmjs.org/@babel/plugin-transform-react-jsx-source/-/plugin-transform-react-jsx-source-7.27.1.tgz. Extracting by manifest.
1974 silly tarball no local data for @babel/plugin-transform-react-jsx@https://registry.npmjs.org/@babel/plugin-transform-react-jsx/-/plugin-transform-react-jsx-7.28.6.tgz. Extracting by manifest.
1975 silly tarball no local data for @babel/plugin-transform-parameters@https://registry.npmjs.org/@babel/plugin-transform-parameters/-/plugin-transform-parameters-7.27.7.tgz. Extracting by manifest.
1976 silly tarball no local data for @babel/plugin-transform-object-super@https://registry.npmjs.org/@babel/plugin-transform-object-super/-/plugin-transform-object-super-7.27.1.tgz. Extracting by manifest.
1977 silly tarball no local data for @babel/plugin-transform-member-expression-literals@https://registry.npmjs.org/@babel/plugin-transform-member-expression-literals/-/plugin-transform-member-expression-literals-7.27.1.tgz. Extracting by manifest.
1978 silly tarball no local data for @babel/plugin-transform-property-literals@https://registry.npmjs.org/@babel/plugin-transform-property-literals/-/plugin-transform-property-literals-7.27.1.tgz. Extracting by manifest.
1979 silly tarball no local data for @babel/plugin-transform-modules-commonjs@https://registry.npmjs.org/@babel/plugin-transform-modules-commonjs/-/plugin-transform-modules-commonjs-7.28.6.tgz. Extracting by manifest.
1980 silly tarball no local data for @babel/plugin-transform-react-display-name@https://registry.npmjs.org/@babel/plugin-transform-react-display-name/-/plugin-transform-react-display-name-7.28.0.tgz. Extracting by manifest.
1981 silly tarball no local data for @babel/plugin-transform-function-name@https://registry.npmjs.org/@babel/plugin-transform-function-name/-/plugin-transform-function-name-7.27.1.tgz. Extracting by manifest.
1982 silly tarball no local data for @babel/plugin-transform-literals@https://registry.npmjs.org/@babel/plugin-transform-literals/-/plugin-transform-literals-7.27.1.tgz. Extracting by manifest.
1983 silly tarball no local data for @babel/plugin-transform-flow-strip-types@https://registry.npmjs.org/@babel/plugin-transform-flow-strip-types/-/plugin-transform-flow-strip-types-7.27.1.tgz. Extracting by manifest.
1984 silly tarball no local data for @babel/plugin-transform-spread@https://registry.npmjs.org/@babel/plugin-transform-spread/-/plugin-transform-spread-7.28.6.tgz. Extracting by manifest.
1985 silly tarball no local data for @babel/plugin-transform-for-of@https://registry.npmjs.org/@babel/plugin-transform-for-of/-/plugin-transform-for-of-7.27.1.tgz. Extracting by manifest.
1986 silly tarball no local data for @babel/plugin-transform-computed-properties@https://registry.npmjs.org/@babel/plugin-transform-computed-properties/-/plugin-transform-computed-properties-7.28.6.tgz. Extracting by manifest.
1987 silly tarball no local data for @babel/plugin-transform-block-scoping@https://registry.npmjs.org/@babel/plugin-transform-block-scoping/-/plugin-transform-block-scoping-7.28.6.tgz. Extracting by manifest.
1988 silly tarball no local data for @babel/plugin-transform-classes@https://registry.npmjs.org/@babel/plugin-transform-classes/-/plugin-transform-classes-7.28.6.tgz. Extracting by manifest.
1989 silly tarball no local data for @babel/plugin-transform-block-scoped-functions@https://registry.npmjs.org/@babel/plugin-transform-block-scoped-functions/-/plugin-transform-block-scoped-functions-7.27.1.tgz. Extracting by manifest.
1990 silly tarball no local data for @babel/plugin-transform-destructuring@https://registry.npmjs.org/@babel/plugin-transform-destructuring/-/plugin-transform-destructuring-7.28.5.tgz. Extracting by manifest.
1991 silly tarball no local data for @babel/plugin-transform-arrow-functions@https://registry.npmjs.org/@babel/plugin-transform-arrow-functions/-/plugin-transform-arrow-functions-7.27.1.tgz. Extracting by manifest.
1992 silly tarball no local data for @babel/plugin-proposal-object-rest-spread@https://registry.npmjs.org/@babel/plugin-proposal-object-rest-spread/-/plugin-proposal-object-rest-spread-7.20.7.tgz. Extracting by manifest.
1993 silly tarball no local data for @babel/plugin-proposal-class-properties@https://registry.npmjs.org/@babel/plugin-proposal-class-properties/-/plugin-proposal-class-properties-7.18.6.tgz. Extracting by manifest.
1994 silly tarball no local data for @babel/plugin-syntax-object-rest-spread@https://registry.npmjs.org/@babel/plugin-syntax-object-rest-spread/-/plugin-syntax-object-rest-spread-7.8.3.tgz. Extracting by manifest.
1995 silly tarball no local data for @babel/plugin-syntax-class-properties@https://registry.npmjs.org/@babel/plugin-syntax-class-properties/-/plugin-syntax-class-properties-7.12.13.tgz. Extracting by manifest.
1996 silly tarball no local data for @babel/helpers@https://registry.npmjs.org/@babel/helpers/-/helpers-7.29.2.tgz. Extracting by manifest.
1997 silly tarball no local data for @babel/plugin-syntax-flow@https://registry.npmjs.org/@babel/plugin-syntax-flow/-/plugin-syntax-flow-7.28.6.tgz. Extracting by manifest.
1998 silly tarball no local data for @babel/helper-validator-option@https://registry.npmjs.org/@babel/helper-validator-option/-/helper-validator-option-7.27.1.tgz. Extracting by manifest.
1999 silly tarball no local data for @babel/helper-string-parser@https://registry.npmjs.org/@babel/helper-string-parser/-/helper-string-parser-7.27.1.tgz. Extracting by manifest.
2000 silly tarball no local data for @babel/parser@https://registry.npmjs.org/@babel/parser/-/parser-7.29.2.tgz. Extracting by manifest.
2001 silly tarball no local data for @babel/helper-skip-transparent-expression-wrappers@https://registry.npmjs.org/@babel/helper-skip-transparent-expression-wrappers/-/helper-skip-transparent-expression-wrappers-7.27.1.tgz. Extracting by manifest.
2002 silly tarball no local data for @babel/helper-plugin-utils@https://registry.npmjs.org/@babel/helper-plugin-utils/-/helper-plugin-utils-7.28.6.tgz. Extracting by manifest.
2003 silly tarball no local data for @babel/plugin-syntax-jsx@https://registry.npmjs.org/@babel/plugin-syntax-jsx/-/plugin-syntax-jsx-7.28.6.tgz. Extracting by manifest.
2004 silly tarball no local data for @babel/helper-optimise-call-expression@https://registry.npmjs.org/@babel/helper-optimise-call-expression/-/helper-optimise-call-expression-7.27.1.tgz. Extracting by manifest.
2005 silly tarball no local data for @babel/helper-replace-supers@https://registry.npmjs.org/@babel/helper-replace-supers/-/helper-replace-supers-7.28.6.tgz. Extracting by manifest.
2006 silly tarball no local data for @babel/helper-member-expression-to-functions@https://registry.npmjs.org/@babel/helper-member-expression-to-functions/-/helper-member-expression-to-functions-7.28.5.tgz. Extracting by manifest.
2007 silly tarball no local data for @babel/helper-globals@https://registry.npmjs.org/@babel/helper-globals/-/helper-globals-7.28.0.tgz. Extracting by manifest.
2008 silly tarball no local data for @babel/helper-annotate-as-pure@https://registry.npmjs.org/@babel/helper-annotate-as-pure/-/helper-annotate-as-pure-7.27.3.tgz. Extracting by manifest.
2009 silly tarball no local data for @babel/helper-validator-identifier@https://registry.npmjs.org/@babel/helper-validator-identifier/-/helper-validator-identifier-7.28.5.tgz. Extracting by manifest.
2010 silly tarball no local data for @babel/generator@https://registry.npmjs.org/@babel/generator/-/generator-7.0.0-beta.4.tgz. Extracting by manifest.
2011 silly tarball no local data for @babel/helper-module-imports@https://registry.npmjs.org/@babel/helper-module-imports/-/helper-module-imports-7.28.6.tgz. Extracting by manifest.
2012 silly tarball no local data for @babel/helper-module-transforms@https://registry.npmjs.org/@babel/helper-module-transforms/-/helper-module-transforms-7.28.6.tgz. Extracting by manifest.
2013 silly tarball no local data for @babel/helper-compilation-targets@https://registry.npmjs.org/@babel/helper-compilation-targets/-/helper-compilation-targets-7.28.6.tgz. Extracting by manifest.
2014 silly tarball no local data for @babel/code-frame@https://registry.npmjs.org/@babel/code-frame/-/code-frame-7.29.0.tgz. Extracting by manifest.
2015 silly tarball no local data for @babel/compat-data@https://registry.npmjs.org/@babel/compat-data/-/compat-data-7.29.0.tgz. Extracting by manifest.
2016 silly tarball no local data for @aws-sdk/xml-builder@https://registry.npmjs.org/@aws-sdk/xml-builder/-/xml-builder-3.972.22.tgz. Extracting by manifest.
2017 silly tarball no local data for @babel/helper-create-class-features-plugin@https://registry.npmjs.org/@babel/helper-create-class-features-plugin/-/helper-create-class-features-plugin-7.28.6.tgz. Extracting by manifest.
2018 silly tarball no local data for @aws-sdk/util-format-url@https://registry.npmjs.org/@aws-sdk/util-format-url/-/util-format-url-3.972.10.tgz. Extracting by manifest.
2019 silly tarball no local data for @aws-sdk/util-user-agent-browser@https://registry.npmjs.org/@aws-sdk/util-user-agent-browser/-/util-user-agent-browser-3.972.10.tgz. Extracting by manifest.
2020 silly tarball no local data for @aws/lambda-invoke-store@https://registry.npmjs.org/@aws/lambda-invoke-store/-/lambda-invoke-store-0.2.4.tgz. Extracting by manifest.
2021 silly tarball no local data for @aws-sdk/util-locate-window@https://registry.npmjs.org/@aws-sdk/util-locate-window/-/util-locate-window-3.965.5.tgz. Extracting by manifest.
2022 silly tarball no local data for @aws-sdk/util-endpoints@https://registry.npmjs.org/@aws-sdk/util-endpoints/-/util-endpoints-3.996.8.tgz. Extracting by manifest.
2023 silly tarball no local data for @aws-sdk/types@https://registry.npmjs.org/@aws-sdk/types/-/types-3.973.8.tgz. Extracting by manifest.
2024 silly tarball no local data for @aws-sdk/token-providers@https://registry.npmjs.org/@aws-sdk/token-providers/-/token-providers-3.1039.0.tgz. Extracting by manifest.
2025 silly tarball no local data for @aws-sdk/util-arn-parser@https://registry.npmjs.org/@aws-sdk/util-arn-parser/-/util-arn-parser-3.972.3.tgz. Extracting by manifest.
2026 silly tarball no local data for @aws-sdk/signature-v4-multi-region@https://registry.npmjs.org/@aws-sdk/signature-v4-multi-region/-/signature-v4-multi-region-3.996.24.tgz. Extracting by manifest.
2027 silly tarball no local data for @aws-sdk/nested-clients@https://registry.npmjs.org/@aws-sdk/nested-clients/-/nested-clients-3.997.5.tgz. Extracting by manifest.
2028 silly tarball no local data for @aws-sdk/util-user-agent-node@https://registry.npmjs.org/@aws-sdk/util-user-agent-node/-/util-user-agent-node-3.973.23.tgz. Extracting by manifest.
2029 silly tarball no local data for @aws-sdk/middleware-sdk-route53@https://registry.npmjs.org/@aws-sdk/middleware-sdk-route53/-/middleware-sdk-route53-3.972.12.tgz. Extracting by manifest.
2030 silly tarball no local data for @aws-sdk/middleware-sdk-s3@https://registry.npmjs.org/@aws-sdk/middleware-sdk-s3/-/middleware-sdk-s3-3.972.36.tgz. Extracting by manifest.
2031 silly tarball no local data for @aws-sdk/middleware-user-agent@https://registry.npmjs.org/@aws-sdk/middleware-user-agent/-/middleware-user-agent-3.972.37.tgz. Extracting by manifest.
2032 silly tarball no local data for @aws-sdk/region-config-resolver@https://registry.npmjs.org/@aws-sdk/region-config-resolver/-/region-config-resolver-3.972.13.tgz. Extracting by manifest.
2033 silly tarball no local data for @aws-sdk/middleware-ssec@https://registry.npmjs.org/@aws-sdk/middleware-ssec/-/middleware-ssec-3.972.10.tgz. Extracting by manifest.
2034 silly tarball no local data for @aws-sdk/middleware-sdk-rds@https://registry.npmjs.org/@aws-sdk/middleware-sdk-rds/-/middleware-sdk-rds-3.972.22.tgz. Extracting by manifest.
2035 silly tarball no local data for @aws-sdk/middleware-location-constraint@https://registry.npmjs.org/@aws-sdk/middleware-location-constraint/-/middleware-location-constraint-3.972.10.tgz. Extracting by manifest.
2036 silly tarball no local data for @aws-sdk/middleware-flexible-checksums@https://registry.npmjs.org/@aws-sdk/middleware-flexible-checksums/-/middleware-flexible-checksums-3.974.15.tgz. Extracting by manifest.
2037 silly tarball no local data for @aws-sdk/middleware-recursion-detection@https://registry.npmjs.org/@aws-sdk/middleware-recursion-detection/-/middleware-recursion-detection-3.972.11.tgz. Extracting by manifest.
2038 silly tarball no local data for @babel/core@https://registry.npmjs.org/@babel/core/-/core-7.29.0.tgz. Extracting by manifest.
2039 silly tarball no local data for @aws-sdk/middleware-logger@https://registry.npmjs.org/@aws-sdk/middleware-logger/-/middleware-logger-3.972.10.tgz. Extracting by manifest.
2040 silly tarball no local data for @aws-sdk/middleware-sdk-ec2@https://registry.npmjs.org/@aws-sdk/middleware-sdk-ec2/-/middleware-sdk-ec2-3.972.22.tgz. Extracting by manifest.
2041 silly tarball no local data for @aws-sdk/middleware-expect-continue@https://registry.npmjs.org/@aws-sdk/middleware-expect-continue/-/middleware-expect-continue-3.972.10.tgz. Extracting by manifest.
2042 silly tarball no local data for @aws-sdk/middleware-bucket-endpoint@https://registry.npmjs.org/@aws-sdk/middleware-bucket-endpoint/-/middleware-bucket-endpoint-3.972.10.tgz. Extracting by manifest.
2043 silly tarball no local data for @aws-sdk/lib-storage@https://registry.npmjs.org/@aws-sdk/lib-storage/-/lib-storage-3.1039.0.tgz. Extracting by manifest.
2044 silly tarball no local data for @aws-sdk/middleware-host-header@https://registry.npmjs.org/@aws-sdk/middleware-host-header/-/middleware-host-header-3.972.10.tgz. Extracting by manifest.
2045 silly tarball no local data for @aws-sdk/ec2-metadata-service@https://registry.npmjs.org/@aws-sdk/ec2-metadata-service/-/ec2-metadata-service-3.1039.0.tgz. Extracting by manifest.
2046 silly tarball no local data for @aws-sdk/credential-provider-web-identity@https://registry.npmjs.org/@aws-sdk/credential-provider-web-identity/-/credential-provider-web-identity-3.972.37.tgz. Extracting by manifest.
2047 silly tarball no local data for @aws-sdk/credential-provider-process@https://registry.npmjs.org/@aws-sdk/credential-provider-process/-/credential-provider-process-3.972.33.tgz. Extracting by manifest.
2048 silly tarball no local data for @aws-sdk/credential-providers@https://registry.npmjs.org/@aws-sdk/credential-providers/-/credential-providers-3.1039.0.tgz. Extracting by manifest.
2049 silly tarball no local data for @aws-sdk/credential-provider-sso@https://registry.npmjs.org/@aws-sdk/credential-provider-sso/-/credential-provider-sso-3.972.37.tgz. Extracting by manifest.
2050 silly tarball no local data for @aws-sdk/credential-provider-http@https://registry.npmjs.org/@aws-sdk/credential-provider-http/-/credential-provider-http-3.972.35.tgz. Extracting by manifest.
2051 silly tarball no local data for @aws-sdk/credential-provider-node@https://registry.npmjs.org/@aws-sdk/credential-provider-node/-/credential-provider-node-3.972.38.tgz. Extracting by manifest.
2052 silly tarball no local data for @aws-sdk/credential-provider-cognito-identity@https://registry.npmjs.org/@aws-sdk/credential-provider-cognito-identity/-/credential-provider-cognito-identity-3.972.30.tgz. Extracting by manifest.
2053 silly tarball no local data for @aws-sdk/crc64-nvme@https://registry.npmjs.org/@aws-sdk/crc64-nvme/-/crc64-nvme-3.972.7.tgz. Extracting by manifest.
2054 silly tarball no local data for @aws-sdk/credential-provider-env@https://registry.npmjs.org/@aws-sdk/credential-provider-env/-/credential-provider-env-3.972.33.tgz. Extracting by manifest.
2055 silly tarball no local data for @aws-sdk/core@https://registry.npmjs.org/@aws-sdk/core/-/core-3.974.7.tgz. Extracting by manifest.
2056 silly tarball no local data for @aws-sdk/credential-provider-ini@https://registry.npmjs.org/@aws-sdk/credential-provider-ini/-/credential-provider-ini-3.972.37.tgz. Extracting by manifest.
2057 silly tarball no local data for @aws-sdk/client-ssm@https://registry.npmjs.org/@aws-sdk/client-ssm/-/client-ssm-3.1039.0.tgz. Extracting by manifest.
2058 silly tarball no local data for @aws-sdk/client-sfn@https://registry.npmjs.org/@aws-sdk/client-sfn/-/client-sfn-3.1039.0.tgz. Extracting by manifest.
2059 silly tarball no local data for @aws-sdk/client-sts@https://registry.npmjs.org/@aws-sdk/client-sts/-/client-sts-3.1039.0.tgz. Extracting by manifest.
2060 silly tarball no local data for @aws-sdk/client-secrets-manager@https://registry.npmjs.org/@aws-sdk/client-secrets-manager/-/client-secrets-manager-3.1039.0.tgz. Extracting by manifest.
2061 silly tarball no local data for @aws-sdk/client-rds@https://registry.npmjs.org/@aws-sdk/client-rds/-/client-rds-3.1039.0.tgz. Extracting by manifest.
2062 silly tarball no local data for @aws-sdk/client-route-53@https://registry.npmjs.org/@aws-sdk/client-route-53/-/client-route-53-3.1039.0.tgz. Extracting by manifest.
2063 silly tarball no local data for @aws-sdk/client-s3@https://registry.npmjs.org/@aws-sdk/client-s3/-/client-s3-3.1039.0.tgz. Extracting by manifest.
2064 silly tarball no local data for @aws-sdk/client-personalize-events@https://registry.npmjs.org/@aws-sdk/client-personalize-events/-/client-personalize-events-3.1039.0.tgz. Extracting by manifest.
2065 silly tarball no local data for @aws-sdk/client-kms@https://registry.npmjs.org/@aws-sdk/client-kms/-/client-kms-3.1039.0.tgz. Extracting by manifest.
2066 silly tarball no local data for @aws-sdk/client-iam@https://registry.npmjs.org/@aws-sdk/client-iam/-/client-iam-3.1039.0.tgz. Extracting by manifest.
2067 silly tarball no local data for @aws-sdk/client-lambda@https://registry.npmjs.org/@aws-sdk/client-lambda/-/client-lambda-3.1039.0.tgz. Extracting by manifest.
2068 silly tarball no local data for @aws-sdk/credential-provider-login@https://registry.npmjs.org/@aws-sdk/credential-provider-login/-/credential-provider-login-3.972.37.tgz. Extracting by manifest.
2069 silly tarball no local data for @aws-sdk/client-firehose@https://registry.npmjs.org/@aws-sdk/client-firehose/-/client-firehose-3.1039.0.tgz. Extracting by manifest.
2070 silly tarball no local data for @aws-sdk/client-ecr@https://registry.npmjs.org/@aws-sdk/client-ecr/-/client-ecr-3.1039.0.tgz. Extracting by manifest.
2071 silly tarball no local data for @aws-sdk/client-cognito-identity@https://registry.npmjs.org/@aws-sdk/client-cognito-identity/-/client-cognito-identity-3.1039.0.tgz. Extracting by manifest.
2072 silly tarball no local data for @aws-sdk/client-cloudwatch-logs@https://registry.npmjs.org/@aws-sdk/client-cloudwatch-logs/-/client-cloudwatch-logs-3.1039.0.tgz. Extracting by manifest.
2073 silly tarball no local data for @aws-sdk/client-elastic-load-balancing-v2@https://registry.npmjs.org/@aws-sdk/client-elastic-load-balancing-v2/-/client-elastic-load-balancing-v2-3.1039.0.tgz. Extracting by manifest.
2074 silly tarball no local data for @aws-sdk/client-kinesis@https://registry.npmjs.org/@aws-sdk/client-kinesis/-/client-kinesis-3.1039.0.tgz. Extracting by manifest.
2075 silly tarball no local data for @aws-sdk/client-cloudformation@https://registry.npmjs.org/@aws-sdk/client-cloudformation/-/client-cloudformation-3.1039.0.tgz. Extracting by manifest.
2076 silly tarball no local data for @aws-sdk/client-appsync@https://registry.npmjs.org/@aws-sdk/client-appsync/-/client-appsync-3.1039.0.tgz. Extracting by manifest.
2077 silly tarball no local data for @aws-sdk/client-bedrock-agentcore-control@https://registry.npmjs.org/@aws-sdk/client-bedrock-agentcore-control/-/client-bedrock-agentcore-control-3.1039.0.tgz. Extracting by manifest.
2078 silly tarball no local data for @aws-sdk/client-cloudcontrol@https://registry.npmjs.org/@aws-sdk/client-cloudcontrol/-/client-cloudcontrol-3.1039.0.tgz. Extracting by manifest.
2079 silly tarball no local data for @aws-sdk/client-codebuild@https://registry.npmjs.org/@aws-sdk/client-codebuild/-/client-codebuild-3.1039.0.tgz. Extracting by manifest.
2080 silly tarball no local data for @aws-sdk/client-amplifyuibuilder@https://registry.npmjs.org/@aws-sdk/client-amplifyuibuilder/-/client-amplifyuibuilder-3.1039.0.tgz. Extracting by manifest.
2081 silly tarball no local data for @aws-sdk/client-ecs@https://registry.npmjs.org/@aws-sdk/client-ecs/-/client-ecs-3.1039.0.tgz. Extracting by manifest.
2082 silly tarball no local data for @aws-crypto/sha256-js@https://registry.npmjs.org/@aws-crypto/sha256-js/-/sha256-js-5.2.0.tgz. Extracting by manifest.
2083 silly tarball no local data for @aws-crypto/util@https://registry.npmjs.org/@aws-crypto/util/-/util-5.2.0.tgz. Extracting by manifest.
2084 silly tarball no local data for @aws-crypto/sha256-browser@https://registry.npmjs.org/@aws-crypto/sha256-browser/-/sha256-browser-5.2.0.tgz. Extracting by manifest.
2085 silly tarball no local data for @aws-sdk/client-ec2@https://registry.npmjs.org/@aws-sdk/client-ec2/-/client-ec2-3.1039.0.tgz. Extracting by manifest.
2086 silly tarball no local data for @aws-crypto/sha1-browser@https://registry.npmjs.org/@aws-crypto/sha1-browser/-/sha1-browser-5.2.0.tgz. Extracting by manifest.
2087 silly tarball no local data for @aws-crypto/crc32@https://registry.npmjs.org/@aws-crypto/crc32/-/crc32-5.2.0.tgz. Extracting by manifest.
2088 silly tarball no local data for @aws-sdk/client-amplify@https://registry.npmjs.org/@aws-sdk/client-amplify/-/client-amplify-3.1039.0.tgz. Extracting by manifest.
2089 silly tarball no local data for @aws-cdk/toolkit-lib@https://registry.npmjs.org/@aws-cdk/toolkit-lib/-/toolkit-lib-1.16.0.tgz. Extracting by manifest.
2090 silly tarball no local data for @aws-crypto/supports-web-crypto@https://registry.npmjs.org/@aws-crypto/supports-web-crypto/-/supports-web-crypto-5.2.0.tgz. Extracting by manifest.
2091 silly tarball no local data for @aws-cdk/cli-plugin-contract@https://registry.npmjs.org/@aws-cdk/cli-plugin-contract/-/cli-plugin-contract-2.182.2.tgz. Extracting by manifest.
2092 silly tarball no local data for @aws-cdk/cdk-assets-lib@https://registry.npmjs.org/@aws-cdk/cdk-assets-lib/-/cdk-assets-lib-1.4.5.tgz. Extracting by manifest.
2093 silly tarball no local data for @aws-cdk/cloudformation-diff@https://registry.npmjs.org/@aws-cdk/cloudformation-diff/-/cloudformation-diff-2.187.1.tgz. Extracting by manifest.
2094 silly tarball no local data for @aws-cdk/service-spec-types@https://registry.npmjs.org/@aws-cdk/service-spec-types/-/service-spec-types-0.0.237.tgz. Extracting by manifest.
2095 silly tarball no local data for @aws-cdk/asset-node-proxy-agent-v6@https://registry.npmjs.org/@aws-cdk/asset-node-proxy-agent-v6/-/asset-node-proxy-agent-v6-2.1.1.tgz. Extracting by manifest.
2096 silly tarball no local data for @aws-cdk/asset-awscli-v1@https://registry.npmjs.org/@aws-cdk/asset-awscli-v1/-/asset-awscli-v1-2.2.273.tgz. Extracting by manifest.
2097 silly tarball no local data for @aws-cdk/aws-service-spec@https://registry.npmjs.org/@aws-cdk/aws-service-spec/-/aws-service-spec-0.1.177.tgz. Extracting by manifest.
2098 silly tarball no local data for @aws-amplify/ui-react@https://registry.npmjs.org/@aws-amplify/ui-react/-/ui-react-6.15.3.tgz. Extracting by manifest.
2099 silly tarball no local data for @aws-amplify/ui@https://registry.npmjs.org/@aws-amplify/ui/-/ui-6.15.3.tgz. Extracting by manifest.
2100 silly tarball no local data for @aws-amplify/ui-react-core@https://registry.npmjs.org/@aws-amplify/ui-react-core/-/ui-react-core-3.6.3.tgz. Extracting by manifest.
2101 silly tarball no local data for @aws-amplify/schema-generator@https://registry.npmjs.org/@aws-amplify/schema-generator/-/schema-generator-1.4.1.tgz. Extracting by manifest.
2102 silly tarball no local data for @aws-amplify/platform-core@https://registry.npmjs.org/@aws-amplify/platform-core/-/platform-core-1.11.0.tgz. Extracting by manifest.
2103 silly tarball no local data for @aws-crypto/crc32c@https://registry.npmjs.org/@aws-crypto/crc32c/-/crc32c-5.2.0.tgz. Extracting by manifest.
2104 silly tarball no local data for @aws-amplify/plugin-types@https://registry.npmjs.org/@aws-amplify/plugin-types/-/plugin-types-1.12.0.tgz. Extracting by manifest.
2105 silly tarball no local data for @aws-amplify/sandbox@https://registry.npmjs.org/@aws-amplify/sandbox/-/sandbox-2.2.0.tgz. Extracting by manifest.
2106 silly tarball no local data for @aws-amplify/graphql-types-generator@https://registry.npmjs.org/@aws-amplify/graphql-types-generator/-/graphql-types-generator-3.6.0.tgz. Extracting by manifest.
2107 silly tarball no local data for @aws-amplify/graphql-transformer-interfaces@https://registry.npmjs.org/@aws-amplify/graphql-transformer-interfaces/-/graphql-transformer-interfaces-4.3.0.tgz. Extracting by manifest.
2108 silly tarball no local data for @aws-amplify/graphql-schema-generator@https://registry.npmjs.org/@aws-amplify/graphql-schema-generator/-/graphql-schema-generator-0.11.14.tgz. Extracting by manifest.
2109 silly tarball no local data for @aws-amplify/storage@https://registry.npmjs.org/@aws-amplify/storage/-/storage-6.14.0.tgz. Extracting by manifest.
2110 silly tarball no local data for @aws-amplify/graphql-generator@https://registry.npmjs.org/@aws-amplify/graphql-generator/-/graphql-generator-0.5.3.tgz. Extracting by manifest.
2111 silly tarball no local data for @aws-amplify/graphql-docs-generator@https://registry.npmjs.org/@aws-amplify/graphql-docs-generator/-/graphql-docs-generator-4.2.1.tgz. Extracting by manifest.
2112 silly tarball no local data for @aws-amplify/form-generator@https://registry.npmjs.org/@aws-amplify/form-generator/-/form-generator-1.2.6.tgz. Extracting by manifest.
2113 silly tarball no local data for @aws-amplify/graphql-directives@https://registry.npmjs.org/@aws-amplify/graphql-directives/-/graphql-directives-2.8.0.tgz. Extracting by manifest.
2114 silly tarball no local data for @aws-amplify/deployed-backend-client@https://registry.npmjs.org/@aws-amplify/deployed-backend-client/-/deployed-backend-client-1.8.1.tgz. Extracting by manifest.
2115 silly tarball no local data for @aws-amplify/model-generator@https://registry.npmjs.org/@aws-amplify/model-generator/-/model-generator-1.2.2.tgz. Extracting by manifest.
2116 silly tarball no local data for @aws-amplify/data-schema-types@https://registry.npmjs.org/@aws-amplify/data-schema-types/-/data-schema-types-1.2.1.tgz. Extracting by manifest.
2117 silly tarball no local data for @aws-amplify/core@https://registry.npmjs.org/@aws-amplify/core/-/core-6.16.2.tgz. Extracting by manifest.
2118 silly tarball no local data for @aws-amplify/codegen-ui-react@https://registry.npmjs.org/@aws-amplify/codegen-ui-react/-/codegen-ui-react-2.20.4.tgz. Extracting by manifest.
2119 silly tarball no local data for @aws-amplify/datastore@https://registry.npmjs.org/@aws-amplify/datastore/-/datastore-5.1.6.tgz. Extracting by manifest.
2120 silly tarball no local data for @aws-amplify/codegen-ui@https://registry.npmjs.org/@aws-amplify/codegen-ui/-/codegen-ui-2.20.4.tgz. Extracting by manifest.
2121 silly tarball no local data for @aws-amplify/notifications@https://registry.npmjs.org/@aws-amplify/notifications/-/notifications-2.0.94.tgz. Extracting by manifest.
2122 silly tarball no local data for @aws-amplify/client-config@https://registry.npmjs.org/@aws-amplify/client-config/-/client-config-1.10.1.tgz. Extracting by manifest.
2123 silly tarball no local data for @aws-amplify/backend-storage@https://registry.npmjs.org/@aws-amplify/backend-storage/-/backend-storage-1.4.3.tgz. Extracting by manifest.
2124 silly tarball no local data for @aws-amplify/backend-secret@https://registry.npmjs.org/@aws-amplify/backend-secret/-/backend-secret-1.4.2.tgz. Extracting by manifest.
2125 silly tarball no local data for @aws-amplify/graphql-transformer-core@https://registry.npmjs.org/@aws-amplify/graphql-transformer-core/-/graphql-transformer-core-3.5.1.tgz. Extracting by manifest.
2126 silly tarball no local data for @aws-amplify/data-schema@https://registry.npmjs.org/@aws-amplify/data-schema/-/data-schema-1.25.5.tgz. Extracting by manifest.
2127 silly tarball no local data for @aws-amplify/backend-output-storage@https://registry.npmjs.org/@aws-amplify/backend-output-storage/-/backend-output-storage-1.3.4.tgz. Extracting by manifest.
2128 silly tarball no local data for @aws-amplify/backend-data@https://registry.npmjs.org/@aws-amplify/backend-data/-/backend-data-1.6.4.tgz. Extracting by manifest.
2129 silly tarball no local data for @aws-amplify/backend-cli@https://registry.npmjs.org/@aws-amplify/backend-cli/-/backend-cli-1.8.2.tgz. Extracting by manifest.
2130 silly tarball no local data for @aws-amplify/backend-deployer@https://registry.npmjs.org/@aws-amplify/backend-deployer/-/backend-deployer-2.1.6.tgz. Extracting by manifest.
2131 silly tarball no local data for @aws-amplify/cli-core@https://registry.npmjs.org/@aws-amplify/cli-core/-/cli-core-2.2.4.tgz. Extracting by manifest.
2132 silly tarball no local data for @aws-amplify/backend-auth@https://registry.npmjs.org/@aws-amplify/backend-auth/-/backend-auth-1.9.3.tgz. Extracting by manifest.
2133 silly tarball no local data for @aws-amplify/auth-construct@https://registry.npmjs.org/@aws-amplify/auth-construct/-/auth-construct-1.11.2.tgz. Extracting by manifest.
2134 silly tarball no local data for @aws-amplify/backend-function@https://registry.npmjs.org/@aws-amplify/backend-function/-/backend-function-1.18.0.tgz. Extracting by manifest.
2135 silly tarball no local data for @aws-amplify/api-rest@https://registry.npmjs.org/@aws-amplify/api-rest/-/api-rest-4.6.4.tgz. Extracting by manifest.
2136 silly tarball no local data for @aws-amplify/api@https://registry.npmjs.org/@aws-amplify/api/-/api-6.3.25.tgz. Extracting by manifest.
2137 silly tarball no local data for @aws-amplify/backend@https://registry.npmjs.org/@aws-amplify/backend/-/backend-1.22.0.tgz. Extracting by manifest.
2138 silly tarball no local data for @aws-amplify/appsync-modelgen-plugin@https://registry.npmjs.org/@aws-amplify/appsync-modelgen-plugin/-/appsync-modelgen-plugin-2.15.2.tgz. Extracting by manifest.
2139 silly tarball no local data for @aws-amplify/api-graphql@https://registry.npmjs.org/@aws-amplify/api-graphql/-/api-graphql-4.8.6.tgz. Extracting by manifest.
2140 silly tarball no local data for @ardatan/relay-compiler@https://registry.npmjs.org/@ardatan/relay-compiler/-/relay-compiler-12.0.0.tgz. Extracting by manifest.
2141 silly tarball no local data for @alloc/quick-lru@https://registry.npmjs.org/@alloc/quick-lru/-/quick-lru-5.2.0.tgz. Extracting by manifest.
2142 silly tarball no local data for @ardatan/aggregate-error@https://registry.npmjs.org/@ardatan/aggregate-error/-/aggregate-error-0.0.6.tgz. Extracting by manifest.
2143 silly tarball no local data for @aws-amplify/analytics@https://registry.npmjs.org/@aws-amplify/analytics/-/analytics-7.0.94.tgz. Extracting by manifest.
2144 silly tarball no local data for @aws-sdk/types@https://registry.npmjs.org/@aws-sdk/types/-/types-3.821.0.tgz. Extracting by manifest.
2145 silly tarball no local data for @aws-amplify/backend-output-schemas@https://registry.npmjs.org/@aws-amplify/backend-output-schemas/-/backend-output-schemas-1.8.0.tgz. Extracting by manifest.
2146 silly tarball no local data for ansi-regex@https://registry.npmjs.org/ansi-regex/-/ansi-regex-5.0.1.tgz. Extracting by manifest.
2147 silly tarball no local data for strip-ansi@https://registry.npmjs.org/strip-ansi/-/strip-ansi-6.0.1.tgz. Extracting by manifest.
2148 silly tarball no local data for emoji-regex@https://registry.npmjs.org/emoji-regex/-/emoji-regex-10.6.0.tgz. Extracting by manifest.
2149 silly tarball no local data for string-width@https://registry.npmjs.org/string-width/-/string-width-7.2.0.tgz. Extracting by manifest.
2150 silly tarball no local data for @aws-sdk/types@https://registry.npmjs.org/@aws-sdk/types/-/types-3.821.0.tgz. Extracting by manifest.
2151 silly tarball no local data for esbuild@https://registry.npmjs.org/esbuild/-/esbuild-0.21.5.tgz. Extracting by manifest.
2152 silly tarball no local data for b4a@https://registry.npmjs.org/b4a/-/b4a-1.8.0.tgz. Extracting by manifest.
2153 silly tarball no local data for ansi-styles@https://registry.npmjs.org/ansi-styles/-/ansi-styles-6.2.3.tgz. Extracting by manifest.
2154 silly tarball no local data for @esbuild/darwin-arm64@https://registry.npmjs.org/@esbuild/darwin-arm64/-/darwin-arm64-0.21.5.tgz. Extracting by manifest.
2155 silly tarball no local data for readdirp@https://registry.npmjs.org/readdirp/-/readdirp-3.6.0.tgz. Extracting by manifest.
2156 silly tarball no local data for postcss-load-config@https://registry.npmjs.org/postcss-load-config/-/postcss-load-config-6.0.1.tgz. Extracting by manifest.
2157 silly tarball no local data for picomatch@https://registry.npmjs.org/picomatch/-/picomatch-2.3.2.tgz. Extracting by manifest.
2158 silly tarball no local data for glob-parent@https://registry.npmjs.org/glob-parent/-/glob-parent-6.0.2.tgz. Extracting by manifest.
2159 silly tarball no local data for strip-ansi@https://registry.npmjs.org/strip-ansi/-/strip-ansi-6.0.1.tgz. Extracting by manifest.
2160 silly tarball no local data for ansi-regex@https://registry.npmjs.org/ansi-regex/-/ansi-regex-5.0.1.tgz. Extracting by manifest.
2161 silly tarball no local data for b4a@https://registry.npmjs.org/b4a/-/b4a-1.8.0.tgz. Extracting by manifest.
2162 silly tarball no local data for chokidar@https://registry.npmjs.org/chokidar/-/chokidar-3.6.0.tgz. Extracting by manifest.
2163 silly tarball no local data for ansi-regex@https://registry.npmjs.org/ansi-regex/-/ansi-regex-5.0.1.tgz. Extracting by manifest.
2164 silly tarball no local data for glob-parent@https://registry.npmjs.org/glob-parent/-/glob-parent-5.1.2.tgz. Extracting by manifest.
2165 silly tarball no local data for ansi-regex@https://registry.npmjs.org/ansi-regex/-/ansi-regex-5.0.1.tgz. Extracting by manifest.
2166 silly tarball no local data for strip-ansi@https://registry.npmjs.org/strip-ansi/-/strip-ansi-6.0.1.tgz. Extracting by manifest.
2167 silly tarball no local data for strip-ansi@https://registry.npmjs.org/strip-ansi/-/strip-ansi-6.0.1.tgz. Extracting by manifest.
2168 silly tarball no local data for ansi-regex@https://registry.npmjs.org/ansi-regex/-/ansi-regex-5.0.1.tgz. Extracting by manifest.
2169 silly tarball no local data for readable-stream@https://registry.npmjs.org/readable-stream/-/readable-stream-3.6.2.tgz. Extracting by manifest.
2170 silly tarball no local data for minimatch@https://registry.npmjs.org/minimatch/-/minimatch-3.1.5.tgz. Extracting by manifest.
2171 silly tarball no local data for glob@https://registry.npmjs.org/glob/-/glob-7.2.3.tgz. Extracting by manifest.
2172 silly tarball no local data for commander@https://registry.npmjs.org/commander/-/commander-4.1.1.tgz. Extracting by manifest.
2173 silly tarball no local data for brace-expansion@https://registry.npmjs.org/brace-expansion/-/brace-expansion-1.1.14.tgz. Extracting by manifest.
2174 silly tarball no local data for source-map@https://registry.npmjs.org/source-map/-/source-map-0.6.1.tgz. Extracting by manifest.
2175 silly tarball no local data for minimatch@https://registry.npmjs.org/minimatch/-/minimatch-5.1.9.tgz. Extracting by manifest.
2176 silly tarball no local data for y18n@https://registry.npmjs.org/y18n/-/y18n-4.0.3.tgz. Extracting by manifest.
2177 silly tarball no local data for yargs@https://registry.npmjs.org/yargs/-/yargs-15.4.1.tgz. Extracting by manifest.
2178 silly tarball no local data for buffer@https://registry.npmjs.org/buffer/-/buffer-6.0.3.tgz. Extracting by manifest.
2179 silly tarball no local data for cliui@https://registry.npmjs.org/cliui/-/cliui-6.0.0.tgz. Extracting by manifest.
2180 silly tarball no local data for yargs-parser@https://registry.npmjs.org/yargs-parser/-/yargs-parser-18.1.3.tgz. Extracting by manifest.
2181 silly tarball no local data for ansi-regex@https://registry.npmjs.org/ansi-regex/-/ansi-regex-5.0.1.tgz. Extracting by manifest.
2182 silly tarball no local data for lru-cache@https://registry.npmjs.org/lru-cache/-/lru-cache-11.3.5.tgz. Extracting by manifest.
2183 silly tarball no local data for wrap-ansi@https://registry.npmjs.org/wrap-ansi/-/wrap-ansi-6.2.0.tgz. Extracting by manifest.
2184 silly tarball no local data for strip-ansi@https://registry.npmjs.org/strip-ansi/-/strip-ansi-6.0.1.tgz. Extracting by manifest.
2185 silly tarball no local data for p-limit@https://registry.npmjs.org/p-limit/-/p-limit-2.3.0.tgz. Extracting by manifest.
2186 silly tarball no local data for pg-connection-string@https://registry.npmjs.org/pg-connection-string/-/pg-connection-string-2.12.0.tgz. Extracting by manifest.
2187 silly tarball no local data for string-width@https://registry.npmjs.org/string-width/-/string-width-7.2.0.tgz. Extracting by manifest.
2188 silly tarball no local data for chalk@https://registry.npmjs.org/chalk/-/chalk-5.6.2.tgz. Extracting by manifest.
2189 silly tarball no local data for emoji-regex@https://registry.npmjs.org/emoji-regex/-/emoji-regex-10.6.0.tgz. Extracting by manifest.
2190 silly tarball no local data for path-key@https://registry.npmjs.org/path-key/-/path-key-4.0.0.tgz. Extracting by manifest.
2191 silly tarball no local data for lru-cache@https://registry.npmjs.org/lru-cache/-/lru-cache-8.0.5.tgz. Extracting by manifest.
2192 silly tarball no local data for is-unicode-supported@https://registry.npmjs.org/is-unicode-supported/-/is-unicode-supported-1.3.0.tgz. Extracting by manifest.
2193 silly tarball no local data for picomatch@https://registry.npmjs.org/picomatch/-/picomatch-2.3.2.tgz. Extracting by manifest.
2194 silly tarball no local data for safe-buffer@https://registry.npmjs.org/safe-buffer/-/safe-buffer-5.1.2.tgz. Extracting by manifest.
2195 silly tarball no local data for iconv-lite@https://registry.npmjs.org/iconv-lite/-/iconv-lite-0.6.3.tgz. Extracting by manifest.
2196 silly tarball no local data for isarray@https://registry.npmjs.org/isarray/-/isarray-1.0.0.tgz. Extracting by manifest.
2197 silly tarball no local data for ms@https://registry.npmjs.org/ms/-/ms-2.1.2.tgz. Extracting by manifest.
2198 silly tarball no local data for source-map@https://registry.npmjs.org/source-map/-/source-map-0.6.1.tgz. Extracting by manifest.
2199 silly tarball no local data for debug@https://registry.npmjs.org/debug/-/debug-4.3.4.tgz. Extracting by manifest.
2200 silly tarball no local data for string_decoder@https://registry.npmjs.org/string_decoder/-/string_decoder-1.1.1.tgz. Extracting by manifest.
2201 silly tarball no local data for chalk@https://registry.npmjs.org/chalk/-/chalk-5.6.2.tgz. Extracting by manifest.
2202 silly tarball no local data for graphql-mapping-template@https://registry.npmjs.org/graphql-mapping-template/-/graphql-mapping-template-4.20.16.tgz. Extracting by manifest.
2203 silly tarball no local data for brace-expansion@https://registry.npmjs.org/brace-expansion/-/brace-expansion-5.0.5.tgz. Extracting by manifest.
2204 silly tarball no local data for readable-stream@https://registry.npmjs.org/readable-stream/-/readable-stream-2.3.8.tgz. Extracting by manifest.
2205 silly tarball no local data for minimatch@https://registry.npmjs.org/minimatch/-/minimatch-10.2.5.tgz. Extracting by manifest.
2206 silly tarball no local data for is-stream@https://registry.npmjs.org/is-stream/-/is-stream-4.0.1.tgz. Extracting by manifest.
2207 silly tarball no local data for node-fetch@https://registry.npmjs.org/node-fetch/-/node-fetch-2.7.0.tgz. Extracting by manifest.
2208 silly tarball no local data for balanced-match@https://registry.npmjs.org/balanced-match/-/balanced-match-4.0.4.tgz. Extracting by manifest.
2209 silly tarball no local data for strip-ansi@https://registry.npmjs.org/strip-ansi/-/strip-ansi-6.0.1.tgz. Extracting by manifest.
2210 silly tarball no local data for wrap-ansi@https://registry.npmjs.org/wrap-ansi/-/wrap-ansi-7.0.0.tgz. Extracting by manifest.
2211 silly tarball no local data for camel-case@https://registry.npmjs.org/camel-case/-/camel-case-4.1.2.tgz. Extracting by manifest.
2212 silly tarball no local data for ansi-regex@https://registry.npmjs.org/ansi-regex/-/ansi-regex-5.0.1.tgz. Extracting by manifest.
2213 silly tarball no local data for to-fast-properties@https://registry.npmjs.org/to-fast-properties/-/to-fast-properties-1.0.3.tgz. Extracting by manifest.
2214 silly tarball no local data for tslib@https://registry.npmjs.org/tslib/-/tslib-1.14.1.tgz. Extracting by manifest.
2215 silly tarball no local data for is-stream@https://registry.npmjs.org/is-stream/-/is-stream-4.0.1.tgz. Extracting by manifest.
2216 silly tarball no local data for jsesc@https://registry.npmjs.org/jsesc/-/jsesc-1.3.0.tgz. Extracting by manifest.
2217 silly tarball no local data for core-js@https://registry.npmjs.org/core-js/-/core-js-2.6.12.tgz. Extracting by manifest.
2218 silly tarball no local data for string-width@https://registry.npmjs.org/string-width/-/string-width-5.1.2.tgz. Extracting by manifest.
2219 silly tarball no local data for @aws-amplify/auth@https://registry.npmjs.org/@aws-amplify/auth/-/auth-6.19.1.tgz. Extracting by manifest.
2220 silly tarball no local data for wrap-ansi@https://registry.npmjs.org/wrap-ansi/-/wrap-ansi-8.1.0.tgz. Extracting by manifest.
2221 silly tarball no local data for path-scurry@https://registry.npmjs.org/path-scurry/-/path-scurry-1.11.1.tgz. Extracting by manifest.
2222 silly tarball no local data for jackspeak@https://registry.npmjs.org/jackspeak/-/jackspeak-3.4.3.tgz. Extracting by manifest.
2223 silly tarball no local data for @smithy/types@https://registry.npmjs.org/@smithy/types/-/types-3.7.2.tgz. Extracting by manifest.
2224 silly tarball no local data for glob@https://registry.npmjs.org/glob/-/glob-10.5.0.tgz. Extracting by manifest.
2225 silly tarball no local data for @isaacs/cliui@https://registry.npmjs.org/@isaacs/cliui/-/cliui-8.0.2.tgz. Extracting by manifest.
2226 silly tarball no local data for emoji-regex@https://registry.npmjs.org/emoji-regex/-/emoji-regex-9.2.2.tgz. Extracting by manifest.
2227 silly tarball no local data for lru-cache@https://registry.npmjs.org/lru-cache/-/lru-cache-10.4.3.tgz. Extracting by manifest.
2228 silly tarball no local data for picomatch@https://registry.npmjs.org/picomatch/-/picomatch-2.3.2.tgz. Extracting by manifest.
2229 silly tarball no local data for @babel/types@https://registry.npmjs.org/@babel/types/-/types-7.29.0.tgz. Extracting by manifest.
2230 silly tarball no local data for minimatch@https://registry.npmjs.org/minimatch/-/minimatch-9.0.9.tgz. Extracting by manifest.
2231 silly tarball no local data for ansi-styles@https://registry.npmjs.org/ansi-styles/-/ansi-styles-6.2.3.tgz. Extracting by manifest.
2232 silly tarball no local data for @babel/types@https://registry.npmjs.org/@babel/types/-/types-7.29.0.tgz. Extracting by manifest.
2233 silly tarball no local data for @babel/types@https://registry.npmjs.org/@babel/types/-/types-7.29.0.tgz. Extracting by manifest.
2234 silly tarball no local data for @smithy/is-array-buffer@https://registry.npmjs.org/@smithy/is-array-buffer/-/is-array-buffer-2.2.0.tgz. Extracting by manifest.
2235 silly tarball no local data for @babel/types@https://registry.npmjs.org/@babel/types/-/types-7.29.0.tgz. Extracting by manifest.
2236 silly tarball no local data for @smithy/util-hex-encoding@https://registry.npmjs.org/@smithy/util-hex-encoding/-/util-hex-encoding-4.2.2.tgz. Extracting by manifest.
2237 silly tarball no local data for @smithy/util-base64@https://registry.npmjs.org/@smithy/util-base64/-/util-base64-4.3.2.tgz. Extracting by manifest.
2238 silly tarball no local data for @smithy/util-buffer-from@https://registry.npmjs.org/@smithy/util-buffer-from/-/util-buffer-from-2.2.0.tgz. Extracting by manifest.
2239 silly tarball no local data for @smithy/util-utf8@https://registry.npmjs.org/@smithy/util-utf8/-/util-utf8-4.2.2.tgz. Extracting by manifest.
2240 silly tarball no local data for @smithy/util-utf8@https://registry.npmjs.org/@smithy/util-utf8/-/util-utf8-3.0.0.tgz. Extracting by manifest.
2241 silly tarball no local data for @smithy/util-buffer-from@https://registry.npmjs.org/@smithy/util-buffer-from/-/util-buffer-from-3.0.0.tgz. Extracting by manifest.
2242 silly tarball no local data for @smithy/is-array-buffer@https://registry.npmjs.org/@smithy/is-array-buffer/-/is-array-buffer-3.0.0.tgz. Extracting by manifest.
2243 silly tarball no local data for @smithy/util-utf8@https://registry.npmjs.org/@smithy/util-utf8/-/util-utf8-4.2.2.tgz. Extracting by manifest.
2244 silly tarball no local data for @smithy/util-hex-encoding@https://registry.npmjs.org/@smithy/util-hex-encoding/-/util-hex-encoding-4.2.2.tgz. Extracting by manifest.
2245 silly tarball no local data for @smithy/util-utf8@https://registry.npmjs.org/@smithy/util-utf8/-/util-utf8-4.2.2.tgz. Extracting by manifest.
2246 silly tarball no local data for @smithy/util-utf8@https://registry.npmjs.org/@smithy/util-utf8/-/util-utf8-4.2.2.tgz. Extracting by manifest.
2247 silly tarball no local data for @smithy/util-utf8@https://registry.npmjs.org/@smithy/util-utf8/-/util-utf8-4.2.2.tgz. Extracting by manifest.
2248 silly tarball no local data for @smithy/util-utf8@https://registry.npmjs.org/@smithy/util-utf8/-/util-utf8-4.2.2.tgz. Extracting by manifest.
2249 silly tarball no local data for @smithy/util-hex-encoding@https://registry.npmjs.org/@smithy/util-hex-encoding/-/util-hex-encoding-4.2.2.tgz. Extracting by manifest.
2250 silly tarball no local data for @smithy/util-utf8@https://registry.npmjs.org/@smithy/util-utf8/-/util-utf8-4.2.2.tgz. Extracting by manifest.
2251 silly tarball no local data for strip-ansi@https://registry.npmjs.org/strip-ansi/-/strip-ansi-6.0.1.tgz. Extracting by manifest.
2252 silly tarball no local data for @smithy/util-utf8@https://registry.npmjs.org/@smithy/util-utf8/-/util-utf8-4.2.2.tgz. Extracting by manifest.
2253 silly tarball no local data for @smithy/util-base64@https://registry.npmjs.org/@smithy/util-base64/-/util-base64-4.3.2.tgz. Extracting by manifest.
2254 silly tarball no local data for ansi-regex@https://registry.npmjs.org/ansi-regex/-/ansi-regex-5.0.1.tgz. Extracting by manifest.
2255 silly tarball no local data for tslib@https://registry.npmjs.org/tslib/-/tslib-2.0.3.tgz. Extracting by manifest.
2256 silly tarball no local data for @smithy/util-base64@https://registry.npmjs.org/@smithy/util-base64/-/util-base64-4.3.2.tgz. Extracting by manifest.
2257 silly tarball no local data for @smithy/util-base64@https://registry.npmjs.org/@smithy/util-base64/-/util-base64-4.3.2.tgz. Extracting by manifest.
2258 silly tarball no local data for @graphql-tools/utils@https://registry.npmjs.org/@graphql-tools/utils/-/utils-9.2.1.tgz. Extracting by manifest.
2259 silly tarball no local data for @graphql-tools/utils@https://registry.npmjs.org/@graphql-tools/utils/-/utils-11.1.0.tgz. Extracting by manifest.
2260 silly tarball no local data for wrap-ansi@https://registry.npmjs.org/wrap-ansi/-/wrap-ansi-6.2.0.tgz. Extracting by manifest.
2261 silly tarball no local data for lodash@https://registry.npmjs.org/lodash/-/lodash-4.17.23.tgz. Extracting by manifest.
2262 silly tarball no local data for @graphql-tools/utils@https://registry.npmjs.org/@graphql-tools/utils/-/utils-9.2.1.tgz. Extracting by manifest.
2263 silly tarball no local data for tslib@https://registry.npmjs.org/tslib/-/tslib-2.3.1.tgz. Extracting by manifest.
2264 silly tarball no local data for @graphql-tools/utils@https://registry.npmjs.org/@graphql-tools/utils/-/utils-9.2.1.tgz. Extracting by manifest.
2265 silly tarball no local data for camel-case@https://registry.npmjs.org/camel-case/-/camel-case-4.1.2.tgz. Extracting by manifest.
2266 silly tarball no local data for @graphql-codegen/plugin-helpers@https://registry.npmjs.org/@graphql-codegen/plugin-helpers/-/plugin-helpers-1.18.8.tgz. Extracting by manifest.
2267 silly tarball no local data for @graphql-tools/utils@https://registry.npmjs.org/@graphql-tools/utils/-/utils-7.10.0.tgz. Extracting by manifest.
2268 silly tarball no local data for tslib@https://registry.npmjs.org/tslib/-/tslib-2.2.0.tgz. Extracting by manifest.
2269 silly tarball no local data for tslib@https://registry.npmjs.org/tslib/-/tslib-2.6.3.tgz. Extracting by manifest.
2270 silly tarball no local data for change-case-all@https://registry.npmjs.org/change-case-all/-/change-case-all-1.0.14.tgz. Extracting by manifest.
2271 silly tarball no local data for lodash@https://registry.npmjs.org/lodash/-/lodash-4.17.23.tgz. Extracting by manifest.
2272 silly tarball no local data for immutable@https://registry.npmjs.org/immutable/-/immutable-5.1.5.tgz. Extracting by manifest.
2273 silly tarball no local data for common-tags@https://registry.npmjs.org/common-tags/-/common-tags-1.8.0.tgz. Extracting by manifest.
2274 silly tarball no local data for @graphql-tools/relay-operation-optimizer@https://registry.npmjs.org/@graphql-tools/relay-operation-optimizer/-/relay-operation-optimizer-7.1.4.tgz. Extracting by manifest.
2275 silly tarball no local data for @graphql-tools/utils@https://registry.npmjs.org/@graphql-tools/utils/-/utils-10.11.0.tgz. Extracting by manifest.
2276 silly tarball no local data for @graphql-tools/optimize@https://registry.npmjs.org/@graphql-tools/optimize/-/optimize-2.0.0.tgz. Extracting by manifest.
2277 silly tarball no local data for @graphql-codegen/plugin-helpers@https://registry.npmjs.org/@graphql-codegen/plugin-helpers/-/plugin-helpers-5.1.1.tgz. Extracting by manifest.
2278 silly tarball no local data for @graphql-tools/utils@https://registry.npmjs.org/@graphql-tools/utils/-/utils-11.1.0.tgz. Extracting by manifest.
2279 silly tarball no local data for @graphql-tools/utils@https://registry.npmjs.org/@graphql-tools/utils/-/utils-10.11.0.tgz. Extracting by manifest.
2280 silly tarball no local data for @ardatan/relay-compiler@https://registry.npmjs.org/@ardatan/relay-compiler/-/relay-compiler-13.0.1.tgz. Extracting by manifest.
2281 silly tarball no local data for @graphql-codegen/plugin-helpers@https://registry.npmjs.org/@graphql-codegen/plugin-helpers/-/plugin-helpers-5.1.1.tgz. Extracting by manifest.
2282 silly tarball no local data for lodash@https://registry.npmjs.org/lodash/-/lodash-4.17.23.tgz. Extracting by manifest.
2283 silly tarball no local data for tslib@https://registry.npmjs.org/tslib/-/tslib-2.6.3.tgz. Extracting by manifest.
2284 silly tarball no local data for tslib@https://registry.npmjs.org/tslib/-/tslib-2.4.1.tgz. Extracting by manifest.
2285 silly tarball no local data for @graphql-codegen/visitor-plugin-common@https://registry.npmjs.org/@graphql-codegen/visitor-plugin-common/-/visitor-plugin-common-5.8.0.tgz. Extracting by manifest.
2286 silly tarball no local data for @graphql-tools/utils@https://registry.npmjs.org/@graphql-tools/utils/-/utils-9.2.1.tgz. Extracting by manifest.
2287 silly tarball no local data for lodash@https://registry.npmjs.org/lodash/-/lodash-4.17.23.tgz. Extracting by manifest.
2288 silly tarball no local data for tslib@https://registry.npmjs.org/tslib/-/tslib-2.4.1.tgz. Extracting by manifest.
2289 silly tarball no local data for @graphql-tools/utils@https://registry.npmjs.org/@graphql-tools/utils/-/utils-9.2.1.tgz. Extracting by manifest.
2290 silly tarball no local data for jsesc@https://registry.npmjs.org/jsesc/-/jsesc-3.1.0.tgz. Extracting by manifest.
2291 silly tarball no local data for @babel/types@https://registry.npmjs.org/@babel/types/-/types-7.29.0.tgz. Extracting by manifest.
2292 silly tarball no local data for @babel/types@https://registry.npmjs.org/@babel/types/-/types-7.29.0.tgz. Extracting by manifest.
2293 silly tarball no local data for @babel/types@https://registry.npmjs.org/@babel/types/-/types-7.29.0.tgz. Extracting by manifest.
2294 silly tarball no local data for @babel/types@https://registry.npmjs.org/@babel/types/-/types-7.29.0.tgz. Extracting by manifest.
2295 silly tarball no local data for @babel/generator@https://registry.npmjs.org/@babel/generator/-/generator-7.29.1.tgz. Extracting by manifest.
2296 silly tarball no local data for @babel/types@https://registry.npmjs.org/@babel/types/-/types-7.29.0.tgz. Extracting by manifest.
2297 silly tarball no local data for @babel/types@https://registry.npmjs.org/@babel/types/-/types-7.29.0.tgz. Extracting by manifest.
2298 silly tarball no local data for @babel/types@https://registry.npmjs.org/@babel/types/-/types-7.29.0.tgz. Extracting by manifest.
2299 silly tarball no local data for @babel/types@https://registry.npmjs.org/@babel/types/-/types-7.29.0.tgz. Extracting by manifest.
2300 silly tarball no local data for semver@https://registry.npmjs.org/semver/-/semver-6.3.1.tgz. Extracting by manifest.
2301 silly tarball no local data for semver@https://registry.npmjs.org/semver/-/semver-6.3.1.tgz. Extracting by manifest.
2302 silly tarball no local data for @babel/generator@https://registry.npmjs.org/@babel/generator/-/generator-7.29.1.tgz. Extracting by manifest.
2303 silly tarball no local data for @babel/types@https://registry.npmjs.org/@babel/types/-/types-7.29.0.tgz. Extracting by manifest.
2304 silly tarball no local data for semver@https://registry.npmjs.org/semver/-/semver-6.3.1.tgz. Extracting by manifest.
2305 silly tarball no local data for @babel/types@https://registry.npmjs.org/@babel/types/-/types-7.29.0.tgz. Extracting by manifest.
2306 silly tarball no local data for @babel/types@https://registry.npmjs.org/@babel/types/-/types-7.29.0.tgz. Extracting by manifest.
2307 silly tarball no local data for jsesc@https://registry.npmjs.org/jsesc/-/jsesc-3.1.0.tgz. Extracting by manifest.
2308 silly tarball no local data for @smithy/util-utf8@https://registry.npmjs.org/@smithy/util-utf8/-/util-utf8-4.2.2.tgz. Extracting by manifest.
2309 silly tarball no local data for @smithy/util-base64@https://registry.npmjs.org/@smithy/util-base64/-/util-base64-4.3.2.tgz. Extracting by manifest.
2310 silly tarball no local data for @smithy/util-base64@https://registry.npmjs.org/@smithy/util-base64/-/util-base64-4.3.2.tgz. Extracting by manifest.
2311 silly tarball no local data for @smithy/util-base64@https://registry.npmjs.org/@smithy/util-base64/-/util-base64-4.3.2.tgz. Extracting by manifest.
2312 silly tarball no local data for @smithy/util-utf8@https://registry.npmjs.org/@smithy/util-utf8/-/util-utf8-4.2.2.tgz. Extracting by manifest.
2313 silly tarball no local data for @smithy/util-utf8@https://registry.npmjs.org/@smithy/util-utf8/-/util-utf8-4.2.2.tgz. Extracting by manifest.
2314 silly tarball no local data for @smithy/util-utf8@https://registry.npmjs.org/@smithy/util-utf8/-/util-utf8-4.2.2.tgz. Extracting by manifest.
2315 silly tarball no local data for @smithy/util-utf8@https://registry.npmjs.org/@smithy/util-utf8/-/util-utf8-4.2.2.tgz. Extracting by manifest.
2316 silly tarball no local data for @smithy/util-utf8@https://registry.npmjs.org/@smithy/util-utf8/-/util-utf8-4.2.2.tgz. Extracting by manifest.
2317 silly tarball no local data for @smithy/util-base64@https://registry.npmjs.org/@smithy/util-base64/-/util-base64-4.3.2.tgz. Extracting by manifest.
2318 silly tarball no local data for @smithy/util-utf8@https://registry.npmjs.org/@smithy/util-utf8/-/util-utf8-4.2.2.tgz. Extracting by manifest.
2319 silly tarball no local data for @smithy/util-base64@https://registry.npmjs.org/@smithy/util-base64/-/util-base64-4.3.2.tgz. Extracting by manifest.
2320 silly tarball no local data for @smithy/util-base64@https://registry.npmjs.org/@smithy/util-base64/-/util-base64-4.3.2.tgz. Extracting by manifest.
2321 silly tarball no local data for @smithy/util-base64@https://registry.npmjs.org/@smithy/util-base64/-/util-base64-4.3.2.tgz. Extracting by manifest.
2322 silly tarball no local data for @smithy/util-utf8@https://registry.npmjs.org/@smithy/util-utf8/-/util-utf8-4.2.2.tgz. Extracting by manifest.
2323 silly tarball no local data for @smithy/util-utf8@https://registry.npmjs.org/@smithy/util-utf8/-/util-utf8-4.2.2.tgz. Extracting by manifest.
2324 silly tarball no local data for @smithy/util-utf8@https://registry.npmjs.org/@smithy/util-utf8/-/util-utf8-4.2.2.tgz. Extracting by manifest.
2325 silly tarball no local data for @smithy/util-base64@https://registry.npmjs.org/@smithy/util-base64/-/util-base64-4.3.2.tgz. Extracting by manifest.
2326 silly tarball no local data for @smithy/util-base64@https://registry.npmjs.org/@smithy/util-base64/-/util-base64-4.3.2.tgz. Extracting by manifest.
2327 silly tarball no local data for @smithy/util-utf8@https://registry.npmjs.org/@smithy/util-utf8/-/util-utf8-4.2.2.tgz. Extracting by manifest.
2328 silly tarball no local data for @smithy/util-utf8@https://registry.npmjs.org/@smithy/util-utf8/-/util-utf8-4.2.2.tgz. Extracting by manifest.
2329 silly tarball no local data for @smithy/util-base64@https://registry.npmjs.org/@smithy/util-base64/-/util-base64-4.3.2.tgz. Extracting by manifest.
2330 silly tarball no local data for @smithy/util-utf8@https://registry.npmjs.org/@smithy/util-utf8/-/util-utf8-4.2.2.tgz. Extracting by manifest.
2331 silly tarball no local data for @smithy/util-utf8@https://registry.npmjs.org/@smithy/util-utf8/-/util-utf8-4.2.2.tgz. Extracting by manifest.
2332 silly tarball no local data for @smithy/util-base64@https://registry.npmjs.org/@smithy/util-base64/-/util-base64-4.3.2.tgz. Extracting by manifest.
2333 silly tarball no local data for @smithy/util-utf8@https://registry.npmjs.org/@smithy/util-utf8/-/util-utf8-4.2.2.tgz. Extracting by manifest.
2334 silly tarball no local data for @smithy/util-base64@https://registry.npmjs.org/@smithy/util-base64/-/util-base64-4.3.2.tgz. Extracting by manifest.
2335 silly tarball no local data for @smithy/util-utf8@https://registry.npmjs.org/@smithy/util-utf8/-/util-utf8-4.2.2.tgz. Extracting by manifest.
2336 silly tarball no local data for @smithy/util-base64@https://registry.npmjs.org/@smithy/util-base64/-/util-base64-4.3.2.tgz. Extracting by manifest.
2337 silly tarball no local data for @smithy/util-base64@https://registry.npmjs.org/@smithy/util-base64/-/util-base64-4.3.2.tgz. Extracting by manifest.
2338 silly tarball no local data for @smithy/util-utf8@https://registry.npmjs.org/@smithy/util-utf8/-/util-utf8-4.2.2.tgz. Extracting by manifest.
2339 silly tarball no local data for @smithy/util-base64@https://registry.npmjs.org/@smithy/util-base64/-/util-base64-4.3.2.tgz. Extracting by manifest.
2340 silly tarball no local data for @smithy/util-utf8@https://registry.npmjs.org/@smithy/util-utf8/-/util-utf8-4.2.2.tgz. Extracting by manifest.
2341 silly tarball no local data for @smithy/util-base64@https://registry.npmjs.org/@smithy/util-base64/-/util-base64-4.3.2.tgz. Extracting by manifest.
2342 silly tarball no local data for @smithy/util-utf8@https://registry.npmjs.org/@smithy/util-utf8/-/util-utf8-4.2.2.tgz. Extracting by manifest.
2343 silly tarball no local data for @smithy/util-utf8@https://registry.npmjs.org/@smithy/util-utf8/-/util-utf8-4.2.2.tgz. Extracting by manifest.
2344 silly tarball no local data for @smithy/util-base64@https://registry.npmjs.org/@smithy/util-base64/-/util-base64-4.3.2.tgz. Extracting by manifest.
2345 silly tarball no local data for @smithy/util-utf8@https://registry.npmjs.org/@smithy/util-utf8/-/util-utf8-4.2.2.tgz. Extracting by manifest.
2346 silly tarball no local data for @smithy/util-base64@https://registry.npmjs.org/@smithy/util-base64/-/util-base64-4.3.2.tgz. Extracting by manifest.
2347 silly tarball no local data for @smithy/util-utf8@https://registry.npmjs.org/@smithy/util-utf8/-/util-utf8-4.2.2.tgz. Extracting by manifest.
2348 silly tarball no local data for @smithy/util-base64@https://registry.npmjs.org/@smithy/util-base64/-/util-base64-4.3.2.tgz. Extracting by manifest.
2349 silly tarball no local data for @smithy/util-base64@https://registry.npmjs.org/@smithy/util-base64/-/util-base64-4.3.2.tgz. Extracting by manifest.
2350 silly tarball no local data for @smithy/util-utf8@https://registry.npmjs.org/@smithy/util-utf8/-/util-utf8-4.2.2.tgz. Extracting by manifest.
2351 silly tarball no local data for @smithy/util-base64@https://registry.npmjs.org/@smithy/util-base64/-/util-base64-4.3.2.tgz. Extracting by manifest.
2352 silly tarball no local data for @smithy/util-base64@https://registry.npmjs.org/@smithy/util-base64/-/util-base64-4.3.2.tgz. Extracting by manifest.
2353 silly tarball no local data for @smithy/util-utf8@https://registry.npmjs.org/@smithy/util-utf8/-/util-utf8-4.2.2.tgz. Extracting by manifest.
2354 silly tarball no local data for @smithy/util-utf8@https://registry.npmjs.org/@smithy/util-utf8/-/util-utf8-4.2.2.tgz. Extracting by manifest.
2355 silly tarball no local data for @smithy/util-base64@https://registry.npmjs.org/@smithy/util-base64/-/util-base64-4.3.2.tgz. Extracting by manifest.
2356 silly tarball no local data for @smithy/util-utf8@https://registry.npmjs.org/@smithy/util-utf8/-/util-utf8-4.2.2.tgz. Extracting by manifest.
2357 silly tarball no local data for @smithy/util-base64@https://registry.npmjs.org/@smithy/util-base64/-/util-base64-4.3.2.tgz. Extracting by manifest.
2358 silly tarball no local data for @smithy/util-utf8@https://registry.npmjs.org/@smithy/util-utf8/-/util-utf8-4.2.2.tgz. Extracting by manifest.
2359 silly tarball no local data for @smithy/util-base64@https://registry.npmjs.org/@smithy/util-base64/-/util-base64-4.3.2.tgz. Extracting by manifest.
2360 silly tarball no local data for @smithy/util-utf8@https://registry.npmjs.org/@smithy/util-utf8/-/util-utf8-4.2.2.tgz. Extracting by manifest.
2361 silly tarball no local data for @smithy/util-base64@https://registry.npmjs.org/@smithy/util-base64/-/util-base64-4.3.2.tgz. Extracting by manifest.
2362 silly tarball no local data for @smithy/util-utf8@https://registry.npmjs.org/@smithy/util-utf8/-/util-utf8-4.2.2.tgz. Extracting by manifest.
2363 silly tarball no local data for @smithy/util-base64@https://registry.npmjs.org/@smithy/util-base64/-/util-base64-4.3.2.tgz. Extracting by manifest.
2364 silly tarball no local data for @smithy/util-base64@https://registry.npmjs.org/@smithy/util-base64/-/util-base64-4.3.2.tgz. Extracting by manifest.
2365 silly tarball no local data for universalify@https://registry.npmjs.org/universalify/-/universalify-2.0.1.tgz. Extracting by manifest.
2366 silly tarball no local data for strip-ansi@https://registry.npmjs.org/strip-ansi/-/strip-ansi-6.0.1.tgz. Extracting by manifest.
2367 silly tarball no local data for wrap-ansi@https://registry.npmjs.org/wrap-ansi/-/wrap-ansi-7.0.0.tgz. Extracting by manifest.
2368 silly tarball no local data for chalk@https://registry.npmjs.org/chalk/-/chalk-4.1.2.tgz. Extracting by manifest.
2369 silly tarball no local data for chalk@https://registry.npmjs.org/chalk/-/chalk-4.1.2.tgz. Extracting by manifest.
2370 silly tarball no local data for ansi-regex@https://registry.npmjs.org/ansi-regex/-/ansi-regex-5.0.1.tgz. Extracting by manifest.
2371 silly tarball no local data for jsonfile@https://registry.npmjs.org/jsonfile/-/jsonfile-6.2.1.tgz. Extracting by manifest.
2372 silly tarball no local data for @aws-cdk/service-spec-types@https://registry.npmjs.org/@aws-cdk/service-spec-types/-/service-spec-types-0.0.243.tgz. Extracting by manifest.
2373 silly tarball no local data for buffer@https://registry.npmjs.org/buffer/-/buffer-4.9.2.tgz. Extracting by manifest.
2374 silly tarball no local data for isarray@https://registry.npmjs.org/isarray/-/isarray-1.0.0.tgz. Extracting by manifest.
2375 silly tarball no local data for fs-extra@https://registry.npmjs.org/fs-extra/-/fs-extra-9.1.0.tgz. Extracting by manifest.
2376 silly tarball no local data for @smithy/md5-js@https://registry.npmjs.org/@smithy/md5-js/-/md5-js-2.0.7.tgz. Extracting by manifest.
2377 silly tarball no local data for yargs@https://registry.npmjs.org/yargs/-/yargs-15.4.1.tgz. Extracting by manifest.
2378 silly tarball no local data for @smithy/types@https://registry.npmjs.org/@smithy/types/-/types-2.12.0.tgz. Extracting by manifest.
2379 silly tarball no local data for wrap-ansi@https://registry.npmjs.org/wrap-ansi/-/wrap-ansi-6.2.0.tgz. Extracting by manifest.
2380 silly tarball no local data for yargs-parser@https://registry.npmjs.org/yargs-parser/-/yargs-parser-18.1.3.tgz. Extracting by manifest.
2381 silly tarball no local data for strip-ansi@https://registry.npmjs.org/strip-ansi/-/strip-ansi-6.0.1.tgz. Extracting by manifest.
2382 silly tarball no local data for ansi-regex@https://registry.npmjs.org/ansi-regex/-/ansi-regex-5.0.1.tgz. Extracting by manifest.
2383 silly tarball no local data for y18n@https://registry.npmjs.org/y18n/-/y18n-4.0.3.tgz. Extracting by manifest.
2384 silly tarball no local data for graphql-transformer-common@https://registry.npmjs.org/graphql-transformer-common/-/graphql-transformer-common-5.1.4.tgz. Extracting by manifest.
2385 silly tarball no local data for ts-dedent@https://registry.npmjs.org/ts-dedent/-/ts-dedent-2.2.0.tgz. Extracting by manifest.
2386 silly tarball no local data for supports-color@https://registry.npmjs.org/supports-color/-/supports-color-5.5.0.tgz. Extracting by manifest.
2387 silly tarball no local data for restore-cursor@https://registry.npmjs.org/restore-cursor/-/restore-cursor-3.1.0.tgz. Extracting by manifest.
2388 silly tarball no local data for cliui@https://registry.npmjs.org/cliui/-/cliui-6.0.0.tgz. Extracting by manifest.
2389 silly tarball no local data for universalify@https://registry.npmjs.org/universalify/-/universalify-2.0.1.tgz. Extracting by manifest.
2390 silly tarball no local data for @smithy/util-utf8@https://registry.npmjs.org/@smithy/util-utf8/-/util-utf8-4.2.2.tgz. Extracting by manifest.
2391 silly tarball no local data for strip-ansi@https://registry.npmjs.org/strip-ansi/-/strip-ansi-6.0.1.tgz. Extracting by manifest.
2392 silly tarball no local data for signal-exit@https://registry.npmjs.org/signal-exit/-/signal-exit-3.0.7.tgz. Extracting by manifest.
2393 silly tarball no local data for prettier@https://registry.npmjs.org/prettier/-/prettier-1.19.1.tgz. Extracting by manifest.
2394 silly tarball no local data for ora@https://registry.npmjs.org/ora/-/ora-4.1.1.tgz. Extracting by manifest.
2395 silly tarball no local data for onetime@https://registry.npmjs.org/onetime/-/onetime-5.1.2.tgz. Extracting by manifest.
2396 silly tarball no local data for chalk@https://registry.npmjs.org/chalk/-/chalk-2.4.2.tgz. Extracting by manifest.
2397 silly tarball no local data for has-flag@https://registry.npmjs.org/has-flag/-/has-flag-3.0.0.tgz. Extracting by manifest.
2398 silly tarball no local data for is-interactive@https://registry.npmjs.org/is-interactive/-/is-interactive-1.0.0.tgz. Extracting by manifest.
2399 silly tarball no local data for mute-stream@https://registry.npmjs.org/mute-stream/-/mute-stream-0.0.8.tgz. Extracting by manifest.
2400 silly tarball no local data for fs-extra@https://registry.npmjs.org/fs-extra/-/fs-extra-11.1.1.tgz. Extracting by manifest.
2401 silly tarball no local data for color-name@https://registry.npmjs.org/color-name/-/color-name-1.1.3.tgz. Extracting by manifest.
2402 silly tarball no local data for cli-cursor@https://registry.npmjs.org/cli-cursor/-/cli-cursor-3.1.0.tgz. Extracting by manifest.
2403 silly tarball no local data for color-convert@https://registry.npmjs.org/color-convert/-/color-convert-1.9.3.tgz. Extracting by manifest.
2404 silly tarball no local data for jsonfile@https://registry.npmjs.org/jsonfile/-/jsonfile-6.2.1.tgz. Extracting by manifest.
2405 silly tarball no local data for graphql-transformer-common@https://registry.npmjs.org/graphql-transformer-common/-/graphql-transformer-common-5.1.4.tgz. Extracting by manifest.
2406 silly tarball no local data for ansi-regex@https://registry.npmjs.org/ansi-regex/-/ansi-regex-5.0.1.tgz. Extracting by manifest.
2407 silly tarball no local data for prettier@https://registry.npmjs.org/prettier/-/prettier-1.19.1.tgz. Extracting by manifest.
2408 silly tarball no local data for @graphql-tools/utils@https://registry.npmjs.org/@graphql-tools/utils/-/utils-9.2.1.tgz. Extracting by manifest.
2409 silly tarball no local data for log-symbols@https://registry.npmjs.org/log-symbols/-/log-symbols-3.0.0.tgz. Extracting by manifest.
2410 silly tarball no local data for @aws-amplify/graphql-directives@https://registry.npmjs.org/@aws-amplify/graphql-directives/-/graphql-directives-1.1.1.tgz. Extracting by manifest.
2411 silly tarball no local data for y18n@https://registry.npmjs.org/y18n/-/y18n-4.0.3.tgz. Extracting by manifest.
2412 silly tarball no local data for yargs@https://registry.npmjs.org/yargs/-/yargs-15.4.1.tgz. Extracting by manifest.
2413 silly tarball no local data for wrap-ansi@https://registry.npmjs.org/wrap-ansi/-/wrap-ansi-6.2.0.tgz. Extracting by manifest.
2414 silly tarball no local data for strip-ansi@https://registry.npmjs.org/strip-ansi/-/strip-ansi-6.0.1.tgz. Extracting by manifest.
2415 silly tarball no local data for cliui@https://registry.npmjs.org/cliui/-/cliui-6.0.0.tgz. Extracting by manifest.
2416 silly tarball no local data for ansi-regex@https://registry.npmjs.org/ansi-regex/-/ansi-regex-5.0.1.tgz. Extracting by manifest.
2417 silly tarball no local data for isarray@https://registry.npmjs.org/isarray/-/isarray-1.0.0.tgz. Extracting by manifest.
2418 silly tarball no local data for buffer@https://registry.npmjs.org/buffer/-/buffer-4.9.2.tgz. Extracting by manifest.
2419 silly tarball no local data for graphql@https://registry.npmjs.org/graphql/-/graphql-15.8.0.tgz. Extracting by manifest.
2420 silly tarball no local data for yargs-parser@https://registry.npmjs.org/yargs-parser/-/yargs-parser-18.1.3.tgz. Extracting by manifest.
2421 silly tarball no local data for prettier@https://registry.npmjs.org/prettier/-/prettier-2.3.2.tgz. Extracting by manifest.
2422 silly tarball no local data for graphql@https://registry.npmjs.org/graphql/-/graphql-15.8.0.tgz. Extracting by manifest.
2423 silly tarball no local data for @smithy/util-buffer-from@https://registry.npmjs.org/@smithy/util-buffer-from/-/util-buffer-from-2.2.0.tgz. Extracting by manifest.
2424 silly tarball no local data for ansi-styles@https://registry.npmjs.org/ansi-styles/-/ansi-styles-3.2.1.tgz. Extracting by manifest.
2425 silly tarball no local data for @smithy/util-utf8@https://registry.npmjs.org/@smithy/util-utf8/-/util-utf8-2.0.0.tgz. Extracting by manifest.
2426 silly tarball no local data for yargs-parser@https://registry.npmjs.org/yargs-parser/-/yargs-parser-18.1.3.tgz. Extracting by manifest.
2427 silly tarball no local data for @smithy/is-array-buffer@https://registry.npmjs.org/@smithy/is-array-buffer/-/is-array-buffer-2.2.0.tgz. Extracting by manifest.
2428 silly tarball no local data for y18n@https://registry.npmjs.org/y18n/-/y18n-4.0.3.tgz. Extracting by manifest.
2429 silly tarball no local data for yargs@https://registry.npmjs.org/yargs/-/yargs-15.4.1.tgz. Extracting by manifest.
2430 silly tarball no local data for wrap-ansi@https://registry.npmjs.org/wrap-ansi/-/wrap-ansi-6.2.0.tgz. Extracting by manifest.
2431 silly tarball no local data for minimatch@https://registry.npmjs.org/minimatch/-/minimatch-3.1.5.tgz. Extracting by manifest.
2432 silly tarball no local data for typescript@https://registry.npmjs.org/typescript/-/typescript-4.4.4.tgz. Extracting by manifest.
2433 silly tarball no local data for glob@https://registry.npmjs.org/glob/-/glob-7.2.3.tgz. Extracting by manifest.
2434 silly tarball no local data for jsesc@https://registry.npmjs.org/jsesc/-/jsesc-3.1.0.tgz. Extracting by manifest.
2435 silly tarball no local data for strip-ansi@https://registry.npmjs.org/strip-ansi/-/strip-ansi-6.0.1.tgz. Extracting by manifest.
2436 silly tarball no local data for cliui@https://registry.npmjs.org/cliui/-/cliui-6.0.0.tgz. Extracting by manifest.
2437 silly tarball no local data for brace-expansion@https://registry.npmjs.org/brace-expansion/-/brace-expansion-1.1.14.tgz. Extracting by manifest.
2438 silly tarball no local data for ansi-regex@https://registry.npmjs.org/ansi-regex/-/ansi-regex-5.0.1.tgz. Extracting by manifest.
2439 silly tarball no local data for @babel/types@https://registry.npmjs.org/@babel/types/-/types-7.29.0.tgz. Extracting by manifest.
2440 silly tarball no local data for chalk@https://registry.npmjs.org/chalk/-/chalk-4.1.2.tgz. Extracting by manifest.
2441 silly tarball no local data for @babel/generator@https://registry.npmjs.org/@babel/generator/-/generator-7.29.1.tgz. Extracting by manifest.
2442 silly tarball no local data for tslib@https://registry.npmjs.org/tslib/-/tslib-2.0.3.tgz. Extracting by manifest.
2443 http fetch GET 200 https://registry.npmjs.org/yoctocolors/-/yoctocolors-2.1.2.tgz 265ms (cache miss)
2444 http fetch GET 200 https://registry.npmjs.org/zip-stream/-/zip-stream-6.0.1.tgz 267ms (cache miss)
2445 http fetch GET 200 https://registry.npmjs.org/@aws-sdk/middleware-eventstream/-/middleware-eventstream-3.821.0.tgz 267ms (cache miss)
2446 http fetch GET 200 https://registry.npmjs.org/ts-algebra/-/ts-algebra-2.0.0.tgz 281ms (cache miss)
2447 http fetch GET 200 https://registry.npmjs.org/@aws-sdk/eventstream-handler-node/-/eventstream-handler-node-3.821.0.tgz 297ms (cache miss)
2448 http fetch GET 200 https://registry.npmjs.org/wordwrap/-/wordwrap-1.0.0.tgz 299ms (cache miss)
2449 http fetch GET 200 https://registry.npmjs.org/wsl-utils/-/wsl-utils-0.1.0.tgz 305ms (cache miss)
2450 http fetch GET 200 https://registry.npmjs.org/wrap-ansi/-/wrap-ansi-7.0.0.tgz 304ms (cache miss)
2451 http fetch GET 200 https://registry.npmjs.org/wrappy/-/wrappy-1.0.2.tgz 305ms (cache miss)
2452 http fetch GET 200 https://registry.npmjs.org/y18n/-/y18n-5.0.8.tgz 306ms (cache miss)
2453 http fetch GET 200 https://registry.npmjs.org/json-schema-to-ts/-/json-schema-to-ts-3.1.1.tgz 325ms (cache miss)
2454 http fetch GET 200 https://registry.npmjs.org/wrap-ansi/-/wrap-ansi-9.0.2.tgz 338ms (cache miss)
2455 http fetch GET 200 https://registry.npmjs.org/which-collection/-/which-collection-1.0.2.tgz 353ms (cache miss)
2456 http fetch GET 200 https://registry.npmjs.org/which-module/-/which-module-2.0.1.tgz 354ms (cache miss)
2457 http fetch GET 200 https://registry.npmjs.org/which/-/which-2.0.2.tgz 354ms (cache miss)
2458 http fetch GET 200 https://registry.npmjs.org/which-boxed-primitive/-/which-boxed-primitive-1.1.1.tgz 355ms (cache miss)
2459 http fetch GET 200 https://registry.npmjs.org/which-builtin-type/-/which-builtin-type-1.2.1.tgz 357ms (cache miss)
2460 http fetch GET 200 https://registry.npmjs.org/whatwg-url/-/whatwg-url-5.0.0.tgz 389ms (cache miss)
2461 http fetch GET 200 https://registry.npmjs.org/yoctocolors-cjs/-/yoctocolors-cjs-2.1.3.tgz 391ms (cache miss)
2462 http fetch GET 200 https://registry.npmjs.org/yallist/-/yallist-3.1.1.tgz 392ms (cache miss)
2463 http fetch GET 200 https://registry.npmjs.org/yocto-queue/-/yocto-queue-0.1.0.tgz 394ms (cache miss)
2464 http fetch GET 200 https://registry.npmjs.org/xtend/-/xtend-4.0.2.tgz 394ms (cache miss)
2465 http fetch GET 200 https://registry.npmjs.org/which-typed-array/-/which-typed-array-1.1.20.tgz 398ms (cache miss)
2466 http fetch GET 200 https://registry.npmjs.org/yargs-parser/-/yargs-parser-21.1.1.tgz 400ms (cache miss)
2467 http fetch GET 200 https://registry.npmjs.org/whatwg-mimetype/-/whatwg-mimetype-4.0.0.tgz 398ms (cache miss)
2468 http fetch GET 200 https://registry.npmjs.org/wcwidth/-/wcwidth-1.0.1.tgz 411ms (cache miss)
2469 http fetch GET 200 https://registry.npmjs.org/yaml/-/yaml-1.10.3.tgz 433ms (cache miss)
2470 http fetch GET 200 https://registry.npmjs.org/yargs/-/yargs-17.7.2.tgz 438ms (cache miss)
2471 http fetch GET 200 https://registry.npmjs.org/webidl-conversions/-/webidl-conversions-3.0.1.tgz 437ms (cache miss)
2472 http fetch GET 200 https://registry.npmjs.org/value-or-promise/-/value-or-promise-1.0.12.tgz 439ms (cache miss)
2473 http fetch GET 200 https://registry.npmjs.org/unc-path-regex/-/unc-path-regex-0.1.2.tgz 441ms (cache miss)
2474 http fetch GET 200 https://registry.npmjs.org/use-isomorphic-layout-effect/-/use-isomorphic-layout-effect-1.2.1.tgz 443ms (cache miss)
2475 http fetch GET 200 https://registry.npmjs.org/use-sync-external-store/-/use-sync-external-store-1.6.0.tgz 442ms (cache miss)
2476 http fetch GET 200 https://registry.npmjs.org/urlpattern-polyfill/-/urlpattern-polyfill-10.1.0.tgz 443ms (cache miss)
2477 http fetch GET 200 https://registry.npmjs.org/util-deprecate/-/util-deprecate-1.0.2.tgz 452ms (cache miss)
2478 http fetch GET 200 https://registry.npmjs.org/unbox-primitive/-/unbox-primitive-1.1.0.tgz 458ms (cache miss)
2479 http fetch GET 200 https://registry.npmjs.org/yup/-/yup-0.32.11.tgz 468ms (cache miss)
2480 http fetch GET 200 https://registry.npmjs.org/xstate/-/xstate-4.38.3.tgz 466ms (cache miss)
2481 http fetch GET 200 https://registry.npmjs.org/upper-case/-/upper-case-2.0.2.tgz 466ms (cache miss)
2482 http fetch GET 200 https://registry.npmjs.org/use-sidecar/-/use-sidecar-1.1.3.tgz 474ms (cache miss)
2483 http fetch GET 200 https://registry.npmjs.org/typed-array-length/-/typed-array-length-1.0.7.tgz 482ms (cache miss)
2484 http fetch GET 200 https://registry.npmjs.org/typed-array-byte-offset/-/typed-array-byte-offset-1.0.4.tgz 485ms (cache miss)
2485 http fetch GET 200 https://registry.npmjs.org/update-browserslist-db/-/update-browserslist-db-1.2.3.tgz 487ms (cache miss)
2486 http fetch GET 200 https://registry.npmjs.org/ulid/-/ulid-2.4.0.tgz 490ms (cache miss)
2487 http fetch GET 200 https://registry.npmjs.org/use-callback-ref/-/use-callback-ref-1.3.3.tgz 490ms (cache miss)
2488 http fetch GET 200 https://registry.npmjs.org/typed-array-byte-length/-/typed-array-byte-length-1.0.3.tgz 491ms (cache miss)
2489 http fetch GET 200 https://registry.npmjs.org/tslib/-/tslib-2.8.1.tgz 495ms (cache miss)
2490 http fetch GET 200 https://registry.npmjs.org/unicorn-magic/-/unicorn-magic-0.3.0.tgz 498ms (cache miss)
2491 http fetch GET 200 https://registry.npmjs.org/ts-dedent/-/ts-dedent-1.2.0.tgz 508ms (cache miss)
2492 http fetch GET 200 https://registry.npmjs.org/uglify-js/-/uglify-js-3.19.3.tgz 510ms (cache miss)
2493 http fetch GET 200 https://registry.npmjs.org/tsx/-/tsx-4.19.4.tgz 516ms (cache miss)
2494 http fetch GET 200 https://registry.npmjs.org/ua-parser-js/-/ua-parser-js-1.0.41.tgz 521ms (cache miss)
2495 http fetch GET 200 https://registry.npmjs.org/typed-array-buffer/-/typed-array-buffer-1.0.3.tgz 527ms (cache miss)
2496 http fetch GET 200 https://registry.npmjs.org/upper-case-first/-/upper-case-first-2.0.2.tgz 530ms (cache miss)
2497 http fetch GET 200 https://registry.npmjs.org/trim-right/-/trim-right-1.0.1.tgz 530ms (cache miss)
2498 http fetch GET 200 https://registry.npmjs.org/uuid/-/uuid-11.1.1.tgz 535ms (cache miss)
2499 http fetch GET 200 https://registry.npmjs.org/tr46/-/tr46-0.0.3.tgz 534ms (cache miss)
2500 http fetch GET 200 https://registry.npmjs.org/ts-interface-checker/-/ts-interface-checker-0.1.13.tgz 536ms (cache miss)
2501 http fetch GET 200 https://registry.npmjs.org/toposort/-/toposort-2.0.2.tgz 537ms (cache miss)
2502 http fetch GET 200 https://registry.npmjs.org/to-regex-range/-/to-regex-range-5.0.1.tgz 537ms (cache miss)
2503 http fetch GET 200 https://registry.npmjs.org/tinyglobby/-/tinyglobby-0.2.16.tgz 538ms (cache miss)
2504 http fetch GET 200 https://registry.npmjs.org/timeout-signal/-/timeout-signal-2.0.0.tgz 542ms (cache miss)
2505 http fetch GET 200 https://registry.npmjs.org/thenify-all/-/thenify-all-1.6.0.tgz 549ms (cache miss)
2506 http fetch GET 200 https://registry.npmjs.org/vite/-/vite-5.4.21.tgz 555ms (cache miss)
2507 http fetch GET 200 https://registry.npmjs.org/tildify/-/tildify-2.0.0.tgz 553ms (cache miss)
2508 http fetch GET 200 https://registry.npmjs.org/web-streams-polyfill/-/web-streams-polyfill-3.3.3.tgz 559ms (cache miss)
2509 http fetch GET 200 https://registry.npmjs.org/teex/-/teex-1.0.1.tgz 558ms (cache miss)
2510 http fetch GET 200 https://registry.npmjs.org/thenify/-/thenify-3.3.1.tgz 558ms (cache miss)
2511 http fetch GET 200 https://registry.npmjs.org/title-case/-/title-case-3.0.3.tgz 569ms (cache miss)
2512 http fetch GET 200 https://registry.npmjs.org/tarn/-/tarn-3.0.2.tgz 572ms (cache miss)
2513 http fetch GET 200 https://registry.npmjs.org/sync-fetch/-/sync-fetch-0.6.0.tgz 580ms (cache miss)
2514 http fetch GET 200 https://registry.npmjs.org/universalify/-/universalify-0.1.2.tgz 581ms (cache miss)
2515 http fetch GET 200 https://registry.npmjs.org/swap-case/-/swap-case-2.0.2.tgz 581ms (cache miss)
2516 http fetch GET 200 https://registry.npmjs.org/supports-preserve-symlinks-flag/-/supports-preserve-symlinks-flag-1.0.0.tgz 584ms (cache miss)
2517 http fetch GET 200 https://registry.npmjs.org/supports-color/-/supports-color-7.2.0.tgz 594ms (cache miss)
2518 http fetch GET 200 https://registry.npmjs.org/strnum/-/strnum-2.2.3.tgz 594ms (cache miss)
2519 http fetch GET 200 https://registry.npmjs.org/tar-stream/-/tar-stream-3.2.0.tgz 594ms (cache miss)
2520 http fetch GET 200 https://registry.npmjs.org/table/-/table-6.9.0.tgz 604ms (cache miss)
2521 http fetch GET 200 https://registry.npmjs.org/to-fast-properties/-/to-fast-properties-2.0.0.tgz 604ms (cache miss)
2522 http fetch GET 200 https://registry.npmjs.org/strip-ansi/-/strip-ansi-6.0.1.tgz 607ms (cache miss)
2523 http fetch GET 200 https://registry.npmjs.org/string.prototype.trimstart/-/string.prototype.trimstart-1.0.8.tgz 621ms (cache miss)
2524 http fetch GET 200 https://registry.npmjs.org/strip-ansi/-/strip-ansi-7.2.0.tgz 621ms (cache miss)
2525 http fetch GET 200 https://registry.npmjs.org/string-width/-/string-width-4.2.3.tgz 621ms (cache miss)
2526 http fetch GET 200 https://registry.npmjs.org/string_decoder/-/string_decoder-1.3.0.tgz 628ms (cache miss)
2527 http fetch GET 200 https://registry.npmjs.org/strip-indent/-/strip-indent-3.0.0.tgz 631ms (cache miss)
2528 http fetch GET 200 https://registry.npmjs.org/streamx/-/streamx-2.25.0.tgz 644ms (cache miss)
2529 http fetch GET 200 https://registry.npmjs.org/string.prototype.trimend/-/string.prototype.trimend-1.0.9.tgz 646ms (cache miss)
2530 http fetch GET 200 https://registry.npmjs.org/string.prototype.trim/-/string.prototype.trim-1.2.10.tgz 651ms (cache miss)
2531 http fetch GET 200 https://registry.npmjs.org/stream-browserify/-/stream-browserify-3.0.0.tgz 652ms (cache miss)
2532 http fetch GET 200 https://registry.npmjs.org/stop-iteration-iterator/-/stop-iteration-iterator-1.1.0.tgz 655ms (cache miss)
2533 http fetch GET 200 https://registry.npmjs.org/string-width/-/string-width-4.2.3.tgz 658ms (cache miss)
2534 http fetch GET 200 https://registry.npmjs.org/split2/-/split2-4.2.0.tgz 663ms (cache miss)
2535 http fetch GET 200 https://registry.npmjs.org/sponge-case/-/sponge-case-1.0.1.tgz 664ms (cache miss)
2536 http fetch GET 200 https://registry.npmjs.org/stdin-discarder/-/stdin-discarder-0.2.2.tgz 670ms (cache miss)
2537 http fetch GET 200 https://registry.npmjs.org/source-map-js/-/source-map-js-1.2.1.tgz 672ms (cache miss)
2538 http fetch GET 200 https://registry.npmjs.org/source-map-support/-/source-map-support-0.5.21.tgz 672ms (cache miss)
2539 http fetch GET 200 https://registry.npmjs.org/strip-final-newline/-/strip-final-newline-4.0.0.tgz 686ms (cache miss)
2540 http fetch GET 200 https://registry.npmjs.org/signedsource/-/signedsource-1.0.0.tgz 690ms (cache miss)
2541 http fetch GET 200 https://registry.npmjs.org/snake-case/-/snake-case-3.0.4.tgz 691ms (cache miss)
2542 http fetch GET 200 https://registry.npmjs.org/source-map/-/source-map-0.5.7.tgz 693ms (cache miss)
2543 http fetch GET 200 https://registry.npmjs.org/slice-ansi/-/slice-ansi-4.0.0.tgz 694ms (cache miss)
2544 http fetch GET 200 https://registry.npmjs.org/side-channel-list/-/side-channel-list-1.0.1.tgz 703ms (cache miss)
2545 http fetch GET 200 https://registry.npmjs.org/side-channel-map/-/side-channel-map-1.0.1.tgz 708ms (cache miss)
2546 http fetch GET 200 https://registry.npmjs.org/side-channel/-/side-channel-1.1.0.tgz 707ms (cache miss)
2547 http fetch GET 200 https://registry.npmjs.org/side-channel-weakmap/-/side-channel-weakmap-1.0.2.tgz 708ms (cache miss)
2548 http fetch GET 200 https://registry.npmjs.org/sqlstring/-/sqlstring-2.3.3.tgz 711ms (cache miss)
2549 http fetch GET 200 https://registry.npmjs.org/set-proto/-/set-proto-1.0.0.tgz 714ms (cache miss)
2550 http fetch GET 200 https://registry.npmjs.org/set-function-name/-/set-function-name-2.0.2.tgz 715ms (cache miss)
2551 http fetch GET 200 https://registry.npmjs.org/sucrase/-/sucrase-3.35.1.tgz 720ms (cache miss)
2552 http fetch GET 200 https://registry.npmjs.org/signal-exit/-/signal-exit-4.1.0.tgz 718ms (cache miss)
2553 http fetch GET 200 https://registry.npmjs.org/slash/-/slash-3.0.0.tgz 720ms (cache miss)
2554 http fetch GET 200 https://registry.npmjs.org/shebang-regex/-/shebang-regex-3.0.0.tgz 721ms (cache miss)
2555 http fetch GET 200 https://registry.npmjs.org/setimmediate/-/setimmediate-1.0.5.tgz 732ms (cache miss)
2556 http fetch GET 200 https://registry.npmjs.org/typescript/-/typescript-5.9.3.tgz 744ms (cache miss)
2557 http fetch GET 200 https://registry.npmjs.org/set-function-length/-/set-function-length-1.2.2.tgz 740ms (cache miss)
2558 http fetch GET 200 https://registry.npmjs.org/set-blocking/-/set-blocking-2.0.0.tgz 749ms (cache miss)
2559 http fetch GET 200 https://registry.npmjs.org/safe-push-apply/-/safe-push-apply-1.0.0.tgz 752ms (cache miss)
2560 http fetch GET 200 https://registry.npmjs.org/shebang-command/-/shebang-command-2.0.0.tgz 752ms (cache miss)
2561 http fetch GET 200 https://registry.npmjs.org/safer-buffer/-/safer-buffer-2.1.2.tgz 752ms (cache miss)
2562 http fetch GET 200 https://registry.npmjs.org/sentence-case/-/sentence-case-3.0.4.tgz 754ms (cache miss)
2563 http fetch GET 200 https://registry.npmjs.org/seq-queue/-/seq-queue-0.0.5.tgz 753ms (cache miss)
2564 http fetch GET 200 https://registry.npmjs.org/run-parallel/-/run-parallel-1.2.0.tgz 757ms (cache miss)
2565 http fetch GET 200 https://registry.npmjs.org/safe-array-concat/-/safe-array-concat-1.1.4.tgz 758ms (cache miss)
2566 http fetch GET 200 https://registry.npmjs.org/safe-buffer/-/safe-buffer-5.2.1.tgz 763ms (cache miss)
2567 http fetch GET 200 https://registry.npmjs.org/semver/-/semver-7.7.4.tgz 766ms (cache miss)
2568 http fetch GET 200 https://registry.npmjs.org/scheduler/-/scheduler-0.23.2.tgz 767ms (cache miss)
2569 http fetch GET 200 https://registry.npmjs.org/tailwindcss/-/tailwindcss-3.4.19.tgz 776ms (cache miss)
2570 http fetch GET 200 https://registry.npmjs.org/safe-regex-test/-/safe-regex-test-1.1.0.tgz 779ms (cache miss)
2571 http fetch GET 200 https://registry.npmjs.org/run-applescript/-/run-applescript-7.1.0.tgz 779ms (cache miss)
2572 http fetch GET 200 https://registry.npmjs.org/reusify/-/reusify-1.1.0.tgz 785ms (cache miss)
2573 http fetch GET 200 https://registry.npmjs.org/require-directory/-/require-directory-2.1.1.tgz 791ms (cache miss)
2574 http fetch GET 200 https://registry.npmjs.org/require-main-filename/-/require-main-filename-2.0.0.tgz 791ms (cache miss)
2575 http fetch GET 200 https://registry.npmjs.org/rimraf/-/rimraf-3.0.2.tgz 793ms (cache miss)
2576 warn deprecated rimraf@3.0.2: Rimraf versions prior to v4 are no longer supported
2577 http fetch GET 200 https://registry.npmjs.org/resolve-pkg-maps/-/resolve-pkg-maps-1.0.0.tgz 793ms (cache miss)
2578 http fetch GET 200 https://registry.npmjs.org/resolve-from/-/resolve-from-5.0.0.tgz 795ms (cache miss)
2579 http fetch GET 200 https://registry.npmjs.org/restore-cursor/-/restore-cursor-5.1.0.tgz 799ms (cache miss)
2580 http fetch GET 200 https://registry.npmjs.org/text-decoder/-/text-decoder-1.2.7.tgz 808ms (cache miss)
2581 http fetch GET 200 https://registry.npmjs.org/require-from-string/-/require-from-string-2.0.2.tgz 808ms (cache miss)
2582 http fetch GET 200 https://registry.npmjs.org/regenerator-runtime/-/regenerator-runtime-0.11.1.tgz 819ms (cache miss)
2583 http fetch GET 200 https://registry.npmjs.org/regexp.prototype.flags/-/regexp.prototype.flags-1.5.4.tgz 821ms (cache miss)
2584 http fetch GET 200 https://registry.npmjs.org/reflect.getprototypeof/-/reflect.getprototypeof-1.0.10.tgz 829ms (cache miss)
2585 http fetch GET 200 https://registry.npmjs.org/rollup/-/rollup-4.60.2.tgz 833ms (cache miss)
2586 http fetch GET 200 https://registry.npmjs.org/readdirp/-/readdirp-4.1.2.tgz 835ms (cache miss)
2587 http fetch GET 200 https://registry.npmjs.org/readdir-glob/-/readdir-glob-1.1.3.tgz 836ms (cache miss)
2588 http fetch GET 200 https://registry.npmjs.org/read-cache/-/read-cache-1.0.0.tgz 837ms (cache miss)
2589 http fetch GET 200 https://registry.npmjs.org/react-style-singleton/-/react-style-singleton-2.2.3.tgz 843ms (cache miss)
2590 http fetch GET 200 https://registry.npmjs.org/rechoir/-/rechoir-0.8.0.tgz 844ms (cache miss)
2591 http fetch GET 200 https://registry.npmjs.org/resolve/-/resolve-1.22.12.tgz 850ms (cache miss)
2592 http fetch GET 200 https://registry.npmjs.org/repeating/-/repeating-2.0.1.tgz 852ms (cache miss)
2593 http fetch GET 200 https://registry.npmjs.org/react-refresh/-/react-refresh-0.17.0.tgz 853ms (cache miss)
2594 http fetch GET 200 https://registry.npmjs.org/react-remove-scroll/-/react-remove-scroll-2.7.2.tgz 865ms (cache miss)
2595 http fetch GET 200 https://registry.npmjs.org/readable-stream/-/readable-stream-4.7.0.tgz 874ms (cache miss)
2596 http fetch GET 200 https://registry.npmjs.org/react-router/-/react-router-6.30.3.tgz 875ms (cache miss)
2597 http fetch GET 200 https://registry.npmjs.org/react-router-dom/-/react-router-dom-6.30.3.tgz 877ms (cache miss)
2598 http fetch GET 200 https://registry.npmjs.org/react-remove-scroll-bar/-/react-remove-scroll-bar-2.3.8.tgz 879ms (cache miss)
2599 http fetch GET 200 https://registry.npmjs.org/react/-/react-18.3.1.tgz 882ms (cache miss)
2600 http fetch GET 200 https://registry.npmjs.org/property-expr/-/property-expr-2.0.6.tgz 887ms (cache miss)
2601 http fetch GET 200 https://registry.npmjs.org/process-nextick-args/-/process-nextick-args-2.0.1.tgz 888ms (cache miss)
2602 http fetch GET 200 https://registry.npmjs.org/queue-microtask/-/queue-microtask-1.2.3.tgz 886ms (cache miss)
2603 http fetch GET 200 https://registry.npmjs.org/postgres-bytea/-/postgres-bytea-1.0.1.tgz 891ms (cache miss)
2604 http fetch GET 200 https://registry.npmjs.org/postgres-date/-/postgres-date-1.0.7.tgz 897ms (cache miss)
2605 http fetch GET 200 https://registry.npmjs.org/promise/-/promise-7.3.1.tgz 903ms (cache miss)
2606 http fetch GET 200 https://registry.npmjs.org/pretty-ms/-/pretty-ms-9.3.0.tgz 900ms (cache miss)
2607 http fetch GET 200 https://registry.npmjs.org/postgres-array/-/postgres-array-2.0.0.tgz 906ms (cache miss)
2608 http fetch GET 200 https://registry.npmjs.org/process/-/process-0.11.10.tgz 906ms (cache miss)
2609 http fetch GET 200 https://registry.npmjs.org/postcss-value-parser/-/postcss-value-parser-4.2.0.tgz 912ms (cache miss)
2610 http fetch GET 200 https://registry.npmjs.org/qrcode/-/qrcode-1.5.0.tgz 917ms (cache miss)
2611 http fetch GET 200 https://registry.npmjs.org/possible-typed-array-names/-/possible-typed-array-names-1.1.0.tgz 925ms (cache miss)
2612 http fetch GET 200 https://registry.npmjs.org/postcss-js/-/postcss-js-4.1.0.tgz 934ms (cache miss)
2613 http fetch GET 200 https://registry.npmjs.org/postgres-interval/-/postgres-interval-1.2.0.tgz 936ms (cache miss)
2614 http fetch GET 200 https://registry.npmjs.org/react-dom/-/react-dom-18.3.1.tgz 943ms (cache miss)
2615 http fetch GET 200 https://registry.npmjs.org/postcss-import/-/postcss-import-15.1.0.tgz 938ms (cache miss)
2616 http fetch GET 200 https://registry.npmjs.org/pluralize/-/pluralize-8.0.0.tgz 945ms (cache miss)
2617 http fetch GET 200 https://registry.npmjs.org/pirates/-/pirates-4.0.7.tgz 946ms (cache miss)
2618 http fetch GET 200 https://registry.npmjs.org/postcss-nested/-/postcss-nested-6.2.0.tgz 946ms (cache miss)
2619 http fetch GET 200 https://registry.npmjs.org/postcss-selector-parser/-/postcss-selector-parser-6.1.2.tgz 954ms (cache miss)
2620 http fetch GET 200 https://registry.npmjs.org/pg-types/-/pg-types-2.2.0.tgz 954ms (cache miss)
2621 http fetch GET 200 https://registry.npmjs.org/picocolors/-/picocolors-1.1.1.tgz 957ms (cache miss)
2622 http fetch GET 200 https://registry.npmjs.org/picomatch/-/picomatch-4.0.4.tgz 958ms (cache miss)
2623 http fetch GET 200 https://registry.npmjs.org/postcss/-/postcss-8.5.12.tgz 960ms (cache miss)
2624 http fetch GET 200 https://registry.npmjs.org/pg-pool/-/pg-pool-3.13.0.tgz 966ms (cache miss)
2625 http fetch GET 200 https://registry.npmjs.org/pg-int8/-/pg-int8-1.0.1.tgz 974ms (cache miss)
2626 http fetch GET 200 https://registry.npmjs.org/pg-connection-string/-/pg-connection-string-2.5.0.tgz 975ms (cache miss)
2627 http fetch GET 200 https://registry.npmjs.org/pify/-/pify-2.3.0.tgz 975ms (cache miss)
2628 http fetch GET 200 https://registry.npmjs.org/pg-cloudflare/-/pg-cloudflare-1.3.0.tgz 978ms (cache miss)
2629 http fetch GET 200 https://registry.npmjs.org/path-type/-/path-type-4.0.0.tgz 978ms (cache miss)
2630 http fetch GET 200 https://registry.npmjs.org/path-root-regex/-/path-root-regex-0.1.2.tgz 978ms (cache miss)
2631 http fetch GET 200 https://registry.npmjs.org/relay-runtime/-/relay-runtime-12.0.0.tgz 993ms (cache miss)
2632 http fetch GET 200 https://registry.npmjs.org/pngjs/-/pngjs-5.0.0.tgz 987ms (cache miss)
2633 http fetch GET 200 https://registry.npmjs.org/pg-protocol/-/pg-protocol-1.13.0.tgz 987ms (cache miss)
2634 http fetch GET 200 https://registry.npmjs.org/path-key/-/path-key-3.1.1.tgz 989ms (cache miss)
2635 http fetch GET 200 https://registry.npmjs.org/pg/-/pg-8.11.6.tgz 994ms (cache miss)
2636 http fetch GET 200 https://registry.npmjs.org/path-parse/-/path-parse-1.0.7.tgz 995ms (cache miss)
2637 http fetch GET 200 https://registry.npmjs.org/pgpass/-/pgpass-1.0.5.tgz 999ms (cache miss)
2638 http fetch GET 200 https://registry.npmjs.org/path-root/-/path-root-0.1.1.tgz 1002ms (cache miss)
2639 http fetch GET 200 https://registry.npmjs.org/path-exists/-/path-exists-4.0.0.tgz 1003ms (cache miss)
2640 http fetch GET 200 https://registry.npmjs.org/path-is-absolute/-/path-is-absolute-1.0.1.tgz 1008ms (cache miss)
2641 http fetch GET 200 https://registry.npmjs.org/parse-gitignore/-/parse-gitignore-2.0.0.tgz 1009ms (cache miss)
2642 http fetch GET 200 https://registry.npmjs.org/parse-ms/-/parse-ms-4.0.0.tgz 1011ms (cache miss)
2643 http fetch GET 200 https://registry.npmjs.org/path-expression-matcher/-/path-expression-matcher-1.5.0.tgz 1019ms (cache miss)
2644 http fetch GET 200 https://registry.npmjs.org/pascal-case/-/pascal-case-3.1.2.tgz 1018ms (cache miss)
2645 http fetch GET 200 https://registry.npmjs.org/path-case/-/path-case-3.0.4.tgz 1022ms (cache miss)
2646 http fetch GET 200 https://registry.npmjs.org/path-scurry/-/path-scurry-2.0.2.tgz 1025ms (cache miss)
2647 http fetch GET 200 https://registry.npmjs.org/parse-filepath/-/parse-filepath-1.0.2.tgz 1025ms (cache miss)
2648 http fetch GET 200 https://registry.npmjs.org/param-case/-/param-case-3.0.4.tgz 1032ms (cache miss)
2649 http fetch GET 200 https://registry.npmjs.org/p-try/-/p-try-2.2.0.tgz 1032ms (cache miss)
2650 http fetch GET 200 https://registry.npmjs.org/prettier/-/prettier-3.8.3.tgz 1039ms (cache miss)
2651 http fetch GET 200 https://registry.npmjs.org/own-keys/-/own-keys-1.0.1.tgz 1037ms (cache miss)
2652 http fetch GET 200 https://registry.npmjs.org/p-locate/-/p-locate-4.1.0.tgz 1039ms (cache miss)
2653 http fetch GET 200 https://registry.npmjs.org/package-json-from-dist/-/package-json-from-dist-1.0.1.tgz 1041ms (cache miss)
2654 http fetch GET 200 https://registry.npmjs.org/ora/-/ora-8.2.0.tgz 1043ms (cache miss)
2655 http fetch GET 200 https://registry.npmjs.org/onetime/-/onetime-7.0.0.tgz 1043ms (cache miss)
2656 http fetch GET 200 https://registry.npmjs.org/react-hook-form/-/react-hook-form-7.53.2.tgz 1056ms (cache miss)
2657 http fetch GET 200 https://registry.npmjs.org/open/-/open-10.2.0.tgz 1050ms (cache miss)
2658 http fetch GET 200 https://registry.npmjs.org/once/-/once-1.4.0.tgz 1052ms (cache miss)
2659 http fetch GET 200 https://registry.npmjs.org/p-limit/-/p-limit-3.1.0.tgz 1059ms (cache miss)
2660 http fetch GET 200 https://registry.npmjs.org/object.assign/-/object.assign-4.1.7.tgz 1063ms (cache miss)
2661 http fetch GET 200 https://registry.npmjs.org/object-keys/-/object-keys-1.1.1.tgz 1068ms (cache miss)
2662 http fetch GET 200 https://registry.npmjs.org/object-hash/-/object-hash-3.0.0.tgz 1069ms (cache miss)
2663 http fetch GET 200 https://registry.npmjs.org/npm-run-path/-/npm-run-path-6.0.0.tgz 1069ms (cache miss)
2664 http fetch GET 200 https://registry.npmjs.org/nullthrows/-/nullthrows-1.1.1.tgz 1071ms (cache miss)
2665 http fetch GET 200 https://registry.npmjs.org/node-releases/-/node-releases-2.0.38.tgz 1072ms (cache miss)
2666 http fetch GET 200 https://registry.npmjs.org/object-inspect/-/object-inspect-1.13.4.tgz 1076ms (cache miss)
2667 http fetch GET 200 https://registry.npmjs.org/node-int64/-/node-int64-0.4.0.tgz 1083ms (cache miss)
2668 http fetch GET 200 https://registry.npmjs.org/object-assign/-/object-assign-4.1.1.tgz 1084ms (cache miss)
2669 http fetch GET 200 https://registry.npmjs.org/normalize-path/-/normalize-path-3.0.0.tgz 1086ms (cache miss)
2670 http fetch GET 200 https://registry.npmjs.org/node-addon-api/-/node-addon-api-7.1.1.tgz 1086ms (cache miss)
2671 http fetch GET 200 https://registry.npmjs.org/zod/-/zod-3.25.17.tgz 1118ms (cache miss)
2672 http fetch GET 200 https://registry.npmjs.org/nanoclone/-/nanoclone-0.2.1.tgz 1088ms (cache miss)
2673 http fetch GET 200 https://registry.npmjs.org/node-fetch/-/node-fetch-3.3.2.tgz 1096ms (cache miss)
2674 http fetch GET 200 https://registry.npmjs.org/node-domexception/-/node-domexception-1.0.0.tgz 1102ms (cache miss)
2675 warn deprecated node-domexception@1.0.0: Use your platform's native DOMException instead
2676 http fetch GET 200 https://registry.npmjs.org/neo-async/-/neo-async-2.6.2.tgz 1110ms (cache miss)
2677 http fetch GET 200 https://registry.npmjs.org/mz/-/mz-2.7.0.tgz 1112ms (cache miss)
2678 http fetch GET 200 https://registry.npmjs.org/no-case/-/no-case-3.0.4.tgz 1112ms (cache miss)
2679 http fetch GET 200 https://registry.npmjs.org/nanoid/-/nanoid-3.3.11.tgz 1114ms (cache miss)
2680 http fetch GET 200 https://registry.npmjs.org/named-placeholders/-/named-placeholders-1.1.6.tgz 1114ms (cache miss)
2681 http fetch GET 200 https://registry.npmjs.org/ms/-/ms-2.1.3.tgz 1138ms (cache miss)
2682 http fetch GET 200 https://registry.npmjs.org/mimic-function/-/mimic-function-5.0.1.tgz 1137ms (cache miss)
2683 http fetch GET 200 https://registry.npmjs.org/mute-stream/-/mute-stream-2.0.0.tgz 1139ms (cache miss)
2684 http fetch GET 200 https://registry.npmjs.org/min-indent/-/min-indent-1.0.1.tgz 1138ms (cache miss)
2685 http fetch GET 200 https://registry.npmjs.org/merge2/-/merge2-1.4.1.tgz 1138ms (cache miss)
2686 http fetch GET 200 https://registry.npmjs.org/mimic-fn/-/mimic-fn-2.1.0.tgz 1139ms (cache miss)
2687 http fetch GET 200 https://registry.npmjs.org/mime/-/mime-2.6.0.tgz 1138ms (cache miss)
2688 http fetch GET 200 https://registry.npmjs.org/minimist/-/minimist-1.2.8.tgz 1143ms (cache miss)
2689 http fetch GET 200 https://registry.npmjs.org/lru-cache/-/lru-cache-5.1.1.tgz 1159ms (cache miss)
2690 http fetch GET 200 https://registry.npmjs.org/md5/-/md5-2.3.0.tgz 1159ms (cache miss)
2691 http fetch GET 200 https://registry.npmjs.org/micromatch/-/micromatch-4.0.8.tgz 1159ms (cache miss)
2692 http fetch GET 200 https://registry.npmjs.org/minipass/-/minipass-7.1.3.tgz 1160ms (cache miss)
2693 http fetch GET 200 https://registry.npmjs.org/lower-case-first/-/lower-case-first-2.0.2.tgz 1161ms (cache miss)
2694 http fetch GET 200 https://registry.npmjs.org/minimatch/-/minimatch-10.0.1.tgz 1169ms (cache miss)
2695 http fetch GET 200 https://registry.npmjs.org/loose-envify/-/loose-envify-1.4.0.tgz 1170ms (cache miss)
2696 http fetch GET 200 https://registry.npmjs.org/math-intrinsics/-/math-intrinsics-1.1.0.tgz 1177ms (cache miss)
2697 http fetch GET 200 https://registry.npmjs.org/lru.min/-/lru.min-1.1.4.tgz 1180ms (cache miss)
2698 http fetch GET 200 https://registry.npmjs.org/lodash.truncate/-/lodash.truncate-4.4.2.tgz 1186ms (cache miss)
2699 http fetch GET 200 https://registry.npmjs.org/lodash.snakecase/-/lodash.snakecase-4.1.1.tgz 1186ms (cache miss)
2700 http fetch GET 200 https://registry.npmjs.org/map-cache/-/map-cache-0.2.2.tgz 1186ms (cache miss)
2701 http fetch GET 200 https://registry.npmjs.org/log-symbols/-/log-symbols-6.0.0.tgz 1186ms (cache miss)
2702 http fetch GET 200 https://registry.npmjs.org/long/-/long-5.3.2.tgz 1186ms (cache miss)
2703 http fetch GET 200 https://registry.npmjs.org/mysql2/-/mysql2-3.9.9.tgz 1191ms (cache miss)
2704 http fetch GET 200 https://registry.npmjs.org/lazystream/-/lazystream-1.0.1.tgz 1188ms (cache miss)
2705 http fetch GET 200 https://registry.npmjs.org/lines-and-columns/-/lines-and-columns-1.2.4.tgz 1192ms (cache miss)
2706 http fetch GET 200 https://registry.npmjs.org/locate-path/-/locate-path-5.0.0.tgz 1194ms (cache miss)
2707 http fetch GET 200 https://registry.npmjs.org/lodash.mergewith/-/lodash.mergewith-4.6.2.tgz 1194ms (cache miss)
2708 http fetch GET 200 https://registry.npmjs.org/lower-case/-/lower-case-2.0.2.tgz 1210ms (cache miss)
2709 http fetch GET 200 https://registry.npmjs.org/lilconfig/-/lilconfig-3.1.3.tgz 1209ms (cache miss)
2710 http fetch GET 200 https://registry.npmjs.org/jsonfile/-/jsonfile-4.0.0.tgz 1218ms (cache miss)
2711 http fetch GET 200 https://registry.npmjs.org/kleur/-/kleur-4.1.5.tgz 1219ms (cache miss)
2712 http fetch GET 200 https://registry.npmjs.org/js-cookie/-/js-cookie-3.0.5.tgz 1229ms (cache miss)
2713 http fetch GET 200 https://registry.npmjs.org/js-tokens/-/js-tokens-4.0.0.tgz 1229ms (cache miss)
2714 http fetch GET 200 https://registry.npmjs.org/json-schema-traverse/-/json-schema-traverse-1.0.0.tgz 1229ms (cache miss)
2715 http fetch GET 200 https://registry.npmjs.org/jsesc/-/jsesc-2.5.2.tgz 1229ms (cache miss)
2716 http fetch GET 200 https://registry.npmjs.org/is-weakset/-/is-weakset-2.0.4.tgz 1240ms (cache miss)
2717 http fetch GET 200 https://registry.npmjs.org/isexe/-/isexe-2.0.0.tgz 1240ms (cache miss)
2718 http fetch GET 200 https://registry.npmjs.org/is-wsl/-/is-wsl-3.1.1.tgz 1242ms (cache miss)
2719 http fetch GET 200 https://registry.npmjs.org/is-windows/-/is-windows-1.0.2.tgz 1248ms (cache miss)
2720 http fetch GET 200 https://registry.npmjs.org/json5/-/json5-2.2.3.tgz 1252ms (cache miss)
2721 http fetch GET 200 https://registry.npmjs.org/isarray/-/isarray-2.0.5.tgz 1260ms (cache miss)
2722 http fetch GET 200 https://registry.npmjs.org/is-weakref/-/is-weakref-1.1.1.tgz 1266ms (cache miss)
2723 http fetch GET 200 https://registry.npmjs.org/is-unicode-supported/-/is-unicode-supported-2.1.0.tgz 1270ms (cache miss)
2724 http fetch GET 200 https://registry.npmjs.org/is-typed-array/-/is-typed-array-1.1.15.tgz 1272ms (cache miss)
2725 http fetch GET 200 https://registry.npmjs.org/is-upper-case/-/is-upper-case-2.0.2.tgz 1272ms (cache miss)
2726 http fetch GET 200 https://registry.npmjs.org/is-string/-/is-string-1.1.1.tgz 1273ms (cache miss)
2727 http fetch GET 200 https://registry.npmjs.org/jackspeak/-/jackspeak-4.2.3.tgz 1279ms (cache miss)
2728 http fetch GET 200 https://registry.npmjs.org/is-stream/-/is-stream-2.0.1.tgz 1280ms (cache miss)
2729 http fetch GET 200 https://registry.npmjs.org/is-weakmap/-/is-weakmap-2.0.2.tgz 1282ms (cache miss)
2730 http fetch GET 200 https://registry.npmjs.org/is-relative/-/is-relative-1.0.0.tgz 1281ms (cache miss)
2731 http fetch GET 200 https://registry.npmjs.org/is-symbol/-/is-symbol-1.1.1.tgz 1283ms (cache miss)
2732 http fetch GET 200 https://registry.npmjs.org/is-regex/-/is-regex-1.2.1.tgz 1283ms (cache miss)
2733 http fetch GET 200 https://registry.npmjs.org/is-unc-path/-/is-unc-path-1.0.0.tgz 1284ms (cache miss)
2734 http fetch GET 200 https://registry.npmjs.org/is-shared-array-buffer/-/is-shared-array-buffer-1.0.4.tgz 1295ms (cache miss)
2735 http fetch GET 200 https://registry.npmjs.org/lodash-es/-/lodash-es-4.18.1.tgz 1309ms (cache miss)
2736 http fetch GET 200 https://registry.npmjs.org/is-lower-case/-/is-lower-case-2.0.2.tgz 1306ms (cache miss)
2737 http fetch GET 200 https://registry.npmjs.org/is-set/-/is-set-2.0.3.tgz 1310ms (cache miss)
2738 http fetch GET 200 https://registry.npmjs.org/jiti/-/jiti-1.21.7.tgz 1312ms (cache miss)
2739 http fetch GET 200 https://registry.npmjs.org/is-plain-obj/-/is-plain-obj-4.1.0.tgz 1310ms (cache miss)
2740 http fetch GET 200 https://registry.npmjs.org/is-number-object/-/is-number-object-1.1.1.tgz 1313ms (cache miss)
2741 http fetch GET 200 https://registry.npmjs.org/is-negative-zero/-/is-negative-zero-2.0.3.tgz 1313ms (cache miss)
2742 http fetch GET 200 https://registry.npmjs.org/is-map/-/is-map-2.0.3.tgz 1314ms (cache miss)
2743 http fetch GET 200 https://registry.npmjs.org/is-number/-/is-number-7.0.0.tgz 1314ms (cache miss)
2744 http fetch GET 200 https://registry.npmjs.org/is-inside-container/-/is-inside-container-1.0.0.tgz 1316ms (cache miss)
2745 http fetch GET 200 https://registry.npmjs.org/is-glob/-/is-glob-4.0.3.tgz 1322ms (cache miss)
2746 http fetch GET 200 https://registry.npmjs.org/is-finalizationregistry/-/is-finalizationregistry-1.1.1.tgz 1323ms (cache miss)
2747 http fetch GET 200 https://registry.npmjs.org/is-property/-/is-property-1.0.2.tgz 1323ms (cache miss)
2748 http fetch GET 200 https://registry.npmjs.org/is-generator-function/-/is-generator-function-1.1.2.tgz 1323ms (cache miss)
2749 http fetch GET 200 https://registry.npmjs.org/is-interactive/-/is-interactive-2.0.0.tgz 1325ms (cache miss)
2750 http fetch GET 200 https://registry.npmjs.org/is-finite/-/is-finite-1.1.0.tgz 1340ms (cache miss)
2751 http fetch GET 200 https://registry.npmjs.org/is-docker/-/is-docker-3.0.0.tgz 1346ms (cache miss)
2752 http fetch GET 200 https://registry.npmjs.org/is-data-view/-/is-data-view-1.0.2.tgz 1350ms (cache miss)
2753 http fetch GET 200 https://registry.npmjs.org/is-extglob/-/is-extglob-2.1.1.tgz 1353ms (cache miss)
2754 http fetch GET 200 https://registry.npmjs.org/is-callable/-/is-callable-1.2.7.tgz 1357ms (cache miss)
2755 http fetch GET 200 https://registry.npmjs.org/is-date-object/-/is-date-object-1.1.0.tgz 1357ms (cache miss)
2756 http fetch GET 200 https://registry.npmjs.org/is-boolean-object/-/is-boolean-object-1.2.2.tgz 1356ms (cache miss)
2757 http fetch GET 200 https://registry.npmjs.org/is-buffer/-/is-buffer-1.1.6.tgz 1357ms (cache miss)
2758 http fetch GET 200 https://registry.npmjs.org/is-ci/-/is-ci-4.1.0.tgz 1357ms (cache miss)
2759 http fetch GET 200 https://registry.npmjs.org/knex/-/knex-2.4.2.tgz 1364ms (cache miss)
2760 http fetch GET 200 https://registry.npmjs.org/is-fullwidth-code-point/-/is-fullwidth-code-point-3.0.0.tgz 1360ms (cache miss)
2761 http fetch GET 200 https://registry.npmjs.org/is-binary-path/-/is-binary-path-2.1.0.tgz 1363ms (cache miss)
2762 http fetch GET 200 https://registry.npmjs.org/is-async-function/-/is-async-function-2.1.1.tgz 1364ms (cache miss)
2763 http fetch GET 200 https://registry.npmjs.org/is-core-module/-/is-core-module-2.16.1.tgz 1366ms (cache miss)
2764 http fetch GET 200 https://registry.npmjs.org/is-bigint/-/is-bigint-1.1.0.tgz 1376ms (cache miss)
2765 http fetch GET 200 https://registry.npmjs.org/is-array-buffer/-/is-array-buffer-3.0.5.tgz 1377ms (cache miss)
2766 http fetch GET 200 https://registry.npmjs.org/is-absolute/-/is-absolute-1.0.0.tgz 1382ms (cache miss)
2767 http fetch GET 200 https://registry.npmjs.org/import-from/-/import-from-4.0.0.tgz 1398ms (cache miss)
2768 http fetch GET 200 https://registry.npmjs.org/invariant/-/invariant-2.2.4.tgz 1400ms (cache miss)
2769 http fetch GET 200 https://registry.npmjs.org/interpret/-/interpret-2.2.0.tgz 1400ms (cache miss)
2770 http fetch GET 200 https://registry.npmjs.org/internal-slot/-/internal-slot-1.1.0.tgz 1400ms (cache miss)
2771 http fetch GET 200 https://registry.npmjs.org/inherits/-/inherits-2.0.4.tgz 1400ms (cache miss)
2772 http fetch GET 200 https://registry.npmjs.org/inflight/-/inflight-1.0.6.tgz 1402ms (cache miss)
2773 warn deprecated inflight@1.0.6: This module is not supported, and leaks memory. Do not use it. Check out lru-cache if you want a good and tested way to coalesce async requests by a key value, which is much more comprehensive and powerful.
2774 http fetch GET 200 https://registry.npmjs.org/ieee754/-/ieee754-1.2.1.tgz 1406ms (cache miss)
2775 http fetch GET 200 https://registry.npmjs.org/immutable/-/immutable-3.7.6.tgz 1410ms (cache miss)
2776 http fetch GET 200 https://registry.npmjs.org/ignore/-/ignore-5.3.2.tgz 1411ms (cache miss)
2777 http fetch GET 200 https://registry.npmjs.org/inflected/-/inflected-2.1.0.tgz 1418ms (cache miss)
2778 http fetch GET 200 https://registry.npmjs.org/header-case/-/header-case-2.0.4.tgz 1421ms (cache miss)
2779 http fetch GET 200 https://registry.npmjs.org/hjson/-/hjson-3.2.2.tgz 1422ms (cache miss)
2780 http fetch GET 200 https://registry.npmjs.org/iconv-lite/-/iconv-lite-0.7.2.tgz 1427ms (cache miss)
2781 http fetch GET 200 https://registry.npmjs.org/has-proto/-/has-proto-1.2.0.tgz 1437ms (cache miss)
2782 http fetch GET 200 https://registry.npmjs.org/human-signals/-/human-signals-8.0.1.tgz 1439ms (cache miss)
2783 http fetch GET 200 https://registry.npmjs.org/hasown/-/hasown-2.0.3.tgz 1439ms (cache miss)
2784 http fetch GET 200 https://registry.npmjs.org/lodash/-/lodash-4.18.1.tgz 1454ms (cache miss)
2785 http fetch GET 200 https://registry.npmjs.org/has-tostringtag/-/has-tostringtag-1.0.2.tgz 1447ms (cache miss)
2786 http fetch GET 200 https://registry.npmjs.org/has-bigints/-/has-bigints-1.1.0.tgz 1447ms (cache miss)
2787 http fetch GET 200 https://registry.npmjs.org/has-flag/-/has-flag-4.0.0.tgz 1447ms (cache miss)
2788 http fetch GET 200 https://registry.npmjs.org/has-symbols/-/has-symbols-1.1.0.tgz 1450ms (cache miss)
2789 http fetch GET 200 https://registry.npmjs.org/immer/-/immer-9.0.6.tgz 1457ms (cache miss)
2790 http fetch GET 200 https://registry.npmjs.org/graphql-tag/-/graphql-tag-2.12.6.tgz 1459ms (cache miss)
2791 http fetch GET 200 https://registry.npmjs.org/graceful-fs/-/graceful-fs-4.2.11.tgz 1461ms (cache miss)
2792 http fetch GET 200 https://registry.npmjs.org/glob-parent/-/glob-parent-5.1.2.tgz 1464ms (cache miss)
2793 http fetch GET 200 https://registry.npmjs.org/gopd/-/gopd-1.2.0.tgz 1470ms (cache miss)
2794 http fetch GET 200 https://registry.npmjs.org/graphql-mapping-template/-/graphql-mapping-template-5.0.2.tgz 1474ms (cache miss)
2795 http fetch GET 200 https://registry.npmjs.org/idb/-/idb-5.0.6.tgz 1477ms (cache miss)
2796 http fetch GET 200 https://registry.npmjs.org/graphql-transformer-common/-/graphql-transformer-common-4.34.0.tgz 1476ms (cache miss)
2797 http fetch GET 200 https://registry.npmjs.org/globalthis/-/globalthis-1.0.4.tgz 1484ms (cache miss)
2798 http fetch GET 200 https://registry.npmjs.org/globby/-/globby-11.1.0.tgz 1508ms (cache miss)
2799 http fetch GET 200 https://registry.npmjs.org/has-property-descriptors/-/has-property-descriptors-1.0.2.tgz 1508ms (cache miss)
2800 http fetch GET 200 https://registry.npmjs.org/get-stream/-/get-stream-9.0.1.tgz 1510ms (cache miss)
2801 http fetch GET 200 https://registry.npmjs.org/get-east-asian-width/-/get-east-asian-width-1.5.0.tgz 1509ms (cache miss)
2802 http fetch GET 200 https://registry.npmjs.org/getopts/-/getopts-2.3.0.tgz 1511ms (cache miss)
2803 http fetch GET 200 https://registry.npmjs.org/get-symbol-description/-/get-symbol-description-1.1.0.tgz 1511ms (cache miss)
2804 http fetch GET 200 https://registry.npmjs.org/get-proto/-/get-proto-1.0.1.tgz 1511ms (cache miss)
2805 http fetch GET 200 https://registry.npmjs.org/get-intrinsic/-/get-intrinsic-1.3.0.tgz 1511ms (cache miss)
2806 http fetch GET 200 https://registry.npmjs.org/get-nonce/-/get-nonce-1.0.1.tgz 1511ms (cache miss)
2807 http fetch GET 200 https://registry.npmjs.org/get-tsconfig/-/get-tsconfig-4.14.0.tgz 1513ms (cache miss)
2808 http fetch GET 200 https://registry.npmjs.org/generator-function/-/generator-function-2.0.1.tgz 1515ms (cache miss)
2809 http fetch GET 200 https://registry.npmjs.org/get-caller-file/-/get-caller-file-2.0.5.tgz 1516ms (cache miss)
2810 http fetch GET 200 https://registry.npmjs.org/glob/-/glob-11.1.0.tgz 1522ms (cache miss)
2811 warn deprecated glob@11.1.0: Old versions of glob are not supported, and contain widely publicized security vulnerabilities, which have been fixed in the current version. Please update. Support for old versions may be purchased (at exorbitant rates) by contacting i@izs.me
2812 http fetch GET 200 https://registry.npmjs.org/gensync/-/gensync-1.0.0-beta.2.tgz 1535ms (cache miss)
2813 http fetch GET 200 https://registry.npmjs.org/get-package-type/-/get-package-type-0.1.0.tgz 1535ms (cache miss)
2814 http fetch GET 200 https://registry.npmjs.org/handlebars/-/handlebars-4.7.7.tgz 1542ms (cache miss)
2815 http fetch GET 200 https://registry.npmjs.org/functions-have-names/-/functions-have-names-1.2.3.tgz 1541ms (cache miss)
2816 http fetch GET 200 https://registry.npmjs.org/function-bind/-/function-bind-1.1.2.tgz 1543ms (cache miss)
2817 http fetch GET 200 https://registry.npmjs.org/generate-function/-/generate-function-2.3.1.tgz 1545ms (cache miss)
2818 http fetch GET 200 https://registry.npmjs.org/find-up/-/find-up-4.1.0.tgz 1545ms (cache miss)
2819 http fetch GET 200 https://registry.npmjs.org/fs.realpath/-/fs.realpath-1.0.0.tgz 1551ms (cache miss)
2820 http fetch GET 200 https://registry.npmjs.org/function.prototype.name/-/function.prototype.name-1.1.8.tgz 1551ms (cache miss)
2821 http fetch GET 200 https://registry.npmjs.org/fsevents/-/fsevents-2.3.3.tgz 1552ms (cache miss)
2822 http fetch GET 200 https://registry.npmjs.org/formdata-polyfill/-/formdata-polyfill-4.0.10.tgz 1552ms (cache miss)
2823 http fetch GET 200 https://registry.npmjs.org/fraction.js/-/fraction.js-5.3.4.tgz 1558ms (cache miss)
2824 http fetch GET 200 https://registry.npmjs.org/figures/-/figures-6.1.0.tgz 1558ms (cache miss)
2825 http fetch GET 200 https://registry.npmjs.org/for-each/-/for-each-0.3.5.tgz 1562ms (cache miss)
2826 http fetch GET 200 https://registry.npmjs.org/foreground-child/-/foreground-child-3.3.1.tgz 1573ms (cache miss)
2827 http fetch GET 200 https://registry.npmjs.org/fs-extra/-/fs-extra-8.1.0.tgz 1574ms (cache miss)
2828 http fetch GET 200 https://registry.npmjs.org/fdir/-/fdir-6.5.0.tgz 1602ms (cache miss)
2829 http fetch GET 200 https://registry.npmjs.org/fetch-blob/-/fetch-blob-3.2.0.tgz 1604ms (cache miss)
2830 http fetch GET 200 https://registry.npmjs.org/fbjs-css-vars/-/fbjs-css-vars-1.0.2.tgz 1604ms (cache miss)
2831 http fetch GET 200 https://registry.npmjs.org/fastq/-/fastq-1.20.1.tgz 1605ms (cache miss)
2832 http fetch GET 200 https://registry.npmjs.org/fill-range/-/fill-range-7.1.1.tgz 1605ms (cache miss)
2833 http fetch GET 200 https://registry.npmjs.org/fast-deep-equal/-/fast-deep-equal-3.1.3.tgz 1604ms (cache miss)
2834 http fetch GET 200 https://registry.npmjs.org/fast-fifo/-/fast-fifo-1.3.2.tgz 1604ms (cache miss)
2835 http fetch GET 200 https://registry.npmjs.org/events-universal/-/events-universal-1.0.1.tgz 1605ms (cache miss)
2836 http fetch GET 200 https://registry.npmjs.org/fb-watchman/-/fb-watchman-2.0.2.tgz 1606ms (cache miss)
2837 http fetch GET 200 https://registry.npmjs.org/fast-xml-builder/-/fast-xml-builder-1.1.5.tgz 1610ms (cache miss)
2838 http fetch GET 200 https://registry.npmjs.org/events/-/events-3.3.0.tgz 1616ms (cache miss)
2839 http fetch GET 200 https://registry.npmjs.org/fast-uri/-/fast-uri-3.1.0.tgz 1618ms (cache miss)
2840 http fetch GET 200 https://registry.npmjs.org/escape-string-regexp/-/escape-string-regexp-1.0.5.tgz 1650ms (cache miss)
2841 http fetch GET 200 https://registry.npmjs.org/es-shim-unscopables/-/es-shim-unscopables-1.1.0.tgz 1650ms (cache miss)
2842 http fetch GET 200 https://registry.npmjs.org/es-set-tostringtag/-/es-set-tostringtag-2.1.0.tgz 1651ms (cache miss)
2843 http fetch GET 200 https://registry.npmjs.org/esutils/-/esutils-2.0.3.tgz 1652ms (cache miss)
2844 http fetch GET 200 https://registry.npmjs.org/escalade/-/escalade-3.2.0.tgz 1652ms (cache miss)
2845 http fetch GET 200 https://registry.npmjs.org/esbuild/-/esbuild-0.25.12.tgz 1653ms (cache miss)
2846 http fetch GET 200 https://registry.npmjs.org/es-define-property/-/es-define-property-1.0.1.tgz 1654ms (cache miss)
2847 http fetch GET 200 https://registry.npmjs.org/es-errors/-/es-errors-1.3.0.tgz 1654ms (cache miss)
2848 http fetch GET 200 https://registry.npmjs.org/encode-utf8/-/encode-utf8-1.0.3.tgz 1656ms (cache miss)
2849 http fetch GET 200 https://registry.npmjs.org/envinfo/-/envinfo-7.21.0.tgz 1656ms (cache miss)
2850 http fetch GET 200 https://registry.npmjs.org/event-target-shim/-/event-target-shim-5.0.1.tgz 1659ms (cache miss)
2851 http fetch GET 200 https://registry.npmjs.org/esm/-/esm-3.2.25.tgz 1662ms (cache miss)
2852 http fetch GET 200 https://registry.npmjs.org/es-to-primitive/-/es-to-primitive-1.3.0.tgz 1661ms (cache miss)
2853 http fetch GET 200 https://registry.npmjs.org/eastasianwidth/-/eastasianwidth-0.2.0.tgz 1670ms (cache miss)
2854 http fetch GET 200 https://registry.npmjs.org/fast-glob/-/fast-glob-3.3.3.tgz 1675ms (cache miss)
2855 http fetch GET 200 https://registry.npmjs.org/dlv/-/dlv-1.1.3.tgz 1674ms (cache miss)
2856 http fetch GET 200 https://registry.npmjs.org/dijkstrajs/-/dijkstrajs-1.0.3.tgz 1674ms (cache miss)
2857 http fetch GET 200 https://registry.npmjs.org/dunder-proto/-/dunder-proto-1.0.1.tgz 1674ms (cache miss)
2858 http fetch GET 200 https://registry.npmjs.org/electron-to-chromium/-/electron-to-chromium-1.5.345.tgz 1679ms (cache miss)
2859 http fetch GET 200 https://registry.npmjs.org/detect-node-es/-/detect-node-es-1.1.0.tgz 1681ms (cache miss)
2860 http fetch GET 200 https://registry.npmjs.org/es-object-atoms/-/es-object-atoms-1.1.1.tgz 1681ms (cache miss)
2861 http fetch GET 200 https://registry.npmjs.org/detect-libc/-/detect-libc-2.1.2.tgz 1681ms (cache miss)
2862 http fetch GET 200 https://registry.npmjs.org/didyoumean/-/didyoumean-1.2.2.tgz 1682ms (cache miss)
2863 http fetch GET 200 https://registry.npmjs.org/fast-xml-parser/-/fast-xml-parser-5.7.2.tgz 1694ms (cache miss)
2864 http fetch GET 200 https://registry.npmjs.org/detect-indent/-/detect-indent-4.0.0.tgz 1694ms (cache miss)
2865 http fetch GET 200 https://registry.npmjs.org/emoji-regex/-/emoji-regex-8.0.0.tgz 1695ms (cache miss)
2866 http fetch GET 200 https://registry.npmjs.org/denque/-/denque-2.1.0.tgz 1695ms (cache miss)
2867 http fetch GET 200 https://registry.npmjs.org/define-properties/-/define-properties-1.2.1.tgz 1695ms (cache miss)
2868 http fetch GET 200 https://registry.npmjs.org/dependency-graph/-/dependency-graph-0.11.0.tgz 1695ms (cache miss)
2869 http fetch GET 200 https://registry.npmjs.org/decamelize/-/decamelize-1.2.0.tgz 1739ms (cache miss)
2870 http fetch GET 200 https://registry.npmjs.org/define-lazy-prop/-/define-lazy-prop-3.0.0.tgz 1739ms (cache miss)
2871 http fetch GET 200 https://registry.npmjs.org/dir-glob/-/dir-glob-3.0.1.tgz 1742ms (cache miss)
2872 http fetch GET 200 https://registry.npmjs.org/define-data-property/-/define-data-property-1.1.4.tgz 1745ms (cache miss)
2873 http fetch GET 200 https://registry.npmjs.org/default-browser-id/-/default-browser-id-5.0.1.tgz 1744ms (cache miss)
2874 http fetch GET 200 https://registry.npmjs.org/data-uri-to-buffer/-/data-uri-to-buffer-4.0.1.tgz 1743ms (cache miss)
2875 http fetch GET 200 https://registry.npmjs.org/defaults/-/defaults-1.0.4.tgz 1744ms (cache miss)
2876 http fetch GET 200 https://registry.npmjs.org/debounce-promise/-/debounce-promise-3.1.2.tgz 1745ms (cache miss)
2877 http fetch GET 200 https://registry.npmjs.org/debug/-/debug-4.4.3.tgz 1745ms (cache miss)
2878 http fetch GET 200 https://registry.npmjs.org/dot-case/-/dot-case-3.0.4.tgz 1745ms (cache miss)
2879 http fetch GET 200 https://registry.npmjs.org/default-browser/-/default-browser-5.5.0.tgz 1746ms (cache miss)
2880 http fetch GET 200 https://registry.npmjs.org/data-view-byte-length/-/data-view-byte-length-1.0.2.tgz 1746ms (cache miss)
2881 http fetch GET 200 https://registry.npmjs.org/cssesc/-/cssesc-3.0.0.tgz 1748ms (cache miss)
2882 http fetch GET 200 https://registry.npmjs.org/crc-32/-/crc-32-1.2.2.tgz 1754ms (cache miss)
2883 http fetch GET 200 https://registry.npmjs.org/crypt/-/crypt-0.0.2.tgz 1758ms (cache miss)
2884 http fetch GET 200 https://registry.npmjs.org/cross-spawn/-/cross-spawn-7.0.6.tgz 1763ms (cache miss)
2885 http fetch GET 200 https://registry.npmjs.org/data-view-buffer/-/data-view-buffer-1.0.2.tgz 1762ms (cache miss)
2886 http fetch GET 200 https://registry.npmjs.org/crc32-stream/-/crc32-stream-6.0.0.tgz 1773ms (cache miss)
2887 http fetch GET 200 https://registry.npmjs.org/core-util-is/-/core-util-is-1.0.3.tgz 1775ms (cache miss)
2888 http fetch GET 200 https://registry.npmjs.org/constant-case/-/constant-case-3.0.4.tgz 1776ms (cache miss)
2889 http fetch GET 200 https://registry.npmjs.org/convert-source-map/-/convert-source-map-2.0.0.tgz 1778ms (cache miss)
2890 http fetch GET 200 https://registry.npmjs.org/cross-fetch/-/cross-fetch-3.2.0.tgz 1781ms (cache miss)
2891 http fetch GET 200 https://registry.npmjs.org/csstype/-/csstype-3.2.3.tgz 1782ms (cache miss)
2892 http fetch GET 200 https://registry.npmjs.org/compress-commons/-/compress-commons-6.0.2.tgz 1789ms (cache miss)
2893 http fetch GET 200 https://registry.npmjs.org/constructs/-/constructs-10.6.0.tgz 1790ms (cache miss)
2894 http fetch GET 200 https://registry.npmjs.org/commander/-/commander-9.5.0.tgz 1793ms (cache miss)
2895 http fetch GET 200 https://registry.npmjs.org/color-convert/-/color-convert-2.0.1.tgz 1797ms (cache miss)
2896 http fetch GET 200 https://registry.npmjs.org/color-name/-/color-name-1.1.4.tgz 1800ms (cache miss)
2897 http fetch GET 200 https://registry.npmjs.org/cli-width/-/cli-width-4.1.0.tgz 1800ms (cache miss)
2898 http fetch GET 200 https://registry.npmjs.org/cross-inspect/-/cross-inspect-1.0.1.tgz 1801ms (cache miss)
2899 http fetch GET 200 https://registry.npmjs.org/colorette/-/colorette-2.0.19.tgz 1805ms (cache miss)
2900 http fetch GET 200 https://registry.npmjs.org/clone/-/clone-1.0.4.tgz 1807ms (cache miss)
2901 http fetch GET 200 https://registry.npmjs.org/cli-spinners/-/cli-spinners-2.9.2.tgz 1809ms (cache miss)
2902 http fetch GET 200 https://registry.npmjs.org/csv-parse/-/csv-parse-5.6.0.tgz 1815ms (cache miss)
2903 http fetch GET 200 https://registry.npmjs.org/cli-cursor/-/cli-cursor-5.0.0.tgz 1814ms (cache miss)
2904 http fetch GET 200 https://registry.npmjs.org/ci-info/-/ci-info-4.4.0.tgz 1818ms (cache miss)
2905 http fetch GET 200 https://registry.npmjs.org/cliui/-/cliui-8.0.1.tgz 1820ms (cache miss)
2906 http fetch GET 200 https://registry.npmjs.org/concat-map/-/concat-map-0.0.1.tgz 1824ms (cache miss)
2907 http fetch GET 200 https://registry.npmjs.org/charenc/-/charenc-0.0.2.tgz 1823ms (cache miss)
2908 http fetch GET 200 https://registry.npmjs.org/chokidar/-/chokidar-4.0.3.tgz 1824ms (cache miss)
2909 http fetch GET 200 https://registry.npmjs.org/fbjs/-/fbjs-3.0.5.tgz 1838ms (cache miss)
2910 http fetch GET 200 https://registry.npmjs.org/change-case-all/-/change-case-all-1.0.15.tgz 1835ms (cache miss)
2911 http fetch GET 200 https://registry.npmjs.org/chalk/-/chalk-3.0.0.tgz 1844ms (cache miss)
2912 http fetch GET 200 https://registry.npmjs.org/camelcase/-/camelcase-5.3.1.tgz 1845ms (cache miss)
2913 http fetch GET 200 https://registry.npmjs.org/change-case/-/change-case-4.1.2.tgz 1847ms (cache miss)
2914 http fetch GET 200 https://registry.npmjs.org/camelcase-css/-/camelcase-css-2.0.1.tgz 1848ms (cache miss)
2915 http fetch GET 200 https://registry.npmjs.org/camel-case/-/camel-case-4.1.1.tgz 1848ms (cache miss)
2916 http fetch GET 200 https://registry.npmjs.org/buffer-from/-/buffer-from-1.1.2.tgz 1867ms (cache miss)
2917 http fetch GET 200 https://registry.npmjs.org/data-view-byte-offset/-/data-view-byte-offset-1.0.1.tgz 1868ms (cache miss)
2918 http fetch GET 200 https://registry.npmjs.org/bundle-name/-/bundle-name-4.1.0.tgz 1869ms (cache miss)
2919 http fetch GET 200 https://registry.npmjs.org/graphql/-/graphql-15.10.2.tgz 1884ms (cache miss)
2920 http fetch GET 200 https://registry.npmjs.org/capital-case/-/capital-case-1.0.4.tgz 1871ms (cache miss)
2921 http fetch GET 200 https://registry.npmjs.org/buffer-crc32/-/buffer-crc32-1.0.0.tgz 1870ms (cache miss)
2922 http fetch GET 200 https://registry.npmjs.org/execa/-/execa-9.6.1.tgz 1885ms (cache miss)
2923 http fetch GET 200 https://registry.npmjs.org/call-bind/-/call-bind-1.0.9.tgz 1895ms (cache miss)
2924 http fetch GET 200 https://registry.npmjs.org/bser/-/bser-2.1.1.tgz 1897ms (cache miss)
2925 http fetch GET 200 https://registry.npmjs.org/buffer/-/buffer-5.6.0.tgz 1897ms (cache miss)
2926 http fetch GET 200 https://registry.npmjs.org/call-bound/-/call-bound-1.0.4.tgz 1897ms (cache miss)
2927 http fetch GET 200 https://registry.npmjs.org/call-bind-apply-helpers/-/call-bind-apply-helpers-1.0.2.tgz 1897ms (cache miss)
2928 http fetch GET 200 https://registry.npmjs.org/browserslist/-/browserslist-4.28.2.tgz 1899ms (cache miss)
2929 http fetch GET 200 https://registry.npmjs.org/chardet/-/chardet-2.1.1.tgz 1901ms (cache miss)
2930 http fetch GET 200 https://registry.npmjs.org/binary-extensions/-/binary-extensions-2.3.0.tgz 1899ms (cache miss)
2931 http fetch GET 200 https://registry.npmjs.org/braces/-/braces-3.0.3.tgz 1903ms (cache miss)
2932 http fetch GET 200 https://registry.npmjs.org/base64-js/-/base64-js-1.5.1.tgz 1903ms (cache miss)
2933 http fetch GET 200 https://registry.npmjs.org/brace-expansion/-/brace-expansion-2.1.0.tgz 1904ms (cache miss)
2934 http fetch GET 200 https://registry.npmjs.org/baseline-browser-mapping/-/baseline-browser-mapping-2.10.24.tgz 1906ms (cache miss)
2935 http fetch GET 200 https://registry.npmjs.org/diff/-/diff-8.0.4.tgz 1915ms (cache miss)
2936 http fetch GET 200 https://registry.npmjs.org/bowser/-/bowser-2.14.1.tgz 1908ms (cache miss)
2937 http fetch GET 200 https://registry.npmjs.org/bare-stream/-/bare-stream-2.13.1.tgz 1911ms (cache miss)
2938 http fetch GET 200 https://registry.npmjs.org/balanced-match/-/balanced-match-1.0.2.tgz 1946ms (cache miss)
2939 http fetch GET 200 https://registry.npmjs.org/babel-messages/-/babel-messages-6.23.0.tgz 1948ms (cache miss)
2940 http fetch GET 200 https://registry.npmjs.org/bare-events/-/bare-events-2.8.2.tgz 1948ms (cache miss)
2941 http fetch GET 200 https://registry.npmjs.org/babel-runtime/-/babel-runtime-6.26.0.tgz 1950ms (cache miss)
2942 http fetch GET 200 https://registry.npmjs.org/babel-plugin-syntax-trailing-function-commas/-/babel-plugin-syntax-trailing-function-commas-7.0.0-beta.0.tgz 1950ms (cache miss)
2943 http fetch GET 200 https://registry.npmjs.org/bare-path/-/bare-path-3.0.0.tgz 1952ms (cache miss)
2944 http fetch GET 200 https://registry.npmjs.org/auto-bind/-/auto-bind-4.0.0.tgz 1951ms (cache miss)
2945 http fetch GET 200 https://registry.npmjs.org/babel-preset-fbjs/-/babel-preset-fbjs-3.4.0.tgz 1955ms (cache miss)
2946 http fetch GET 200 https://registry.npmjs.org/at-least-node/-/at-least-node-1.0.0.tgz 1955ms (cache miss)
2947 http fetch GET 200 https://registry.npmjs.org/cdk-from-cfn/-/cdk-from-cfn-0.263.0.tgz 1967ms (cache miss)
2948 http fetch GET 200 https://registry.npmjs.org/babel-types/-/babel-types-6.26.0.tgz 1965ms (cache miss)
2949 http fetch GET 200 https://registry.npmjs.org/babel-generator/-/babel-generator-6.26.1.tgz 1972ms (cache miss)
2950 http fetch GET 200 https://registry.npmjs.org/asap/-/asap-2.0.6.tgz 1974ms (cache miss)
2951 http fetch GET 200 https://registry.npmjs.org/array.prototype.flatmap/-/array.prototype.flatmap-1.3.3.tgz 1975ms (cache miss)
2952 http fetch GET 200 https://registry.npmjs.org/array-buffer-byte-length/-/array-buffer-byte-length-1.0.2.tgz 1981ms (cache miss)
2953 http fetch GET 200 https://registry.npmjs.org/bare-os/-/bare-os-3.9.0.tgz 1988ms (cache miss)
2954 http fetch GET 200 https://registry.npmjs.org/astral-regex/-/astral-regex-2.0.0.tgz 1993ms (cache miss)
2955 http fetch GET 200 https://registry.npmjs.org/anymatch/-/anymatch-3.1.3.tgz 1992ms (cache miss)
2956 http fetch GET 200 https://registry.npmjs.org/aria-hidden/-/aria-hidden-1.2.6.tgz 1993ms (cache miss)
2957 http fetch GET 200 https://registry.npmjs.org/async-function/-/async-function-1.0.0.tgz 1997ms (cache miss)
2958 http fetch GET 200 https://registry.npmjs.org/array-union/-/array-union-2.1.0.tgz 1998ms (cache miss)
2959 http fetch GET 200 https://registry.npmjs.org/archiver-utils/-/archiver-utils-5.0.2.tgz 1998ms (cache miss)
2960 http fetch GET 200 https://registry.npmjs.org/available-typed-arrays/-/available-typed-arrays-1.0.7.tgz 1998ms (cache miss)
2961 http fetch GET 200 https://registry.npmjs.org/arraybuffer.prototype.slice/-/arraybuffer.prototype.slice-1.0.4.tgz 1998ms (cache miss)
2962 http fetch GET 200 https://registry.npmjs.org/archiver/-/archiver-7.0.1.tgz 2000ms (cache miss)
2963 http fetch GET 200 https://registry.npmjs.org/bare-fs/-/bare-fs-4.7.1.tgz 2003ms (cache miss)
2964 http fetch GET 200 https://registry.npmjs.org/common-tags/-/common-tags-1.8.2.tgz 2011ms (cache miss)
2965 http fetch GET 200 https://registry.npmjs.org/bare-url/-/bare-url-2.4.2.tgz 2008ms (cache miss)
2966 http fetch GET 200 https://registry.npmjs.org/any-promise/-/any-promise-1.3.0.tgz 2010ms (cache miss)
2967 http fetch GET 200 https://registry.npmjs.org/arg/-/arg-5.0.2.tgz 2010ms (cache miss)
2968 http fetch GET 200 https://registry.npmjs.org/ansi-styles/-/ansi-styles-4.3.0.tgz 2019ms (cache miss)
2969 http fetch GET 200 https://registry.npmjs.org/ansi-regex/-/ansi-regex-6.2.2.tgz 2022ms (cache miss)
2970 http fetch GET 200 https://registry.npmjs.org/abort-controller/-/abort-controller-3.0.0.tgz 2022ms (cache miss)
2971 http fetch GET 200 https://registry.npmjs.org/async/-/async-3.2.6.tgz 2037ms (cache miss)
2972 http fetch GET 200 https://registry.npmjs.org/@whatwg-node/fetch/-/fetch-0.10.13.tgz 2037ms (cache miss)
2973 http fetch GET 200 https://registry.npmjs.org/@types/react-dom/-/react-dom-18.3.7.tgz 2045ms (cache miss)
2974 http fetch GET 200 https://registry.npmjs.org/@types/react/-/react-18.3.28.tgz 2045ms (cache miss)
2975 http fetch GET 200 https://registry.npmjs.org/@vitejs/plugin-react/-/plugin-react-4.7.0.tgz 2051ms (cache miss)
2976 http fetch GET 200 https://registry.npmjs.org/autoprefixer/-/autoprefixer-10.5.0.tgz 2053ms (cache miss)
2977 http fetch GET 200 https://registry.npmjs.org/@types/prop-types/-/prop-types-15.7.15.tgz 2070ms (cache miss)
2978 http fetch GET 200 https://registry.npmjs.org/@types/json-schema/-/json-schema-7.0.15.tgz 2072ms (cache miss)
2979 http fetch GET 200 https://registry.npmjs.org/@types/babel__traverse/-/babel__traverse-7.28.0.tgz 2074ms (cache miss)
2980 http fetch GET 200 https://registry.npmjs.org/@whatwg-node/disposablestack/-/disposablestack-0.0.6.tgz 2077ms (cache miss)
2981 http fetch GET 200 https://registry.npmjs.org/@xstate/react/-/react-3.2.2.tgz 2082ms (cache miss)
2982 http fetch GET 200 https://registry.npmjs.org/@whatwg-node/promise-helpers/-/promise-helpers-1.3.2.tgz 2084ms (cache miss)
2983 http fetch GET 200 https://registry.npmjs.org/@types/babel__core/-/babel__core-7.20.5.tgz 2098ms (cache miss)
2984 http fetch GET 200 https://registry.npmjs.org/@types/uuid/-/uuid-9.0.8.tgz 2099ms (cache miss)
2985 http fetch GET 200 https://registry.npmjs.org/@smithy/util-utf8/-/util-utf8-2.3.0.tgz 2114ms (cache miss)
2986 http fetch GET 200 https://registry.npmjs.org/@whatwg-node/node-fetch/-/node-fetch-0.8.5.tgz 2122ms (cache miss)
2987 http fetch GET 200 https://registry.npmjs.org/@typescript/vfs/-/vfs-1.3.6.tgz 2124ms (cache miss)
2988 http fetch GET 200 https://registry.npmjs.org/@types/estree/-/estree-1.0.8.tgz 2126ms (cache miss)
2989 http fetch GET 200 https://registry.npmjs.org/@types/babel__generator/-/babel__generator-7.27.0.tgz 2130ms (cache miss)
2990 http fetch GET 200 https://registry.npmjs.org/@smithy/util-hex-encoding/-/util-hex-encoding-2.0.0.tgz 2131ms (cache miss)
2991 http fetch GET 200 https://registry.npmjs.org/@smithy/uuid/-/uuid-1.1.2.tgz 2137ms (cache miss)
2992 http fetch GET 200 https://registry.npmjs.org/@smithy/util-middleware/-/util-middleware-4.2.14.tgz 2143ms (cache miss)
2993 http fetch GET 200 https://registry.npmjs.org/@smithy/util-retry/-/util-retry-4.3.6.tgz 2151ms (cache miss)
2994 http fetch GET 200 https://registry.npmjs.org/@types/babel__template/-/babel__template-7.4.4.tgz 2160ms (cache miss)
2995 http fetch GET 200 https://registry.npmjs.org/@smithy/util-defaults-mode-browser/-/util-defaults-mode-browser-4.3.49.tgz 2160ms (cache miss)
2996 http fetch GET 200 https://registry.npmjs.org/@smithy/util-waiter/-/util-waiter-4.3.0.tgz 2165ms (cache miss)
2997 http fetch GET 200 https://registry.npmjs.org/@smithy/util-stream/-/util-stream-4.5.25.tgz 2165ms (cache miss)
2998 http fetch GET 200 https://registry.npmjs.org/@smithy/util-config-provider/-/util-config-provider-4.2.2.tgz 2185ms (cache miss)
2999 http fetch GET 200 https://registry.npmjs.org/@smithy/util-buffer-from/-/util-buffer-from-4.2.2.tgz 2185ms (cache miss)
3000 http fetch GET 200 https://registry.npmjs.org/@smithy/util-defaults-mode-node/-/util-defaults-mode-node-4.2.54.tgz 2196ms (cache miss)
3001 http fetch GET 200 https://registry.npmjs.org/@smithy/util-uri-escape/-/util-uri-escape-4.2.2.tgz 2199ms (cache miss)
3002 http fetch GET 200 https://registry.npmjs.org/@smithy/util-body-length-browser/-/util-body-length-browser-4.2.2.tgz 2199ms (cache miss)
3003 http fetch GET 200 https://registry.npmjs.org/@smithy/querystring-parser/-/querystring-parser-4.2.14.tgz 2204ms (cache miss)
3004 http fetch GET 200 https://registry.npmjs.org/@types/aws-lambda/-/aws-lambda-8.10.161.tgz 2207ms (cache miss)
3005 http fetch GET 200 https://registry.npmjs.org/@smithy/signature-v4/-/signature-v4-5.3.14.tgz 2207ms (cache miss)
3006 http fetch GET 200 https://registry.npmjs.org/@smithy/util-body-length-node/-/util-body-length-node-4.2.3.tgz 2220ms (cache miss)
3007 http fetch GET 200 https://registry.npmjs.org/@smithy/util-endpoints/-/util-endpoints-3.4.2.tgz 2221ms (cache miss)
3008 http fetch GET 200 https://registry.npmjs.org/@smithy/middleware-stack/-/middleware-stack-4.2.14.tgz 2232ms (cache miss)
3009 http fetch GET 200 https://registry.npmjs.org/@smithy/service-error-classification/-/service-error-classification-4.3.1.tgz 2237ms (cache miss)
3010 http fetch GET 200 https://registry.npmjs.org/@smithy/node-config-provider/-/node-config-provider-4.3.14.tgz 2242ms (cache miss)
3011 http fetch GET 200 https://registry.npmjs.org/aws-amplify/-/aws-amplify-6.16.4.tgz 2252ms (cache miss)
3012 http fetch GET 200 https://registry.npmjs.org/@smithy/url-parser/-/url-parser-4.2.14.tgz 2247ms (cache miss)
3013 http fetch GET 200 https://registry.npmjs.org/@smithy/querystring-builder/-/querystring-builder-4.2.14.tgz 2246ms (cache miss)
3014 http fetch GET 200 https://registry.npmjs.org/@smithy/smithy-client/-/smithy-client-4.12.13.tgz 2258ms (cache miss)
3015 http fetch GET 200 https://registry.npmjs.org/@smithy/shared-ini-file-loader/-/shared-ini-file-loader-4.4.9.tgz 2259ms (cache miss)
3016 http fetch GET 200 https://registry.npmjs.org/@smithy/protocol-http/-/protocol-http-5.3.14.tgz 2258ms (cache miss)
3017 http fetch GET 200 https://registry.npmjs.org/@smithy/util-base64/-/util-base64-3.0.0.tgz 2277ms (cache miss)
3018 http fetch GET 200 https://registry.npmjs.org/@smithy/node-http-handler/-/node-http-handler-4.6.1.tgz 2279ms (cache miss)
3019 http fetch GET 200 https://registry.npmjs.org/@smithy/middleware-content-length/-/middleware-content-length-4.2.14.tgz 2283ms (cache miss)
3020 http fetch GET 200 https://registry.npmjs.org/@smithy/is-array-buffer/-/is-array-buffer-4.2.2.tgz 2283ms (cache miss)
3021 http fetch GET 200 https://registry.npmjs.org/@smithy/middleware-endpoint/-/middleware-endpoint-4.4.32.tgz 2287ms (cache miss)
3022 http fetch GET 200 https://registry.npmjs.org/@smithy/property-provider/-/property-provider-4.2.14.tgz 2301ms (cache miss)
3023 http fetch GET 200 https://registry.npmjs.org/@smithy/middleware-serde/-/middleware-serde-4.2.20.tgz 2300ms (cache miss)
3024 http fetch GET 200 https://registry.npmjs.org/@smithy/hash-node/-/hash-node-4.2.14.tgz 2306ms (cache miss)
3025 http fetch GET 200 https://registry.npmjs.org/@smithy/eventstream-serde-config-resolver/-/eventstream-serde-config-resolver-4.3.14.tgz 2313ms (cache miss)
3026 http fetch GET 200 https://registry.npmjs.org/@smithy/eventstream-codec/-/eventstream-codec-4.2.14.tgz 2314ms (cache miss)
3027 http fetch GET 200 https://registry.npmjs.org/@smithy/types/-/types-4.14.1.tgz 2337ms (cache miss)
3028 http fetch GET 200 https://registry.npmjs.org/@smithy/hash-stream-node/-/hash-stream-node-4.2.14.tgz 2341ms (cache miss)
3029 http fetch GET 200 https://registry.npmjs.org/@smithy/eventstream-serde-browser/-/eventstream-serde-browser-4.2.14.tgz 2341ms (cache miss)
3030 http fetch GET 200 https://registry.npmjs.org/@smithy/eventstream-serde-universal/-/eventstream-serde-universal-4.2.14.tgz 2348ms (cache miss)
3031 http fetch GET 200 https://registry.npmjs.org/@smithy/hash-blob-browser/-/hash-blob-browser-4.2.15.tgz 2350ms (cache miss)
3032 http fetch GET 200 https://registry.npmjs.org/@smithy/middleware-retry/-/middleware-retry-4.5.7.tgz 2360ms (cache miss)
3033 http fetch GET 200 https://registry.npmjs.org/@types/lodash/-/lodash-4.17.24.tgz 2367ms (cache miss)
3034 http fetch GET 200 https://registry.npmjs.org/@smithy/md5-js/-/md5-js-4.2.14.tgz 2366ms (cache miss)
3035 http fetch GET 200 https://registry.npmjs.org/@smithy/fetch-http-handler/-/fetch-http-handler-5.3.17.tgz 2371ms (cache miss)
3036 http fetch GET 200 https://registry.npmjs.org/@sindresorhus/merge-streams/-/merge-streams-4.0.0.tgz 2370ms (cache miss)
3037 http fetch GET 200 https://registry.npmjs.org/@rolldown/pluginutils/-/pluginutils-1.0.0-beta.27.tgz 2390ms (cache miss)
3038 http fetch GET 200 https://registry.npmjs.org/@smithy/credential-provider-imds/-/credential-provider-imds-4.2.14.tgz 2394ms (cache miss)
3039 http fetch GET 200 https://registry.npmjs.org/@smithy/config-resolver/-/config-resolver-4.4.17.tgz 2395ms (cache miss)
3040 http fetch GET 200 https://registry.npmjs.org/@smithy/invalid-dependency/-/invalid-dependency-4.2.14.tgz 2396ms (cache miss)
3041 http fetch GET 200 https://registry.npmjs.org/@smithy/eventstream-serde-node/-/eventstream-serde-node-4.2.14.tgz 2403ms (cache miss)
3042 http fetch GET 200 https://registry.npmjs.org/@smithy/chunked-blob-reader/-/chunked-blob-reader-5.2.2.tgz 2410ms (cache miss)
3043 http fetch GET 200 https://registry.npmjs.org/@radix-ui/rect/-/rect-1.1.1.tgz 2418ms (cache miss)
3044 http fetch GET 200 https://registry.npmjs.org/@radix-ui/react-use-layout-effect/-/react-use-layout-effect-1.1.1.tgz 2417ms (cache miss)
3045 http fetch GET 200 https://registry.npmjs.org/@radix-ui/react-use-rect/-/react-use-rect-1.1.1.tgz 2421ms (cache miss)
3046 http fetch GET 200 https://registry.npmjs.org/@rollup/rollup-darwin-arm64/-/rollup-darwin-arm64-4.60.2.tgz 2435ms (cache miss)
3047 http fetch GET 200 https://registry.npmjs.org/@radix-ui/react-use-size/-/react-use-size-1.1.1.tgz 2436ms (cache miss)
3048 http fetch GET 200 https://registry.npmjs.org/@radix-ui/react-use-escape-keydown/-/react-use-escape-keydown-1.1.1.tgz 2436ms (cache miss)
3049 http fetch GET 200 https://registry.npmjs.org/@radix-ui/react-use-effect-event/-/react-use-effect-event-0.0.2.tgz 2449ms (cache miss)
3050 http fetch GET 200 https://registry.npmjs.org/@smithy/chunked-blob-reader-native/-/chunked-blob-reader-native-4.2.3.tgz 2453ms (cache miss)
3051 http fetch GET 200 https://registry.npmjs.org/@sec-ant/readable-stream/-/readable-stream-0.4.1.tgz 2462ms (cache miss)
3052 http fetch GET 200 https://registry.npmjs.org/@radix-ui/react-roving-focus/-/react-roving-focus-1.1.11.tgz 2460ms (cache miss)
3053 http fetch GET 200 https://registry.npmjs.org/@radix-ui/react-use-controllable-state/-/react-use-controllable-state-1.2.2.tgz 2461ms (cache miss)
3054 http fetch GET 200 https://registry.npmjs.org/@radix-ui/react-use-callback-ref/-/react-use-callback-ref-1.1.1.tgz 2461ms (cache miss)
3055 http fetch GET 200 https://registry.npmjs.org/@smithy/core/-/core-3.23.17.tgz 2473ms (cache miss)
3056 http fetch GET 200 https://registry.npmjs.org/@radix-ui/react-slot/-/react-slot-1.2.3.tgz 2471ms (cache miss)
3057 http fetch GET 200 https://registry.npmjs.org/@radix-ui/react-presence/-/react-presence-1.1.5.tgz 2476ms (cache miss)
3058 http fetch GET 200 https://registry.npmjs.org/@radix-ui/react-use-previous/-/react-use-previous-1.1.1.tgz 2483ms (cache miss)
3059 http fetch GET 200 https://registry.npmjs.org/@radix-ui/react-popper/-/react-popper-1.2.8.tgz 2483ms (cache miss)
3060 http fetch GET 200 https://registry.npmjs.org/@radix-ui/react-id/-/react-id-1.1.1.tgz 2483ms (cache miss)
3061 http fetch GET 200 https://registry.npmjs.org/ajv/-/ajv-8.20.0.tgz 2494ms (cache miss)
3062 http fetch GET 200 https://registry.npmjs.org/@radix-ui/react-menu/-/react-menu-2.1.16.tgz 2491ms (cache miss)
3063 http fetch GET 200 https://registry.npmjs.org/@radix-ui/react-portal/-/react-portal-1.1.9.tgz 2502ms (cache miss)
3064 http fetch GET 200 https://registry.npmjs.org/@radix-ui/react-focus-guards/-/react-focus-guards-1.1.3.tgz 2504ms (cache miss)
3065 http fetch GET 200 https://registry.npmjs.org/@radix-ui/react-primitive/-/react-primitive-2.1.3.tgz 2508ms (cache miss)
3066 http fetch GET 200 https://registry.npmjs.org/@radix-ui/react-dismissable-layer/-/react-dismissable-layer-1.1.11.tgz 2513ms (cache miss)
3067 http fetch GET 200 https://registry.npmjs.org/@radix-ui/react-context/-/react-context-1.1.2.tgz 2514ms (cache miss)
3068 http fetch GET 200 https://registry.npmjs.org/@radix-ui/react-dropdown-menu/-/react-dropdown-menu-2.1.16.tgz 2520ms (cache miss)
3069 http fetch GET 200 https://registry.npmjs.org/@radix-ui/react-collection/-/react-collection-1.1.7.tgz 2529ms (cache miss)
3070 http fetch GET 200 https://registry.npmjs.org/@radix-ui/react-compose-refs/-/react-compose-refs-1.1.2.tgz 2553ms (cache miss)
3071 http fetch GET 200 https://registry.npmjs.org/@radix-ui/react-direction/-/react-direction-1.1.1.tgz 2552ms (cache miss)
3072 http fetch GET 200 https://registry.npmjs.org/@pkgjs/parseargs/-/parseargs-0.11.0.tgz 2556ms (cache miss)
3073 http fetch GET 200 https://registry.npmjs.org/@radix-ui/react-slider/-/react-slider-1.3.6.tgz 2569ms (cache miss)
3074 http fetch GET 200 https://registry.npmjs.org/@radix-ui/primitive/-/primitive-1.1.3.tgz 2568ms (cache miss)
3075 http fetch GET 200 https://registry.npmjs.org/@radix-ui/react-arrow/-/react-arrow-1.1.7.tgz 2576ms (cache miss)
3076 http fetch GET 200 https://registry.npmjs.org/@radix-ui/react-focus-scope/-/react-focus-scope-1.1.7.tgz 2591ms (cache miss)
3077 http fetch GET 200 https://registry.npmjs.org/@remix-run/router/-/router-1.23.2.tgz 2596ms (cache miss)
3078 http fetch GET 200 https://registry.npmjs.org/@radix-ui/number/-/number-1.1.1.tgz 2594ms (cache miss)
3079 http fetch GET 200 https://registry.npmjs.org/@nodelib/fs.walk/-/fs.walk-1.2.8.tgz 2595ms (cache miss)
3080 http fetch GET 200 https://registry.npmjs.org/caniuse-lite/-/caniuse-lite-1.0.30001791.tgz 2627ms (cache miss)
3081 http fetch GET 200 https://registry.npmjs.org/@nodelib/fs.scandir/-/fs.scandir-2.1.5.tgz 2611ms (cache miss)
3082 http fetch GET 200 https://registry.npmjs.org/@nodelib/fs.stat/-/fs.stat-2.0.5.tgz 2632ms (cache miss)
3083 http fetch GET 200 https://registry.npmjs.org/@jridgewell/trace-mapping/-/trace-mapping-0.3.31.tgz 2639ms (cache miss)
3084 http fetch GET 200 https://registry.npmjs.org/@jridgewell/resolve-uri/-/resolve-uri-3.1.2.tgz 2642ms (cache miss)
3085 http fetch GET 200 https://registry.npmjs.org/@parcel/watcher-darwin-arm64/-/watcher-darwin-arm64-2.5.6.tgz 2651ms (cache miss)
3086 http fetch GET 200 https://registry.npmjs.org/@jridgewell/gen-mapping/-/gen-mapping-0.3.13.tgz 2663ms (cache miss)
3087 http fetch GET 200 https://registry.npmjs.org/@nodable/entities/-/entities-2.1.0.tgz 2664ms (cache miss)
3088 http fetch GET 200 https://registry.npmjs.org/@parcel/watcher/-/watcher-2.5.6.tgz 2671ms (cache miss)
3089 http fetch GET 200 https://registry.npmjs.org/@opentelemetry/context-async-hooks/-/context-async-hooks-2.7.1.tgz 2688ms (cache miss)
3090 http fetch GET 200 https://registry.npmjs.org/@jridgewell/sourcemap-codec/-/sourcemap-codec-1.5.5.tgz 2688ms (cache miss)
3091 http fetch GET 200 https://registry.npmjs.org/@jridgewell/remapping/-/remapping-2.3.5.tgz 2694ms (cache miss)
3092 http fetch GET 200 https://registry.npmjs.org/@isaacs/cliui/-/cliui-9.0.0.tgz 2746ms (cache miss)
3093 http fetch GET 200 https://registry.npmjs.org/@inquirer/select/-/select-4.4.2.tgz 2757ms (cache miss)
3094 http fetch GET 200 https://registry.npmjs.org/@opentelemetry/semantic-conventions/-/semantic-conventions-1.40.0.tgz 2773ms (cache miss)
3095 http fetch GET 200 https://registry.npmjs.org/@inquirer/search/-/search-3.2.2.tgz 2781ms (cache miss)
3096 http fetch GET 200 https://registry.npmjs.org/@inquirer/figures/-/figures-1.0.15.tgz 2780ms (cache miss)
3097 http fetch GET 200 https://registry.npmjs.org/@inquirer/number/-/number-3.0.23.tgz 2781ms (cache miss)
3098 http fetch GET 200 https://registry.npmjs.org/@inquirer/prompts/-/prompts-7.10.1.tgz 2781ms (cache miss)
3099 http fetch GET 200 https://registry.npmjs.org/@inquirer/rawlist/-/rawlist-4.1.11.tgz 2782ms (cache miss)
3100 http fetch GET 200 https://registry.npmjs.org/@inquirer/external-editor/-/external-editor-1.0.3.tgz 2784ms (cache miss)
3101 http fetch GET 200 https://registry.npmjs.org/@inquirer/password/-/password-4.0.23.tgz 2809ms (cache miss)
3102 http fetch GET 200 https://registry.npmjs.org/@inquirer/checkbox/-/checkbox-4.3.2.tgz 2808ms (cache miss)
3103 http fetch GET 200 https://registry.npmjs.org/@inquirer/input/-/input-4.3.1.tgz 2810ms (cache miss)
3104 http fetch GET 200 https://registry.npmjs.org/@inquirer/confirm/-/confirm-5.1.21.tgz 2812ms (cache miss)
3105 http fetch GET 200 https://registry.npmjs.org/@graphql-tools/schema/-/schema-9.0.19.tgz 2824ms (cache miss)
3106 http fetch GET 200 https://registry.npmjs.org/@graphql-tools/optimize/-/optimize-1.4.0.tgz 2838ms (cache miss)
3107 http fetch GET 200 https://registry.npmjs.org/@graphql-tools/relay-operation-optimizer/-/relay-operation-optimizer-6.5.18.tgz 2846ms (cache miss)
3108 http fetch GET 200 https://registry.npmjs.org/@opentelemetry/sdk-trace-base/-/sdk-trace-base-2.7.1.tgz 2860ms (cache miss)
3109 http fetch GET 200 https://registry.npmjs.org/@inquirer/core/-/core-10.3.2.tgz 2859ms (cache miss)
3110 http fetch GET 200 https://registry.npmjs.org/@graphql-typed-document-node/core/-/core-3.2.0.tgz 2866ms (cache miss)
3111 http fetch GET 200 https://registry.npmjs.org/@floating-ui/core/-/core-1.7.5.tgz 2869ms (cache miss)
3112 http fetch GET 200 https://registry.npmjs.org/@graphql-codegen/schema-ast/-/schema-ast-4.1.0.tgz 2893ms (cache miss)
3113 http fetch GET 200 https://registry.npmjs.org/@graphql-tools/utils/-/utils-6.2.4.tgz 2895ms (cache miss)
3114 http fetch GET 200 https://registry.npmjs.org/@floating-ui/dom/-/dom-1.7.6.tgz 2894ms (cache miss)
3115 http fetch GET 200 https://registry.npmjs.org/@opentelemetry/core/-/core-2.7.1.tgz 2901ms (cache miss)
3116 http fetch GET 200 https://registry.npmjs.org/@graphql-codegen/typescript/-/typescript-4.1.6.tgz 2908ms (cache miss)
3117 http fetch GET 200 https://registry.npmjs.org/@floating-ui/utils/-/utils-0.2.11.tgz 2908ms (cache miss)
3118 http fetch GET 200 https://registry.npmjs.org/@inquirer/editor/-/editor-4.2.23.tgz 2910ms (cache miss)
3119 http fetch GET 200 https://registry.npmjs.org/@graphql-tools/apollo-engine-loader/-/apollo-engine-loader-8.0.30.tgz 2910ms (cache miss)
3120 http fetch GET 200 https://registry.npmjs.org/@floating-ui/react-dom/-/react-dom-2.1.8.tgz 2909ms (cache miss)
3121 http fetch GET 200 https://registry.npmjs.org/@inquirer/type/-/type-3.0.10.tgz 2920ms (cache miss)
3122 http fetch GET 200 https://registry.npmjs.org/@inquirer/expand/-/expand-4.0.23.tgz 2923ms (cache miss)
3123 http fetch GET 200 https://registry.npmjs.org/@opentelemetry/resources/-/resources-2.7.1.tgz 2928ms (cache miss)
3124 http fetch GET 200 https://registry.npmjs.org/@graphql-codegen/visitor-plugin-common/-/visitor-plugin-common-1.22.0.tgz 2924ms (cache miss)
3125 http fetch GET 200 https://registry.npmjs.org/@fastify/busboy/-/busboy-3.2.0.tgz 2926ms (cache miss)
3126 http fetch GET 200 https://registry.npmjs.org/es-abstract/-/es-abstract-1.24.2.tgz 2969ms (cache miss)
3127 http fetch GET 200 https://registry.npmjs.org/@inquirer/ansi/-/ansi-1.0.2.tgz 2945ms (cache miss)
3128 http fetch GET 200 https://registry.npmjs.org/@babel/plugin-transform-template-literals/-/plugin-transform-template-literals-7.27.1.tgz 2960ms (cache miss)
3129 http fetch GET 200 https://registry.npmjs.org/@babel/template/-/template-7.28.6.tgz 2964ms (cache miss)
3130 http fetch GET 200 https://registry.npmjs.org/@graphql-codegen/plugin-helpers/-/plugin-helpers-3.1.2.tgz 2972ms (cache miss)
3131 http fetch GET 200 https://registry.npmjs.org/@babel/plugin-transform-shorthand-properties/-/plugin-transform-shorthand-properties-7.27.1.tgz 2970ms (cache miss)
3132 http fetch GET 200 https://registry.npmjs.org/@babel/plugin-transform-react-jsx-source/-/plugin-transform-react-jsx-source-7.27.1.tgz 2970ms (cache miss)
3133 http fetch GET 200 https://registry.npmjs.org/@babel/plugin-transform-react-jsx-self/-/plugin-transform-react-jsx-self-7.27.1.tgz 2974ms (cache miss)
3134 http fetch GET 200 https://registry.npmjs.org/@babel/plugin-transform-react-jsx/-/plugin-transform-react-jsx-7.28.6.tgz 2981ms (cache miss)
3135 http fetch GET 200 https://registry.npmjs.org/@babel/traverse/-/traverse-7.29.0.tgz 2990ms (cache miss)
3136 http fetch GET 200 https://registry.npmjs.org/@graphql-tools/merge/-/merge-8.4.2.tgz 2997ms (cache miss)
3137 http fetch GET 200 https://registry.npmjs.org/@babel/plugin-transform-member-expression-literals/-/plugin-transform-member-expression-literals-7.27.1.tgz 3003ms (cache miss)
3138 http fetch GET 200 https://registry.npmjs.org/@babel/plugin-transform-react-display-name/-/plugin-transform-react-display-name-7.28.0.tgz 3051ms (cache miss)
3139 http fetch GET 200 https://registry.npmjs.org/@babel/plugin-transform-object-super/-/plugin-transform-object-super-7.27.1.tgz 3069ms (cache miss)
3140 http fetch GET 200 https://registry.npmjs.org/@babel/plugin-transform-flow-strip-types/-/plugin-transform-flow-strip-types-7.27.1.tgz 3068ms (cache miss)
3141 http fetch GET 200 https://registry.npmjs.org/@babel/plugin-transform-modules-commonjs/-/plugin-transform-modules-commonjs-7.28.6.tgz 3068ms (cache miss)
3142 http fetch GET 200 https://registry.npmjs.org/@babel/plugin-transform-literals/-/plugin-transform-literals-7.27.1.tgz 3069ms (cache miss)
3143 http fetch GET 200 https://registry.npmjs.org/@babel/plugin-transform-function-name/-/plugin-transform-function-name-7.27.1.tgz 3072ms (cache miss)
3144 http fetch GET 200 https://registry.npmjs.org/@babel/plugin-transform-spread/-/plugin-transform-spread-7.28.6.tgz 3086ms (cache miss)
3145 http fetch GET 200 https://registry.npmjs.org/@babel/plugin-transform-property-literals/-/plugin-transform-property-literals-7.27.1.tgz 3087ms (cache miss)
3146 http fetch GET 200 https://registry.npmjs.org/@graphql-codegen/core/-/core-2.6.8.tgz 3088ms (cache miss)
3147 http fetch GET 200 https://registry.npmjs.org/@babel/plugin-transform-computed-properties/-/plugin-transform-computed-properties-7.28.6.tgz 3087ms (cache miss)
3148 http fetch GET 200 https://registry.npmjs.org/@babel/plugin-transform-for-of/-/plugin-transform-for-of-7.27.1.tgz 3087ms (cache miss)
3149 http fetch GET 200 https://registry.npmjs.org/@babel/plugin-transform-arrow-functions/-/plugin-transform-arrow-functions-7.27.1.tgz 3093ms (cache miss)
3150 http fetch GET 200 https://registry.npmjs.org/@babel/plugin-transform-block-scoped-functions/-/plugin-transform-block-scoped-functions-7.27.1.tgz 3093ms (cache miss)
3151 http fetch GET 200 https://registry.npmjs.org/@babel/plugin-syntax-object-rest-spread/-/plugin-syntax-object-rest-spread-7.8.3.tgz 3094ms (cache miss)
3152 http fetch GET 200 https://registry.npmjs.org/@babel/plugin-proposal-class-properties/-/plugin-proposal-class-properties-7.18.6.tgz 3094ms (cache miss)
3153 warn deprecated @babel/plugin-proposal-class-properties@7.18.6: This proposal has been merged to the ECMAScript standard and thus this plugin is no longer maintained. Please use @babel/plugin-transform-class-properties instead.
3154 http fetch GET 200 https://registry.npmjs.org/@babel/plugin-proposal-object-rest-spread/-/plugin-proposal-object-rest-spread-7.20.7.tgz 3095ms (cache miss)
3155 http fetch GET 200 https://registry.npmjs.org/@babel/plugin-transform-destructuring/-/plugin-transform-destructuring-7.28.5.tgz 3095ms (cache miss)
3156 http fetch GET 200 https://registry.npmjs.org/@babel/plugin-transform-parameters/-/plugin-transform-parameters-7.27.7.tgz 3097ms (cache miss)
3157 warn deprecated @babel/plugin-proposal-object-rest-spread@7.20.7: This proposal has been merged to the ECMAScript standard and thus this plugin is no longer maintained. Please use @babel/plugin-transform-object-rest-spread instead.
3158 http fetch GET 200 https://registry.npmjs.org/@babel/plugin-transform-block-scoping/-/plugin-transform-block-scoping-7.28.6.tgz 3097ms (cache miss)
3159 http fetch GET 200 https://registry.npmjs.org/@babel/plugin-syntax-class-properties/-/plugin-syntax-class-properties-7.12.13.tgz 3097ms (cache miss)
3160 http fetch GET 200 https://registry.npmjs.org/@babel/plugin-transform-classes/-/plugin-transform-classes-7.28.6.tgz 3098ms (cache miss)
3161 http fetch GET 200 https://registry.npmjs.org/@cdklabs/tskb/-/tskb-0.0.4.tgz 3103ms (cache miss)
3162 http fetch GET 200 https://registry.npmjs.org/@opentelemetry/api/-/api-1.9.1.tgz 3108ms (cache miss)
3163 http fetch GET 200 https://registry.npmjs.org/@babel/types/-/types-7.0.0-beta.4.tgz 3106ms (cache miss)
3164 http fetch GET 200 https://registry.npmjs.org/@babel/plugin-syntax-flow/-/plugin-syntax-flow-7.28.6.tgz 3108ms (cache miss)
3165 http fetch GET 200 https://registry.npmjs.org/@babel/helper-validator-option/-/helper-validator-option-7.27.1.tgz 3122ms (cache miss)
3166 http fetch GET 200 https://registry.npmjs.org/@babel/helper-skip-transparent-expression-wrappers/-/helper-skip-transparent-expression-wrappers-7.27.1.tgz 3123ms (cache miss)
3167 http fetch GET 200 https://registry.npmjs.org/@babel/helper-string-parser/-/helper-string-parser-7.27.1.tgz 3126ms (cache miss)
3168 http fetch GET 200 https://registry.npmjs.org/@babel/helper-optimise-call-expression/-/helper-optimise-call-expression-7.27.1.tgz 3129ms (cache miss)
3169 http fetch GET 200 https://registry.npmjs.org/@babel/helper-globals/-/helper-globals-7.28.0.tgz 3137ms (cache miss)
3170 http fetch GET 200 https://registry.npmjs.org/@babel/helper-replace-supers/-/helper-replace-supers-7.28.6.tgz 3140ms (cache miss)
3171 http fetch GET 200 https://registry.npmjs.org/@babel/parser/-/parser-7.29.2.tgz 3142ms (cache miss)
3172 http fetch GET 200 https://registry.npmjs.org/@babel/helper-annotate-as-pure/-/helper-annotate-as-pure-7.27.3.tgz 3142ms (cache miss)
3173 http fetch GET 200 https://registry.npmjs.org/@babel/helper-validator-identifier/-/helper-validator-identifier-7.28.5.tgz 3142ms (cache miss)
3174 http fetch GET 200 https://registry.npmjs.org/@babel/runtime/-/runtime-7.29.2.tgz 3148ms (cache miss)
3175 http fetch GET 200 https://registry.npmjs.org/@babel/helper-plugin-utils/-/helper-plugin-utils-7.28.6.tgz 3148ms (cache miss)
3176 http fetch GET 200 https://registry.npmjs.org/@babel/helper-member-expression-to-functions/-/helper-member-expression-to-functions-7.28.5.tgz 3148ms (cache miss)
3177 http fetch GET 200 https://registry.npmjs.org/@babel/helper-module-imports/-/helper-module-imports-7.28.6.tgz 3164ms (cache miss)
3178 http fetch GET 200 https://registry.npmjs.org/@babel/helper-module-transforms/-/helper-module-transforms-7.28.6.tgz 3171ms (cache miss)
3179 http fetch GET 200 https://registry.npmjs.org/rxjs/-/rxjs-7.8.2.tgz 3248ms (cache miss)
3180 http fetch GET 200 https://registry.npmjs.org/@babel/compat-data/-/compat-data-7.29.0.tgz 3174ms (cache miss)
3181 http fetch GET 200 https://registry.npmjs.org/@babel/helper-compilation-targets/-/helper-compilation-targets-7.28.6.tgz 3177ms (cache miss)
3182 http fetch GET 200 https://registry.npmjs.org/@babel/code-frame/-/code-frame-7.29.0.tgz 3177ms (cache miss)
3183 http fetch GET 200 https://registry.npmjs.org/@babel/plugin-syntax-jsx/-/plugin-syntax-jsx-7.28.6.tgz 3185ms (cache miss)
3184 http fetch GET 200 https://registry.npmjs.org/@babel/helper-create-class-features-plugin/-/helper-create-class-features-plugin-7.28.6.tgz 3190ms (cache miss)
3185 http fetch GET 200 https://registry.npmjs.org/@aws-sdk/xml-builder/-/xml-builder-3.972.22.tgz 3191ms (cache miss)
3186 http fetch GET 200 https://registry.npmjs.org/@babel/generator/-/generator-7.0.0-beta.4.tgz 3198ms (cache miss)
3187 http fetch GET 200 https://registry.npmjs.org/@esbuild/darwin-arm64/-/darwin-arm64-0.25.12.tgz 3206ms (cache miss)
3188 http fetch GET 200 https://registry.npmjs.org/@aws-sdk/util-format-url/-/util-format-url-3.972.10.tgz 3201ms (cache miss)
3189 http fetch GET 200 https://registry.npmjs.org/@aws/lambda-invoke-store/-/lambda-invoke-store-0.2.4.tgz 3203ms (cache miss)
3190 http fetch GET 200 https://registry.npmjs.org/@aws-sdk/util-user-agent-browser/-/util-user-agent-browser-3.972.10.tgz 3204ms (cache miss)
3191 http fetch GET 200 https://registry.npmjs.org/@aws-sdk/types/-/types-3.973.8.tgz 3203ms (cache miss)
3192 http fetch GET 200 https://registry.npmjs.org/@aws-sdk/util-locate-window/-/util-locate-window-3.965.5.tgz 3219ms (cache miss)
3193 http fetch GET 200 https://registry.npmjs.org/@babel/helpers/-/helpers-7.29.2.tgz 3233ms (cache miss)
3194 http fetch GET 200 https://registry.npmjs.org/@aws-sdk/signature-v4-multi-region/-/signature-v4-multi-region-3.996.24.tgz 3229ms (cache miss)
3195 http fetch GET 200 https://registry.npmjs.org/@aws-sdk/util-arn-parser/-/util-arn-parser-3.972.3.tgz 3250ms (cache miss)
3196 http fetch GET 200 https://registry.npmjs.org/@aws-sdk/region-config-resolver/-/region-config-resolver-3.972.13.tgz 3260ms (cache miss)
3197 http fetch GET 200 https://registry.npmjs.org/@aws-sdk/middleware-recursion-detection/-/middleware-recursion-detection-3.972.11.tgz 3266ms (cache miss)
3198 http fetch GET 200 https://registry.npmjs.org/@aws-sdk/token-providers/-/token-providers-3.1039.0.tgz 3268ms (cache miss)
3199 http fetch GET 200 https://registry.npmjs.org/@aws-sdk/middleware-logger/-/middleware-logger-3.972.10.tgz 3282ms (cache miss)
3200 http fetch GET 200 https://registry.npmjs.org/@aws-sdk/util-user-agent-node/-/util-user-agent-node-3.973.23.tgz 3287ms (cache miss)
3201 http fetch GET 200 https://registry.npmjs.org/@aws-sdk/util-endpoints/-/util-endpoints-3.996.8.tgz 3289ms (cache miss)
3202 http fetch GET 200 https://registry.npmjs.org/@babel/core/-/core-7.29.0.tgz 3308ms (cache miss)
3203 http fetch GET 200 https://registry.npmjs.org/@aws-sdk/middleware-location-constraint/-/middleware-location-constraint-3.972.10.tgz 3311ms (cache miss)
3204 http fetch GET 200 https://registry.npmjs.org/@aws-sdk/middleware-ssec/-/middleware-ssec-3.972.10.tgz 3313ms (cache miss)
3205 http fetch GET 200 https://registry.npmjs.org/@aws-sdk/middleware-user-agent/-/middleware-user-agent-3.972.37.tgz 3326ms (cache miss)
3206 http fetch GET 200 https://registry.npmjs.org/@aws-sdk/middleware-flexible-checksums/-/middleware-flexible-checksums-3.974.15.tgz 3329ms (cache miss)
3207 http fetch GET 200 https://registry.npmjs.org/@aws-sdk/middleware-sdk-s3/-/middleware-sdk-s3-3.972.36.tgz 3335ms (cache miss)
3208 http fetch GET 200 https://registry.npmjs.org/@aws-sdk/middleware-sdk-rds/-/middleware-sdk-rds-3.972.22.tgz 3335ms (cache miss)
3209 http fetch GET 200 https://registry.npmjs.org/@aws-sdk/middleware-sdk-route53/-/middleware-sdk-route53-3.972.12.tgz 3341ms (cache miss)
3210 http fetch GET 200 https://registry.npmjs.org/@aws-sdk/credential-provider-web-identity/-/credential-provider-web-identity-3.972.37.tgz 3348ms (cache miss)
3211 http fetch GET 200 https://registry.npmjs.org/@aws-sdk/middleware-host-header/-/middleware-host-header-3.972.10.tgz 3349ms (cache miss)
3212 http fetch GET 200 https://registry.npmjs.org/@aws-sdk/nested-clients/-/nested-clients-3.997.5.tgz 3373ms (cache miss)
3213 http fetch GET 200 https://registry.npmjs.org/@aws-sdk/middleware-bucket-endpoint/-/middleware-bucket-endpoint-3.972.10.tgz 3386ms (cache miss)
3214 http fetch GET 200 https://registry.npmjs.org/@aws-sdk/credential-provider-process/-/credential-provider-process-3.972.33.tgz 3387ms (cache miss)
3215 http fetch GET 200 https://registry.npmjs.org/@aws-sdk/credential-provider-node/-/credential-provider-node-3.972.38.tgz 3387ms (cache miss)
3216 http fetch GET 200 https://registry.npmjs.org/@aws-sdk/lib-storage/-/lib-storage-3.1039.0.tgz 3398ms (cache miss)
3217 http fetch GET 200 https://registry.npmjs.org/@aws-sdk/credential-provider-sso/-/credential-provider-sso-3.972.37.tgz 3401ms (cache miss)
3218 http fetch GET 200 https://registry.npmjs.org/@aws-sdk/credential-provider-env/-/credential-provider-env-3.972.33.tgz 3403ms (cache miss)
3219 http fetch GET 200 https://registry.npmjs.org/@aws-sdk/middleware-expect-continue/-/middleware-expect-continue-3.972.10.tgz 3408ms (cache miss)
3220 http fetch GET 200 https://registry.npmjs.org/@aws-sdk/middleware-sdk-ec2/-/middleware-sdk-ec2-3.972.22.tgz 3411ms (cache miss)
3221 http fetch GET 200 https://registry.npmjs.org/@aws-sdk/credential-provider-ini/-/credential-provider-ini-3.972.37.tgz 3414ms (cache miss)
3222 http fetch GET 200 https://registry.npmjs.org/@aws-sdk/ec2-metadata-service/-/ec2-metadata-service-3.1039.0.tgz 3422ms (cache miss)
3223 http fetch GET 200 https://registry.npmjs.org/@aws-sdk/credential-provider-cognito-identity/-/credential-provider-cognito-identity-3.972.30.tgz 3447ms (cache miss)
3224 http fetch GET 200 https://registry.npmjs.org/@aws-sdk/credential-provider-http/-/credential-provider-http-3.972.35.tgz 3455ms (cache miss)
3225 http fetch GET 200 https://registry.npmjs.org/@aws-sdk/credential-providers/-/credential-providers-3.1039.0.tgz 3466ms (cache miss)
3226 http fetch GET 200 https://registry.npmjs.org/@aws-sdk/crc64-nvme/-/crc64-nvme-3.972.7.tgz 3474ms (cache miss)
3227 http fetch GET 200 https://registry.npmjs.org/core-js/-/core-js-3.49.0.tgz 3529ms (cache miss)
3228 http fetch GET 200 https://registry.npmjs.org/@aws-sdk/client-personalize-events/-/client-personalize-events-3.1039.0.tgz 3502ms (cache miss)
3229 http fetch GET 200 https://registry.npmjs.org/@aws-sdk/core/-/core-3.974.7.tgz 3513ms (cache miss)
3230 http fetch GET 200 https://registry.npmjs.org/@aws-sdk/client-sts/-/client-sts-3.1039.0.tgz 3516ms (cache miss)
3231 http fetch GET 200 https://registry.npmjs.org/@aws-sdk/credential-provider-login/-/credential-provider-login-3.972.37.tgz 3548ms (cache miss)
3232 http fetch GET 200 https://registry.npmjs.org/@aws-sdk/client-sfn/-/client-sfn-3.1039.0.tgz 3565ms (cache miss)
3233 http fetch GET 200 https://registry.npmjs.org/@aws-crypto/sha256-browser/-/sha256-browser-5.2.0.tgz 3646ms (cache miss)
3234 http fetch GET 200 https://registry.npmjs.org/@aws-sdk/client-secrets-manager/-/client-secrets-manager-3.1039.0.tgz 3657ms (cache miss)
3235 http fetch GET 200 https://registry.npmjs.org/@aws-crypto/sha1-browser/-/sha1-browser-5.2.0.tgz 3668ms (cache miss)
3236 http fetch GET 200 https://registry.npmjs.org/@aws-sdk/client-firehose/-/client-firehose-3.1039.0.tgz 3671ms (cache miss)
3237 http fetch GET 200 https://registry.npmjs.org/@aws-crypto/sha256-js/-/sha256-js-5.2.0.tgz 3679ms (cache miss)
3238 http fetch GET 200 https://registry.npmjs.org/@aws-crypto/crc32/-/crc32-5.2.0.tgz 3703ms (cache miss)
3239 http fetch GET 200 https://registry.npmjs.org/@aws-crypto/util/-/util-5.2.0.tgz 3707ms (cache miss)
3240 http fetch GET 200 https://registry.npmjs.org/@aws-crypto/supports-web-crypto/-/supports-web-crypto-5.2.0.tgz 3714ms (cache miss)
3241 http fetch GET 200 https://registry.npmjs.org/@aws-sdk/client-cognito-identity/-/client-cognito-identity-3.1039.0.tgz 3800ms (cache miss)
3242 http fetch GET 200 https://registry.npmjs.org/@aws-cdk/cli-plugin-contract/-/cli-plugin-contract-2.182.2.tgz 3809ms (cache miss)
3243 http fetch GET 200 https://registry.npmjs.org/@aws-sdk/client-cloudcontrol/-/client-cloudcontrol-3.1039.0.tgz 3849ms (cache miss)
3244 http fetch GET 200 https://registry.npmjs.org/@aws-cdk/service-spec-types/-/service-spec-types-0.0.237.tgz 3851ms (cache miss)
3245 http fetch GET 200 https://registry.npmjs.org/@aws-sdk/client-kms/-/client-kms-3.1039.0.tgz 3858ms (cache miss)
3246 http fetch GET 200 https://registry.npmjs.org/@aws-sdk/client-route-53/-/client-route-53-3.1039.0.tgz 3860ms (cache miss)
3247 http fetch GET 200 https://registry.npmjs.org/@aws-crypto/crc32c/-/crc32c-5.2.0.tgz 3868ms (cache miss)
3248 http fetch GET 200 https://registry.npmjs.org/@aws-amplify/schema-generator/-/schema-generator-1.4.1.tgz 3868ms (cache miss)
3249 http fetch GET 200 https://registry.npmjs.org/@aws-cdk/cdk-assets-lib/-/cdk-assets-lib-1.4.5.tgz 3882ms (cache miss)
3250 http fetch GET 200 https://registry.npmjs.org/@aws-cdk/asset-node-proxy-agent-v6/-/asset-node-proxy-agent-v6-2.1.1.tgz 3930ms (cache miss)
3251 http fetch GET 200 https://registry.npmjs.org/@aws-cdk/cloudformation-diff/-/cloudformation-diff-2.187.1.tgz 3961ms (cache miss)
3252 http fetch GET 200 https://registry.npmjs.org/@aws-sdk/client-ecr/-/client-ecr-3.1039.0.tgz 3990ms (cache miss)
3253 http fetch GET 200 https://registry.npmjs.org/@aws-sdk/client-kinesis/-/client-kinesis-3.1039.0.tgz 3998ms (cache miss)
3254 http fetch GET 200 https://registry.npmjs.org/@aws-amplify/sandbox/-/sandbox-2.2.0.tgz 3996ms (cache miss)
3255 http fetch GET 200 https://registry.npmjs.org/@aws-cdk/aws-service-spec/-/aws-service-spec-0.1.177.tgz 4001ms (cache miss)
3256 http fetch GET 200 https://registry.npmjs.org/@aws-sdk/client-amplifyuibuilder/-/client-amplifyuibuilder-3.1039.0.tgz 4004ms (cache miss)
3257 http fetch GET 200 https://registry.npmjs.org/@aws-amplify/plugin-types/-/plugin-types-1.12.0.tgz 4003ms (cache miss)
3258 http fetch GET 200 https://registry.npmjs.org/@aws-amplify/platform-core/-/platform-core-1.11.0.tgz 4060ms (cache miss)
3259 http fetch GET 200 https://registry.npmjs.org/@aws-amplify/form-generator/-/form-generator-1.2.6.tgz 4076ms (cache miss)
3260 http fetch GET 200 https://registry.npmjs.org/@aws-sdk/client-elastic-load-balancing-v2/-/client-elastic-load-balancing-v2-3.1039.0.tgz 4093ms (cache miss)
3261 http fetch GET 200 https://registry.npmjs.org/@aws-amplify/model-generator/-/model-generator-1.2.2.tgz 4116ms (cache miss)
3262 http fetch GET 200 https://registry.npmjs.org/@aws-sdk/client-s3/-/client-s3-3.1039.0.tgz 4136ms (cache miss)
3263 http fetch GET 200 https://registry.npmjs.org/@aws-amplify/deployed-backend-client/-/deployed-backend-client-1.8.1.tgz 4138ms (cache miss)
3264 http fetch GET 200 https://registry.npmjs.org/@aws-sdk/client-lambda/-/client-lambda-3.1039.0.tgz 4144ms (cache miss)
3265 http fetch GET 200 https://registry.npmjs.org/@aws-amplify/graphql-generator/-/graphql-generator-0.5.3.tgz 4142ms (cache miss)
3266 http fetch GET 200 https://registry.npmjs.org/@aws-amplify/ui-react-core/-/ui-react-core-3.6.3.tgz 4146ms (cache miss)
3267 http fetch GET 200 https://registry.npmjs.org/@aws-amplify/graphql-transformer-interfaces/-/graphql-transformer-interfaces-4.3.0.tgz 4147ms (cache miss)
3268 http fetch GET 200 https://registry.npmjs.org/@aws-sdk/client-amplify/-/client-amplify-3.1039.0.tgz 4161ms (cache miss)
3269 http fetch GET 200 https://registry.npmjs.org/@aws-amplify/graphql-docs-generator/-/graphql-docs-generator-4.2.1.tgz 4176ms (cache miss)
3270 http fetch GET 200 https://registry.npmjs.org/@aws-amplify/backend-output-storage/-/backend-output-storage-1.3.4.tgz 4204ms (cache miss)
3271 http fetch GET 200 https://registry.npmjs.org/@aws-amplify/data-schema-types/-/data-schema-types-1.2.1.tgz 4207ms (cache miss)
3272 http fetch GET 200 https://registry.npmjs.org/@aws-amplify/backend-storage/-/backend-storage-1.4.3.tgz 4210ms (cache miss)
3273 http fetch GET 200 https://registry.npmjs.org/@aws-amplify/backend-deployer/-/backend-deployer-2.1.6.tgz 4227ms (cache miss)
3274 http fetch GET 200 https://registry.npmjs.org/@aws-amplify/graphql-types-generator/-/graphql-types-generator-3.6.0.tgz 4241ms (cache miss)
3275 http fetch GET 200 https://registry.npmjs.org/@aws-sdk/client-codebuild/-/client-codebuild-3.1039.0.tgz 4247ms (cache miss)
3276 http fetch GET 200 https://registry.npmjs.org/@aws-amplify/backend-data/-/backend-data-1.6.4.tgz 4246ms (cache miss)
3277 http fetch GET 200 https://registry.npmjs.org/@aws-amplify/client-config/-/client-config-1.10.1.tgz 4253ms (cache miss)
3278 http fetch GET 200 https://registry.npmjs.org/@aws-amplify/api/-/api-6.3.25.tgz 4285ms (cache miss)
3279 http fetch GET 200 https://registry.npmjs.org/@aws-amplify/auth-construct/-/auth-construct-1.11.2.tgz 4295ms (cache miss)
3280 http fetch GET 200 https://registry.npmjs.org/@aws-amplify/backend-auth/-/backend-auth-1.9.3.tgz 4295ms (cache miss)
3281 http fetch GET 200 https://registry.npmjs.org/@alloc/quick-lru/-/quick-lru-5.2.0.tgz 4310ms (cache miss)
3282 http fetch GET 200 https://registry.npmjs.org/@aws-sdk/client-appsync/-/client-appsync-3.1039.0.tgz 4318ms (cache miss)
3283 http fetch GET 200 https://registry.npmjs.org/ansi-regex/-/ansi-regex-5.0.1.tgz 4323ms (cache miss)
3284 http fetch GET 200 https://registry.npmjs.org/@aws-amplify/graphql-schema-generator/-/graphql-schema-generator-0.11.14.tgz 4334ms (cache miss)
3285 http fetch GET 200 https://registry.npmjs.org/strip-ansi/-/strip-ansi-6.0.1.tgz 4331ms (cache miss)
3286 http fetch GET 200 https://registry.npmjs.org/emoji-regex/-/emoji-regex-10.6.0.tgz 4334ms (cache miss)
3287 http fetch GET 200 https://registry.npmjs.org/string-width/-/string-width-7.2.0.tgz 4350ms (cache miss)
3288 http fetch GET 200 https://registry.npmjs.org/esbuild/-/esbuild-0.21.5.tgz 4364ms (cache miss)
3289 http fetch GET 200 https://registry.npmjs.org/@aws-amplify/backend-secret/-/backend-secret-1.4.2.tgz 4369ms (cache miss)
3290 http fetch GET 200 https://registry.npmjs.org/ansi-styles/-/ansi-styles-6.2.3.tgz 4366ms (cache miss)
3291 http fetch GET 200 https://registry.npmjs.org/@aws-amplify/backend-function/-/backend-function-1.18.0.tgz 4371ms (cache miss)
3292 http fetch GET 200 https://registry.npmjs.org/readdirp/-/readdirp-3.6.0.tgz 4373ms (cache miss)
3293 http fetch GET 200 https://registry.npmjs.org/postcss-load-config/-/postcss-load-config-6.0.1.tgz 4381ms (cache miss)
3294 http fetch GET 200 https://registry.npmjs.org/@ardatan/aggregate-error/-/aggregate-error-0.0.6.tgz 4387ms (cache miss)
3295 http fetch GET 200 https://registry.npmjs.org/glob-parent/-/glob-parent-6.0.2.tgz 4395ms (cache miss)
3296 http fetch GET 200 https://registry.npmjs.org/@aws-amplify/graphql-directives/-/graphql-directives-2.8.0.tgz 4401ms (cache miss)
3297 http fetch GET 200 https://registry.npmjs.org/strip-ansi/-/strip-ansi-6.0.1.tgz 4403ms (cache miss)
3298 http fetch GET 200 https://registry.npmjs.org/ansi-regex/-/ansi-regex-5.0.1.tgz 4402ms (cache miss)
3299 http fetch GET 200 https://registry.npmjs.org/picomatch/-/picomatch-2.3.2.tgz 4403ms (cache miss)
3300 http fetch GET 200 https://registry.npmjs.org/ansi-regex/-/ansi-regex-5.0.1.tgz 4408ms (cache miss)
3301 http fetch GET 200 https://registry.npmjs.org/chokidar/-/chokidar-3.6.0.tgz 4409ms (cache miss)
3302 http fetch GET 200 https://registry.npmjs.org/@aws-amplify/backend-output-schemas/-/backend-output-schemas-1.8.0.tgz 4412ms (cache miss)
3303 http fetch GET 200 https://registry.npmjs.org/b4a/-/b4a-1.8.0.tgz 4413ms (cache miss)
3304 http fetch GET 200 https://registry.npmjs.org/glob-parent/-/glob-parent-5.1.2.tgz 4419ms (cache miss)
3305 http fetch GET 200 https://registry.npmjs.org/strip-ansi/-/strip-ansi-6.0.1.tgz 4424ms (cache miss)
3306 http fetch GET 200 https://registry.npmjs.org/strip-ansi/-/strip-ansi-6.0.1.tgz 4427ms (cache miss)
3307 http fetch GET 200 https://registry.npmjs.org/ansi-regex/-/ansi-regex-5.0.1.tgz 4427ms (cache miss)
3308 http fetch GET 200 https://registry.npmjs.org/ansi-regex/-/ansi-regex-5.0.1.tgz 4433ms (cache miss)
3309 http fetch GET 200 https://registry.npmjs.org/@aws-amplify/backend/-/backend-1.22.0.tgz 4444ms (cache miss)
3310 http fetch GET 200 https://registry.npmjs.org/commander/-/commander-4.1.1.tgz 4456ms (cache miss)
3311 http fetch GET 200 https://registry.npmjs.org/minimatch/-/minimatch-3.1.5.tgz 4457ms (cache miss)
3312 http fetch GET 200 https://registry.npmjs.org/glob/-/glob-7.2.3.tgz 4461ms (cache miss)
3313 warn deprecated glob@7.2.3: Old versions of glob are not supported, and contain widely publicized security vulnerabilities, which have been fixed in the current version. Please update. Support for old versions may be purchased (at exorbitant rates) by contacting i@izs.me
3314 http fetch GET 200 https://registry.npmjs.org/brace-expansion/-/brace-expansion-1.1.14.tgz 4461ms (cache miss)
3315 http fetch GET 200 https://registry.npmjs.org/y18n/-/y18n-4.0.3.tgz 4471ms (cache miss)
3316 http fetch GET 200 https://registry.npmjs.org/minimatch/-/minimatch-5.1.9.tgz 4474ms (cache miss)
3317 http fetch GET 200 https://registry.npmjs.org/buffer/-/buffer-6.0.3.tgz 4477ms (cache miss)
3318 http fetch GET 200 https://registry.npmjs.org/cliui/-/cliui-6.0.0.tgz 4478ms (cache miss)
3319 http fetch GET 200 https://registry.npmjs.org/yargs-parser/-/yargs-parser-18.1.3.tgz 4492ms (cache miss)
3320 http fetch GET 200 https://registry.npmjs.org/readable-stream/-/readable-stream-3.6.2.tgz 4497ms (cache miss)
3321 http fetch GET 200 https://registry.npmjs.org/ansi-regex/-/ansi-regex-5.0.1.tgz 4498ms (cache miss)
3322 http fetch GET 200 https://registry.npmjs.org/source-map/-/source-map-0.6.1.tgz 4505ms (cache miss)
3323 http fetch GET 200 https://registry.npmjs.org/strip-ansi/-/strip-ansi-6.0.1.tgz 4515ms (cache miss)
3324 http fetch GET 200 https://registry.npmjs.org/wrap-ansi/-/wrap-ansi-6.2.0.tgz 4516ms (cache miss)
3325 http fetch GET 200 https://registry.npmjs.org/p-limit/-/p-limit-2.3.0.tgz 4526ms (cache miss)
3326 http fetch GET 200 https://registry.npmjs.org/string-width/-/string-width-7.2.0.tgz 4527ms (cache miss)
3327 http fetch GET 200 https://registry.npmjs.org/path-key/-/path-key-4.0.0.tgz 4537ms (cache miss)
3328 http fetch GET 200 https://registry.npmjs.org/emoji-regex/-/emoji-regex-10.6.0.tgz 4537ms (cache miss)
3329 http fetch GET 200 https://registry.npmjs.org/pg-connection-string/-/pg-connection-string-2.12.0.tgz 4542ms (cache miss)
3330 http fetch GET 200 https://registry.npmjs.org/chalk/-/chalk-5.6.2.tgz 4542ms (cache miss)
3331 http fetch GET 200 https://registry.npmjs.org/is-unicode-supported/-/is-unicode-supported-1.3.0.tgz 4546ms (cache miss)
3332 http fetch GET 200 https://registry.npmjs.org/picomatch/-/picomatch-2.3.2.tgz 4551ms (cache miss)
3333 http fetch GET 200 https://registry.npmjs.org/safe-buffer/-/safe-buffer-5.1.2.tgz 4558ms (cache miss)
3334 http fetch GET 200 https://registry.npmjs.org/@aws-sdk/client-ecs/-/client-ecs-3.1039.0.tgz 4572ms (cache miss)
3335 http fetch GET 200 https://registry.npmjs.org/@aws-sdk/client-cloudwatch-logs/-/client-cloudwatch-logs-3.1039.0.tgz 4575ms (cache miss)
3336 http fetch GET 200 https://registry.npmjs.org/isarray/-/isarray-1.0.0.tgz 4563ms (cache miss)
3337 http fetch GET 200 https://registry.npmjs.org/ms/-/ms-2.1.2.tgz 4564ms (cache miss)
3338 http fetch GET 200 https://registry.npmjs.org/@aws-sdk/client-cloudformation/-/client-cloudformation-3.1039.0.tgz 4588ms (cache miss)
3339 http fetch GET 200 https://registry.npmjs.org/@aws-amplify/backend-cli/-/backend-cli-1.8.2.tgz 4583ms (cache miss)
3340 http fetch GET 200 https://registry.npmjs.org/string_decoder/-/string_decoder-1.1.1.tgz 4581ms (cache miss)
3341 http fetch GET 200 https://registry.npmjs.org/@aws-sdk/types/-/types-3.821.0.tgz 4587ms (cache miss)
3342 http fetch GET 200 https://registry.npmjs.org/debug/-/debug-4.3.4.tgz 4583ms (cache miss)
3343 http fetch GET 200 https://registry.npmjs.org/@aws-sdk/types/-/types-3.821.0.tgz 4594ms (cache miss)
3344 http fetch GET 200 https://registry.npmjs.org/b4a/-/b4a-1.8.0.tgz 4595ms (cache miss)
3345 http fetch GET 200 https://registry.npmjs.org/yargs/-/yargs-15.4.1.tgz 4598ms (cache miss)
3346 http fetch GET 200 https://registry.npmjs.org/is-stream/-/is-stream-4.0.1.tgz 4600ms (cache miss)
3347 http fetch GET 200 https://registry.npmjs.org/balanced-match/-/balanced-match-4.0.4.tgz 4600ms (cache miss)
3348 http fetch GET 200 https://registry.npmjs.org/brace-expansion/-/brace-expansion-5.0.5.tgz 4601ms (cache miss)
3349 http fetch GET 200 https://registry.npmjs.org/lru-cache/-/lru-cache-8.0.5.tgz 4602ms (cache miss)
3350 http fetch GET 200 https://registry.npmjs.org/node-fetch/-/node-fetch-2.7.0.tgz 4605ms (cache miss)
3351 http fetch GET 200 https://registry.npmjs.org/chalk/-/chalk-5.6.2.tgz 4606ms (cache miss)
3352 http fetch GET 200 https://registry.npmjs.org/strip-ansi/-/strip-ansi-6.0.1.tgz 4606ms (cache miss)
3353 http fetch GET 200 https://registry.npmjs.org/wrap-ansi/-/wrap-ansi-7.0.0.tgz 4611ms (cache miss)
3354 http fetch GET 200 https://registry.npmjs.org/camel-case/-/camel-case-4.1.2.tgz 4618ms (cache miss)
3355 http fetch GET 200 https://registry.npmjs.org/iconv-lite/-/iconv-lite-0.6.3.tgz 4620ms (cache miss)
3356 http fetch GET 200 https://registry.npmjs.org/readable-stream/-/readable-stream-2.3.8.tgz 4622ms (cache miss)
3357 http fetch GET 200 https://registry.npmjs.org/ansi-regex/-/ansi-regex-5.0.1.tgz 4623ms (cache miss)
3358 http fetch GET 200 https://registry.npmjs.org/source-map/-/source-map-0.6.1.tgz 4625ms (cache miss)
3359 http fetch GET 200 https://registry.npmjs.org/tslib/-/tslib-1.14.1.tgz 4625ms (cache miss)
3360 http fetch GET 200 https://registry.npmjs.org/is-stream/-/is-stream-4.0.1.tgz 4625ms (cache miss)
3361 http fetch GET 200 https://registry.npmjs.org/to-fast-properties/-/to-fast-properties-1.0.3.tgz 4626ms (cache miss)
3362 http fetch GET 200 https://registry.npmjs.org/graphql-mapping-template/-/graphql-mapping-template-4.20.16.tgz 4648ms (cache miss)
3363 http fetch GET 200 https://registry.npmjs.org/jsesc/-/jsesc-1.3.0.tgz 4659ms (cache miss)
3364 http fetch GET 200 https://registry.npmjs.org/wrap-ansi/-/wrap-ansi-8.1.0.tgz 4658ms (cache miss)
3365 http fetch GET 200 https://registry.npmjs.org/string-width/-/string-width-5.1.2.tgz 4660ms (cache miss)
3366 http fetch GET 200 https://registry.npmjs.org/emoji-regex/-/emoji-regex-9.2.2.tgz 4668ms (cache miss)
3367 http fetch GET 200 https://registry.npmjs.org/@isaacs/cliui/-/cliui-8.0.2.tgz 4678ms (cache miss)
3368 http fetch GET 200 https://registry.npmjs.org/picomatch/-/picomatch-2.3.2.tgz 4680ms (cache miss)
3369 http fetch GET 200 https://registry.npmjs.org/path-scurry/-/path-scurry-1.11.1.tgz 4690ms (cache miss)
3370 http fetch GET 200 https://registry.npmjs.org/lru-cache/-/lru-cache-11.3.5.tgz 4696ms (cache miss)
3371 http fetch GET 200 https://registry.npmjs.org/jackspeak/-/jackspeak-3.4.3.tgz 4701ms (cache miss)
3372 http fetch GET 200 https://registry.npmjs.org/ansi-styles/-/ansi-styles-6.2.3.tgz 4700ms (cache miss)
3373 http fetch GET 200 https://registry.npmjs.org/@aws-amplify/graphql-transformer-core/-/graphql-transformer-core-3.5.1.tgz 4723ms (cache miss)
3374 http fetch GET 200 https://registry.npmjs.org/lru-cache/-/lru-cache-10.4.3.tgz 4721ms (cache miss)
3375 http fetch GET 200 https://registry.npmjs.org/@aws-amplify/cli-core/-/cli-core-2.2.4.tgz 4736ms (cache miss)
3376 http fetch GET 200 https://registry.npmjs.org/@smithy/is-array-buffer/-/is-array-buffer-2.2.0.tgz 4725ms (cache miss)
3377 http fetch GET 200 https://registry.npmjs.org/@smithy/util-hex-encoding/-/util-hex-encoding-4.2.2.tgz 4725ms (cache miss)
3378 http fetch GET 200 https://registry.npmjs.org/@smithy/util-buffer-from/-/util-buffer-from-2.2.0.tgz 4728ms (cache miss)
3379 http fetch GET 200 https://registry.npmjs.org/@smithy/util-utf8/-/util-utf8-4.2.2.tgz 4730ms (cache miss)
3380 http fetch GET 200 https://registry.npmjs.org/minimatch/-/minimatch-10.2.5.tgz 4740ms (cache miss)
3381 http fetch GET 200 https://registry.npmjs.org/@smithy/util-buffer-from/-/util-buffer-from-3.0.0.tgz 4738ms (cache miss)
3382 http fetch GET 200 https://registry.npmjs.org/@smithy/util-utf8/-/util-utf8-4.2.2.tgz 4754ms (cache miss)
3383 http fetch GET 200 https://registry.npmjs.org/@smithy/is-array-buffer/-/is-array-buffer-3.0.0.tgz 4754ms (cache miss)
3384 http fetch GET 200 https://registry.npmjs.org/@smithy/util-base64/-/util-base64-4.3.2.tgz 4758ms (cache miss)
3385 http fetch GET 200 https://registry.npmjs.org/@aws-amplify/appsync-modelgen-plugin/-/appsync-modelgen-plugin-2.15.2.tgz 4770ms (cache miss)
3386 http fetch GET 200 https://registry.npmjs.org/@smithy/util-utf8/-/util-utf8-4.2.2.tgz 4769ms (cache miss)
3387 http fetch GET 200 https://registry.npmjs.org/@smithy/util-hex-encoding/-/util-hex-encoding-4.2.2.tgz 4769ms (cache miss)
3388 http fetch GET 200 https://registry.npmjs.org/strip-ansi/-/strip-ansi-6.0.1.tgz 4769ms (cache miss)
3389 http fetch GET 200 https://registry.npmjs.org/@smithy/util-utf8/-/util-utf8-4.2.2.tgz 4770ms (cache miss)
3390 http fetch GET 200 https://registry.npmjs.org/@smithy/util-hex-encoding/-/util-hex-encoding-4.2.2.tgz 4778ms (cache miss)
3391 http fetch GET 200 https://registry.npmjs.org/@smithy/util-utf8/-/util-utf8-4.2.2.tgz 4783ms (cache miss)
3392 http fetch GET 200 https://registry.npmjs.org/@smithy/util-utf8/-/util-utf8-4.2.2.tgz 4784ms (cache miss)
3393 http fetch GET 200 https://registry.npmjs.org/@smithy/util-base64/-/util-base64-4.3.2.tgz 4787ms (cache miss)
3394 http fetch GET 200 https://registry.npmjs.org/@aws-amplify/api-rest/-/api-rest-4.6.4.tgz 4801ms (cache miss)
3395 http fetch GET 200 https://registry.npmjs.org/@smithy/util-utf8/-/util-utf8-3.0.0.tgz 4791ms (cache miss)
3396 http fetch GET 200 https://registry.npmjs.org/@smithy/util-utf8/-/util-utf8-4.2.2.tgz 4791ms (cache miss)
3397 http fetch GET 200 https://registry.npmjs.org/ansi-regex/-/ansi-regex-5.0.1.tgz 4791ms (cache miss)
3398 http fetch GET 200 https://registry.npmjs.org/tslib/-/tslib-2.0.3.tgz 4797ms (cache miss)
3399 http fetch GET 200 https://registry.npmjs.org/@smithy/util-utf8/-/util-utf8-4.2.2.tgz 4814ms (cache miss)
3400 http fetch GET 200 https://registry.npmjs.org/@esbuild/darwin-arm64/-/darwin-arm64-0.21.5.tgz 4831ms (cache miss)
3401 http fetch GET 200 https://registry.npmjs.org/wrap-ansi/-/wrap-ansi-6.2.0.tgz 4827ms (cache miss)
3402 http fetch GET 200 https://registry.npmjs.org/tslib/-/tslib-2.3.1.tgz 4828ms (cache miss)
3403 http fetch GET 200 https://registry.npmjs.org/glob/-/glob-10.5.0.tgz 4834ms (cache miss)
3404 http fetch GET 200 https://registry.npmjs.org/@aws-sdk/client-ssm/-/client-ssm-3.1039.0.tgz 4853ms (cache miss)
3405 warn deprecated glob@10.5.0: Old versions of glob are not supported, and contain widely publicized security vulnerabilities, which have been fixed in the current version. Please update. Support for old versions may be purchased (at exorbitant rates) by contacting i@izs.me
3406 http fetch GET 200 https://registry.npmjs.org/camel-case/-/camel-case-4.1.2.tgz 4833ms (cache miss)
3407 http fetch GET 200 https://registry.npmjs.org/@smithy/util-base64/-/util-base64-4.3.2.tgz 4837ms (cache miss)
3408 http fetch GET 200 https://registry.npmjs.org/tslib/-/tslib-2.2.0.tgz 4837ms (cache miss)
3409 http fetch GET 200 https://registry.npmjs.org/minimatch/-/minimatch-9.0.9.tgz 4847ms (cache miss)
3410 http fetch GET 200 https://registry.npmjs.org/tslib/-/tslib-2.6.3.tgz 4843ms (cache miss)
3411 http fetch GET 200 https://registry.npmjs.org/@aws-sdk/client-bedrock-agentcore-control/-/client-bedrock-agentcore-control-3.1039.0.tgz 4865ms (cache miss)
3412 http fetch GET 200 https://registry.npmjs.org/@aws-cdk/asset-awscli-v1/-/asset-awscli-v1-2.2.273.tgz 4864ms (cache miss)
3413 http fetch GET 200 https://registry.npmjs.org/@aws-amplify/datastore/-/datastore-5.1.6.tgz 4868ms (cache miss)
3414 http fetch GET 200 https://registry.npmjs.org/@smithy/util-base64/-/util-base64-4.3.2.tgz 4857ms (cache miss)
3415 http fetch GET 200 https://registry.npmjs.org/change-case-all/-/change-case-all-1.0.14.tgz 4864ms (cache miss)
3416 http fetch GET 200 https://registry.npmjs.org/immutable/-/immutable-5.1.5.tgz 4892ms (cache miss)
3417 http fetch GET 200 https://registry.npmjs.org/@graphql-tools/optimize/-/optimize-2.0.0.tgz 4893ms (cache miss)
3418 http fetch GET 200 https://registry.npmjs.org/@ardatan/relay-compiler/-/relay-compiler-12.0.0.tgz 4911ms (cache miss)
3419 http fetch GET 200 https://registry.npmjs.org/tslib/-/tslib-2.4.1.tgz 4919ms (cache miss)
3420 http fetch GET 200 https://registry.npmjs.org/@graphql-codegen/plugin-helpers/-/plugin-helpers-1.18.8.tgz 4925ms (cache miss)
3421 http fetch GET 200 https://registry.npmjs.org/tslib/-/tslib-2.6.3.tgz 4933ms (cache miss)
3422 http fetch GET 200 https://registry.npmjs.org/tslib/-/tslib-2.4.1.tgz 4941ms (cache miss)
3423 http fetch GET 200 https://registry.npmjs.org/jsesc/-/jsesc-3.1.0.tgz 4948ms (cache miss)
3424 http fetch GET 200 https://registry.npmjs.org/@graphql-tools/relay-operation-optimizer/-/relay-operation-optimizer-7.1.4.tgz 4953ms (cache miss)
3425 http fetch GET 200 https://registry.npmjs.org/@graphql-codegen/plugin-helpers/-/plugin-helpers-5.1.1.tgz 4953ms (cache miss)
3426 http fetch GET 200 https://registry.npmjs.org/@graphql-codegen/plugin-helpers/-/plugin-helpers-5.1.1.tgz 4955ms (cache miss)
3427 http fetch GET 200 https://registry.npmjs.org/semver/-/semver-6.3.1.tgz 4998ms (cache miss)
3428 http fetch GET 200 https://registry.npmjs.org/semver/-/semver-6.3.1.tgz 5000ms (cache miss)
3429 http fetch GET 200 https://registry.npmjs.org/semver/-/semver-6.3.1.tgz 5017ms (cache miss)
3430 http fetch GET 200 https://registry.npmjs.org/jsesc/-/jsesc-3.1.0.tgz 5019ms (cache miss)
3431 http fetch GET 200 https://registry.npmjs.org/@smithy/util-utf8/-/util-utf8-4.2.2.tgz 5020ms (cache miss)
3432 http fetch GET 200 https://registry.npmjs.org/@smithy/util-base64/-/util-base64-4.3.2.tgz 5042ms (cache miss)
3433 http fetch GET 200 https://registry.npmjs.org/@smithy/util-base64/-/util-base64-4.3.2.tgz 5045ms (cache miss)
3434 http fetch GET 200 https://registry.npmjs.org/@smithy/util-base64/-/util-base64-4.3.2.tgz 5045ms (cache miss)
3435 http fetch GET 200 https://registry.npmjs.org/@smithy/util-utf8/-/util-utf8-4.2.2.tgz 5055ms (cache miss)
3436 http fetch GET 200 https://registry.npmjs.org/@smithy/util-utf8/-/util-utf8-4.2.2.tgz 5059ms (cache miss)
3437 http fetch GET 200 https://registry.npmjs.org/@smithy/util-utf8/-/util-utf8-4.2.2.tgz 5059ms (cache miss)
3438 http fetch GET 200 https://registry.npmjs.org/@smithy/util-utf8/-/util-utf8-4.2.2.tgz 5063ms (cache miss)
3439 http fetch GET 200 https://registry.npmjs.org/@smithy/util-utf8/-/util-utf8-4.2.2.tgz 5069ms (cache miss)
3440 http fetch GET 200 https://registry.npmjs.org/@smithy/util-base64/-/util-base64-4.3.2.tgz 5073ms (cache miss)
3441 http fetch GET 200 https://registry.npmjs.org/@smithy/util-base64/-/util-base64-4.3.2.tgz 5073ms (cache miss)
3442 http fetch GET 200 https://registry.npmjs.org/@smithy/util-base64/-/util-base64-4.3.2.tgz 5073ms (cache miss)
3443 http fetch GET 200 https://registry.npmjs.org/@smithy/util-utf8/-/util-utf8-4.2.2.tgz 5076ms (cache miss)
3444 http fetch GET 200 https://registry.npmjs.org/@smithy/util-base64/-/util-base64-4.3.2.tgz 5090ms (cache miss)
3445 http fetch GET 200 https://registry.npmjs.org/@smithy/util-utf8/-/util-utf8-4.2.2.tgz 5102ms (cache miss)
3446 http fetch GET 200 https://registry.npmjs.org/@smithy/util-utf8/-/util-utf8-4.2.2.tgz 5126ms (cache miss)
3447 http fetch GET 200 https://registry.npmjs.org/@smithy/util-utf8/-/util-utf8-4.2.2.tgz 5127ms (cache miss)
3448 http fetch GET 200 https://registry.npmjs.org/@smithy/util-base64/-/util-base64-4.3.2.tgz 5128ms (cache miss)
3449 http fetch GET 200 https://registry.npmjs.org/@smithy/util-base64/-/util-base64-4.3.2.tgz 5129ms (cache miss)
3450 http fetch GET 200 https://registry.npmjs.org/@smithy/util-utf8/-/util-utf8-4.2.2.tgz 5137ms (cache miss)
3451 http fetch GET 200 https://registry.npmjs.org/@smithy/util-base64/-/util-base64-4.3.2.tgz 5138ms (cache miss)
3452 http fetch GET 200 https://registry.npmjs.org/@smithy/util-base64/-/util-base64-4.3.2.tgz 5138ms (cache miss)
3453 http fetch GET 200 https://registry.npmjs.org/@smithy/util-base64/-/util-base64-4.3.2.tgz 5138ms (cache miss)
3454 http fetch GET 200 https://registry.npmjs.org/@smithy/util-utf8/-/util-utf8-4.2.2.tgz 5139ms (cache miss)
3455 http fetch GET 200 https://registry.npmjs.org/@smithy/util-utf8/-/util-utf8-4.2.2.tgz 5139ms (cache miss)
3456 http fetch GET 200 https://registry.npmjs.org/@smithy/util-utf8/-/util-utf8-4.2.2.tgz 5144ms (cache miss)
3457 http fetch GET 200 https://registry.npmjs.org/@smithy/util-base64/-/util-base64-4.3.2.tgz 5148ms (cache miss)
3458 http fetch GET 200 https://registry.npmjs.org/@smithy/util-base64/-/util-base64-4.3.2.tgz 5154ms (cache miss)
3459 http fetch GET 200 https://registry.npmjs.org/@smithy/util-utf8/-/util-utf8-4.2.2.tgz 5185ms (cache miss)
3460 http fetch GET 200 https://registry.npmjs.org/@smithy/util-utf8/-/util-utf8-4.2.2.tgz 5185ms (cache miss)
3461 http fetch GET 200 https://registry.npmjs.org/@smithy/util-utf8/-/util-utf8-4.2.2.tgz 5186ms (cache miss)
3462 http fetch GET 200 https://registry.npmjs.org/@smithy/util-utf8/-/util-utf8-4.2.2.tgz 5186ms (cache miss)
3463 http fetch GET 200 https://registry.npmjs.org/@smithy/util-base64/-/util-base64-4.3.2.tgz 5187ms (cache miss)
3464 http fetch GET 200 https://registry.npmjs.org/@smithy/util-utf8/-/util-utf8-4.2.2.tgz 5220ms (cache miss)
3465 http fetch GET 200 https://registry.npmjs.org/@smithy/util-base64/-/util-base64-4.3.2.tgz 5224ms (cache miss)
3466 http fetch GET 200 https://registry.npmjs.org/@smithy/util-base64/-/util-base64-4.3.2.tgz 5225ms (cache miss)
3467 http fetch GET 200 https://registry.npmjs.org/@smithy/util-base64/-/util-base64-4.3.2.tgz 5224ms (cache miss)
3468 http fetch GET 200 https://registry.npmjs.org/@smithy/util-base64/-/util-base64-4.3.2.tgz 5231ms (cache miss)
3469 http fetch GET 200 https://registry.npmjs.org/@smithy/util-utf8/-/util-utf8-4.2.2.tgz 5232ms (cache miss)
3470 http fetch GET 200 https://registry.npmjs.org/@smithy/util-base64/-/util-base64-4.3.2.tgz 5241ms (cache miss)
3471 http fetch GET 200 https://registry.npmjs.org/@smithy/util-base64/-/util-base64-4.3.2.tgz 5240ms (cache miss)
3472 http fetch GET 200 https://registry.npmjs.org/@smithy/util-base64/-/util-base64-4.3.2.tgz 5240ms (cache miss)
3473 http fetch GET 200 https://registry.npmjs.org/@smithy/util-utf8/-/util-utf8-4.2.2.tgz 5244ms (cache miss)
3474 http fetch GET 200 https://registry.npmjs.org/@smithy/util-utf8/-/util-utf8-4.2.2.tgz 5245ms (cache miss)
3475 http fetch GET 200 https://registry.npmjs.org/@smithy/util-utf8/-/util-utf8-4.2.2.tgz 5244ms (cache miss)
3476 http fetch GET 200 https://registry.npmjs.org/@smithy/util-utf8/-/util-utf8-4.2.2.tgz 5249ms (cache miss)
3477 http fetch GET 200 https://registry.npmjs.org/@smithy/util-base64/-/util-base64-4.3.2.tgz 5247ms (cache miss)
3478 http fetch GET 200 https://registry.npmjs.org/@smithy/util-base64/-/util-base64-4.3.2.tgz 5247ms (cache miss)
3479 http fetch GET 200 https://registry.npmjs.org/@smithy/util-base64/-/util-base64-4.3.2.tgz 5248ms (cache miss)
3480 http fetch GET 200 https://registry.npmjs.org/universalify/-/universalify-2.0.1.tgz 5249ms (cache miss)
3481 http fetch GET 200 https://registry.npmjs.org/strip-ansi/-/strip-ansi-6.0.1.tgz 5251ms (cache miss)
3482 http fetch GET 200 https://registry.npmjs.org/@smithy/util-utf8/-/util-utf8-4.2.2.tgz 5256ms (cache miss)
3483 http fetch GET 200 https://registry.npmjs.org/wrap-ansi/-/wrap-ansi-7.0.0.tgz 5253ms (cache miss)
3484 http fetch GET 200 https://registry.npmjs.org/@smithy/util-utf8/-/util-utf8-4.2.2.tgz 5258ms (cache miss)
3485 http fetch GET 200 https://registry.npmjs.org/chalk/-/chalk-4.1.2.tgz 5271ms (cache miss)
3486 http fetch GET 200 https://registry.npmjs.org/@aws-sdk/client-rds/-/client-rds-3.1039.0.tgz 5307ms (cache miss)
3487 http fetch GET 200 https://registry.npmjs.org/ansi-regex/-/ansi-regex-5.0.1.tgz 5274ms (cache miss)
3488 http fetch GET 200 https://registry.npmjs.org/@aws-sdk/client-iam/-/client-iam-3.1039.0.tgz 5307ms (cache miss)
3489 http fetch GET 200 https://registry.npmjs.org/jsonfile/-/jsonfile-6.2.1.tgz 5276ms (cache miss)
3490 http fetch GET 200 https://registry.npmjs.org/chalk/-/chalk-4.1.2.tgz 5277ms (cache miss)
3491 http fetch GET 200 https://registry.npmjs.org/@smithy/util-utf8/-/util-utf8-4.2.2.tgz 5287ms (cache miss)
3492 http fetch GET 200 https://registry.npmjs.org/isarray/-/isarray-1.0.0.tgz 5303ms (cache miss)
3493 http fetch GET 200 https://registry.npmjs.org/wrap-ansi/-/wrap-ansi-6.2.0.tgz 5305ms (cache miss)
3494 http fetch GET 200 https://registry.npmjs.org/strip-ansi/-/strip-ansi-6.0.1.tgz 5311ms (cache miss)
3495 http fetch GET 200 https://registry.npmjs.org/ansi-regex/-/ansi-regex-5.0.1.tgz 5314ms (cache miss)
3496 http fetch GET 200 https://registry.npmjs.org/yargs-parser/-/yargs-parser-18.1.3.tgz 5320ms (cache miss)
3497 http fetch GET 200 https://registry.npmjs.org/y18n/-/y18n-4.0.3.tgz 5332ms (cache miss)
3498 http fetch GET 200 https://registry.npmjs.org/supports-color/-/supports-color-5.5.0.tgz 5333ms (cache miss)
3499 http fetch GET 200 https://registry.npmjs.org/universalify/-/universalify-2.0.1.tgz 5334ms (cache miss)
3500 http fetch GET 200 https://registry.npmjs.org/restore-cursor/-/restore-cursor-3.1.0.tgz 5335ms (cache miss)
3501 http fetch GET 200 https://registry.npmjs.org/strip-ansi/-/strip-ansi-6.0.1.tgz 5336ms (cache miss)
3502 http fetch GET 200 https://registry.npmjs.org/ts-dedent/-/ts-dedent-2.2.0.tgz 5336ms (cache miss)
3503 http fetch GET 200 https://registry.npmjs.org/cliui/-/cliui-6.0.0.tgz 5337ms (cache miss)
3504 http fetch GET 200 https://registry.npmjs.org/@smithy/util-base64/-/util-base64-4.3.2.tgz 5343ms (cache miss)
3505 http fetch GET 200 https://registry.npmjs.org/signal-exit/-/signal-exit-3.0.7.tgz 5340ms (cache miss)
3506 http fetch GET 200 https://registry.npmjs.org/@smithy/util-utf8/-/util-utf8-4.2.2.tgz 5344ms (cache miss)
3507 http fetch GET 200 https://registry.npmjs.org/ora/-/ora-4.1.1.tgz 5344ms (cache miss)
3508 http fetch GET 200 https://registry.npmjs.org/@smithy/util-utf8/-/util-utf8-4.2.2.tgz 5352ms (cache miss)
3509 http fetch GET 200 https://registry.npmjs.org/@smithy/util-utf8/-/util-utf8-4.2.2.tgz 5353ms (cache miss)
3510 http fetch GET 200 https://registry.npmjs.org/@graphql-codegen/visitor-plugin-common/-/visitor-plugin-common-5.8.0.tgz 5367ms (cache miss)
3511 http fetch GET 200 https://registry.npmjs.org/@smithy/util-base64/-/util-base64-4.3.2.tgz 5368ms (cache miss)
3512 http fetch GET 200 https://registry.npmjs.org/onetime/-/onetime-5.1.2.tgz 5381ms (cache miss)
3513 http fetch GET 200 https://registry.npmjs.org/mute-stream/-/mute-stream-0.0.8.tgz 5381ms (cache miss)
3514 http fetch GET 200 https://registry.npmjs.org/has-flag/-/has-flag-3.0.0.tgz 5381ms (cache miss)
3515 http fetch GET 200 https://registry.npmjs.org/chalk/-/chalk-2.4.2.tgz 5382ms (cache miss)
3516 http fetch GET 200 https://registry.npmjs.org/color-name/-/color-name-1.1.3.tgz 5382ms (cache miss)
3517 http fetch GET 200 https://registry.npmjs.org/is-interactive/-/is-interactive-1.0.0.tgz 5382ms (cache miss)
3518 http fetch GET 200 https://registry.npmjs.org/cli-cursor/-/cli-cursor-3.1.0.tgz 5382ms (cache miss)
3519 http fetch GET 200 https://registry.npmjs.org/@smithy/util-base64/-/util-base64-4.3.2.tgz 5389ms (cache miss)
3520 http fetch GET 200 https://registry.npmjs.org/color-convert/-/color-convert-1.9.3.tgz 5385ms (cache miss)
3521 http fetch GET 200 https://registry.npmjs.org/jsonfile/-/jsonfile-6.2.1.tgz 5387ms (cache miss)
3522 http fetch GET 200 https://registry.npmjs.org/ansi-regex/-/ansi-regex-5.0.1.tgz 5397ms (cache miss)
3523 http fetch GET 200 https://registry.npmjs.org/@smithy/md5-js/-/md5-js-2.0.7.tgz 5400ms (cache miss)
3524 http fetch GET 200 https://registry.npmjs.org/log-symbols/-/log-symbols-3.0.0.tgz 5417ms (cache miss)
3525 http fetch GET 200 https://registry.npmjs.org/strip-ansi/-/strip-ansi-6.0.1.tgz 5416ms (cache miss)
3526 http fetch GET 200 https://registry.npmjs.org/wrap-ansi/-/wrap-ansi-6.2.0.tgz 5416ms (cache miss)
3527 http fetch GET 200 https://registry.npmjs.org/y18n/-/y18n-4.0.3.tgz 5417ms (cache miss)
3528 http fetch GET 200 https://registry.npmjs.org/cliui/-/cliui-6.0.0.tgz 5416ms (cache miss)
3529 http fetch GET 200 https://registry.npmjs.org/isarray/-/isarray-1.0.0.tgz 5417ms (cache miss)
3530 http fetch GET 200 https://registry.npmjs.org/yargs-parser/-/yargs-parser-18.1.3.tgz 5421ms (cache miss)
3531 http fetch GET 200 https://registry.npmjs.org/ansi-regex/-/ansi-regex-5.0.1.tgz 5426ms (cache miss)
3532 http fetch GET 200 https://registry.npmjs.org/@graphql-tools/utils/-/utils-7.10.0.tgz 5442ms (cache miss)
3533 http fetch GET 200 https://registry.npmjs.org/common-tags/-/common-tags-1.8.0.tgz 5444ms (cache miss)
3534 http fetch GET 200 https://registry.npmjs.org/@babel/generator/-/generator-7.29.1.tgz 5459ms (cache miss)
3535 http fetch GET 200 https://registry.npmjs.org/@babel/generator/-/generator-7.29.1.tgz 5460ms (cache miss)
3536 http fetch GET 200 https://registry.npmjs.org/@aws-cdk/service-spec-types/-/service-spec-types-0.0.243.tgz 5470ms (cache miss)
3537 http fetch GET 200 https://registry.npmjs.org/ansi-styles/-/ansi-styles-3.2.1.tgz 5465ms (cache miss)
3538 http fetch GET 200 https://registry.npmjs.org/yargs-parser/-/yargs-parser-18.1.3.tgz 5466ms (cache miss)
3539 http fetch GET 200 https://registry.npmjs.org/@smithy/util-buffer-from/-/util-buffer-from-2.2.0.tgz 5466ms (cache miss)
3540 http fetch GET 200 https://registry.npmjs.org/y18n/-/y18n-4.0.3.tgz 5470ms (cache miss)
3541 http fetch GET 200 https://registry.npmjs.org/@smithy/is-array-buffer/-/is-array-buffer-2.2.0.tgz 5471ms (cache miss)
3542 http fetch GET 200 https://registry.npmjs.org/fs-extra/-/fs-extra-9.1.0.tgz 5485ms (cache miss)
3543 http fetch GET 200 https://registry.npmjs.org/wrap-ansi/-/wrap-ansi-6.2.0.tgz 5481ms (cache miss)
3544 http fetch GET 200 https://registry.npmjs.org/minimatch/-/minimatch-3.1.5.tgz 5485ms (cache miss)
3545 http fetch GET 200 https://registry.npmjs.org/fs-extra/-/fs-extra-11.1.1.tgz 5514ms (cache miss)
3546 http fetch GET 200 https://registry.npmjs.org/buffer/-/buffer-4.9.2.tgz 5521ms (cache miss)
3547 http fetch GET 200 https://registry.npmjs.org/glob/-/glob-7.2.3.tgz 5517ms (cache miss)
3548 warn deprecated glob@7.2.3: Old versions of glob are not supported, and contain widely publicized security vulnerabilities, which have been fixed in the current version. Please update. Support for old versions may be purchased (at exorbitant rates) by contacting i@izs.me
3549 http fetch GET 200 https://registry.npmjs.org/ansi-regex/-/ansi-regex-5.0.1.tgz 5521ms (cache miss)
3550 http fetch GET 200 https://registry.npmjs.org/strip-ansi/-/strip-ansi-6.0.1.tgz 5521ms (cache miss)
3551 http fetch GET 200 https://registry.npmjs.org/brace-expansion/-/brace-expansion-1.1.14.tgz 5521ms (cache miss)
3552 http fetch GET 200 https://registry.npmjs.org/@smithy/util-utf8/-/util-utf8-2.0.0.tgz 5523ms (cache miss)
3553 http fetch GET 200 https://registry.npmjs.org/jsesc/-/jsesc-3.1.0.tgz 5522ms (cache miss)
3554 http fetch GET 200 https://registry.npmjs.org/cliui/-/cliui-6.0.0.tgz 5523ms (cache miss)
3555 http fetch GET 200 https://registry.npmjs.org/chalk/-/chalk-4.1.2.tgz 5526ms (cache miss)
3556 http fetch GET 200 https://registry.npmjs.org/tslib/-/tslib-2.0.3.tgz 5526ms (cache miss)
3557 http fetch GET 200 https://registry.npmjs.org/@graphql-tools/utils/-/utils-9.2.1.tgz 5579ms (cache miss)
3558 http fetch GET 200 https://registry.npmjs.org/graphql-transformer-common/-/graphql-transformer-common-5.1.4.tgz 5583ms (cache miss)
3559 http fetch GET 200 https://registry.npmjs.org/@graphql-tools/utils/-/utils-9.2.1.tgz 5597ms (cache miss)
3560 http fetch GET 200 https://registry.npmjs.org/buffer/-/buffer-4.9.2.tgz 5584ms (cache miss)
3561 http fetch GET 200 https://registry.npmjs.org/@graphql-tools/utils/-/utils-9.2.1.tgz 5605ms (cache miss)
3562 http fetch GET 200 https://registry.npmjs.org/yargs/-/yargs-15.4.1.tgz 5595ms (cache miss)
3563 http fetch GET 200 https://registry.npmjs.org/graphql-transformer-common/-/graphql-transformer-common-5.1.4.tgz 5600ms (cache miss)
3564 http fetch GET 200 https://registry.npmjs.org/yargs/-/yargs-15.4.1.tgz 5650ms (cache miss)
3565 http fetch GET 200 https://registry.npmjs.org/@ardatan/relay-compiler/-/relay-compiler-13.0.1.tgz 5669ms (cache miss)
3566 http fetch GET 200 https://registry.npmjs.org/@babel/types/-/types-7.29.0.tgz 5674ms (cache miss)
3567 http fetch GET 200 https://registry.npmjs.org/@aws-amplify/codegen-ui-react/-/codegen-ui-react-2.20.4.tgz 5694ms (cache miss)
3568 http fetch GET 200 https://registry.npmjs.org/@babel/types/-/types-7.29.0.tgz 5685ms (cache miss)
3569 http fetch GET 200 https://registry.npmjs.org/@smithy/types/-/types-3.7.2.tgz 5690ms (cache miss)
3570 http fetch GET 200 https://registry.npmjs.org/@babel/types/-/types-7.29.0.tgz 5694ms (cache miss)
3571 http fetch GET 200 https://registry.npmjs.org/@babel/types/-/types-7.29.0.tgz 5698ms (cache miss)
3572 http fetch GET 200 https://registry.npmjs.org/yargs/-/yargs-15.4.1.tgz 5683ms (cache miss)
3573 http fetch GET 200 https://registry.npmjs.org/@graphql-tools/utils/-/utils-10.11.0.tgz 5709ms (cache miss)
3574 http fetch GET 200 https://registry.npmjs.org/@aws-amplify/codegen-ui/-/codegen-ui-2.20.4.tgz 5729ms (cache miss)
3575 http fetch GET 200 https://registry.npmjs.org/@graphql-tools/utils/-/utils-10.11.0.tgz 5716ms (cache miss)
3576 http fetch GET 200 https://registry.npmjs.org/@babel/generator/-/generator-7.29.1.tgz 5707ms (cache miss)
3577 http fetch GET 200 https://registry.npmjs.org/@graphql-tools/utils/-/utils-11.1.0.tgz 5736ms (cache miss)
3578 http fetch GET 200 https://registry.npmjs.org/@graphql-tools/utils/-/utils-9.2.1.tgz 5754ms (cache miss)
3579 http fetch GET 200 https://registry.npmjs.org/@graphql-tools/utils/-/utils-9.2.1.tgz 5761ms (cache miss)
3580 http fetch GET 200 https://registry.npmjs.org/@aws-amplify/api-graphql/-/api-graphql-4.8.6.tgz 5793ms (cache miss)
3581 http fetch GET 200 https://registry.npmjs.org/@graphql-tools/utils/-/utils-11.1.0.tgz 5796ms (cache miss)
3582 http fetch GET 200 https://registry.npmjs.org/prettier/-/prettier-1.19.1.tgz 5873ms (cache miss)
3583 http fetch GET 200 https://registry.npmjs.org/prettier/-/prettier-1.19.1.tgz 5886ms (cache miss)
3584 http fetch GET 200 https://registry.npmjs.org/@aws-cdk/toolkit-lib/-/toolkit-lib-1.16.0.tgz 5922ms (cache miss)
3585 http fetch GET 200 https://registry.npmjs.org/@graphql-tools/utils/-/utils-9.2.1.tgz 5924ms (cache miss)
3586 http fetch GET 200 https://registry.npmjs.org/@babel/types/-/types-7.29.0.tgz 5941ms (cache miss)
3587 http fetch GET 200 https://registry.npmjs.org/@babel/types/-/types-7.29.0.tgz 5950ms (cache miss)
3588 http fetch GET 200 https://registry.npmjs.org/@babel/types/-/types-7.29.0.tgz 5951ms (cache miss)
3589 http fetch GET 200 https://registry.npmjs.org/@babel/types/-/types-7.29.0.tgz 5956ms (cache miss)
3590 http fetch GET 200 https://registry.npmjs.org/@babel/types/-/types-7.29.0.tgz 5957ms (cache miss)
3591 http fetch GET 200 https://registry.npmjs.org/@babel/types/-/types-7.29.0.tgz 5958ms (cache miss)
3592 http fetch GET 200 https://registry.npmjs.org/@babel/types/-/types-7.29.0.tgz 5960ms (cache miss)
3593 http fetch GET 200 https://registry.npmjs.org/@babel/types/-/types-7.29.0.tgz 5961ms (cache miss)
3594 http fetch GET 200 https://registry.npmjs.org/@babel/types/-/types-7.29.0.tgz 5962ms (cache miss)
3595 http fetch GET 200 https://registry.npmjs.org/@babel/types/-/types-7.29.0.tgz 5963ms (cache miss)
3596 http fetch GET 200 https://registry.npmjs.org/@babel/types/-/types-7.29.0.tgz 5965ms (cache miss)
3597 http fetch GET 200 https://registry.npmjs.org/@aws-amplify/graphql-directives/-/graphql-directives-1.1.1.tgz 5981ms (cache miss)
3598 http fetch GET 200 https://registry.npmjs.org/@smithy/types/-/types-2.12.0.tgz 6036ms (cache miss)
3599 http fetch GET 200 https://registry.npmjs.org/@babel/types/-/types-7.29.0.tgz 6045ms (cache miss)
3600 http fetch GET 200 https://registry.npmjs.org/lodash/-/lodash-4.17.23.tgz 6105ms (cache miss)
3601 http fetch GET 200 https://registry.npmjs.org/lodash/-/lodash-4.17.23.tgz 6128ms (cache miss)
3602 http fetch GET 200 https://registry.npmjs.org/prettier/-/prettier-2.3.2.tgz 6115ms (cache miss)
3603 http fetch GET 200 https://registry.npmjs.org/@aws-amplify/ui/-/ui-6.15.3.tgz 6153ms (cache miss)
3604 http fetch GET 200 https://registry.npmjs.org/lodash/-/lodash-4.17.23.tgz 6140ms (cache miss)
3605 http fetch GET 200 https://registry.npmjs.org/lodash/-/lodash-4.17.23.tgz 6144ms (cache miss)
3606 http fetch GET 200 https://registry.npmjs.org/graphql/-/graphql-15.8.0.tgz 6217ms (cache miss)
3607 http fetch GET 200 https://registry.npmjs.org/graphql/-/graphql-15.8.0.tgz 6218ms (cache miss)
3608 http fetch GET 200 https://registry.npmjs.org/@aws-amplify/analytics/-/analytics-7.0.94.tgz 6266ms (cache miss)
3609 http fetch GET 200 https://registry.npmjs.org/@aws-amplify/data-schema/-/data-schema-1.25.5.tgz 6368ms (cache miss)
3610 http fetch GET 200 https://registry.npmjs.org/@aws-amplify/ui-react/-/ui-react-6.15.3.tgz 6382ms (cache miss)
3611 http fetch GET 200 https://registry.npmjs.org/@aws-amplify/notifications/-/notifications-2.0.94.tgz 6427ms (cache miss)
3612 http fetch GET 200 https://registry.npmjs.org/typescript/-/typescript-4.4.4.tgz 6518ms (cache miss)
3613 http fetch GET 200 https://registry.npmjs.org/core-js/-/core-js-2.6.12.tgz 6564ms (cache miss)
3614 warn deprecated core-js@2.6.12: core-js@<3.23.3 is no longer maintained and not recommended for usage due to the number of issues. Because of the V8 engine whims, feature detection in old core-js versions could cause a slowdown up to 100x even if nothing is polyfilled. Some versions have web compatibility issues. Please, upgrade your dependencies to the actual version of core-js.
3615 http fetch GET 200 https://registry.npmjs.org/@aws-amplify/storage/-/storage-6.14.0.tgz 6608ms (cache miss)
3616 http fetch GET 200 https://registry.npmjs.org/@aws-amplify/core/-/core-6.16.2.tgz 6784ms (cache miss)
3617 http fetch GET 200 https://registry.npmjs.org/@aws-amplify/auth/-/auth-6.19.1.tgz 6862ms (cache miss)
3618 http fetch GET 200 https://registry.npmjs.org/@aws-sdk/client-ec2/-/client-ec2-3.1039.0.tgz 6888ms (cache miss)
3619 info run @parcel/watcher@2.5.6 install node_modules/@parcel/watcher node scripts/build-from-source.js
3620 info run @parcel/watcher@2.5.6 install { code: 0, signal: null }
3621 info run core-js@3.49.0 postinstall node_modules/core-js node -e "try{require('./postinstall')}catch(e){}"
3622 info run esbuild@0.25.12 postinstall node_modules/esbuild node install.js
3623 info run core-js@2.6.12 postinstall node_modules/babel-runtime/node_modules/core-js node -e "try{require('./postinstall')}catch(e){}"
3624 info run esbuild@0.21.5 postinstall node_modules/vite/node_modules/esbuild node install.js
3625 info run core-js@3.49.0 postinstall { code: 0, signal: null }
3626 info run core-js@2.6.12 postinstall { code: 0, signal: null }
3627 info run esbuild@0.21.5 postinstall { code: 0, signal: null }
3628 info run esbuild@0.25.12 postinstall { code: 0, signal: null }
3629 silly ADD node_modules/@aws-sdk/middleware-eventstream
3630 silly ADD node_modules/@aws-sdk/middleware-eventstream/node_modules/@aws-sdk/types
3631 silly ADD node_modules/@aws-sdk/eventstream-handler-node
3632 silly ADD node_modules/@aws-sdk/eventstream-handler-node/node_modules/@aws-sdk/types
3633 silly ADD node_modules/ts-algebra
3634 silly ADD node_modules/json-schema-to-ts
3635 silly ADD node_modules/zod
3636 silly ADD node_modules/zip-stream
3637 silly ADD node_modules/yup
3638 silly ADD node_modules/yoctocolors-cjs
3639 silly ADD node_modules/yoctocolors
3640 silly ADD node_modules/yocto-queue
3641 silly ADD node_modules/yargs-parser
3642 silly ADD node_modules/yargs
3643 silly ADD node_modules/yaml
3644 silly ADD node_modules/yallist
3645 silly ADD node_modules/y18n
3646 silly ADD node_modules/xtend
3647 silly ADD node_modules/xstate
3648 silly ADD node_modules/wsl-utils
3649 silly ADD node_modules/wrappy
3650 silly ADD node_modules/wrap-ansi-cjs
3651 silly ADD node_modules/wrap-ansi-cjs/node_modules/strip-ansi
3652 silly ADD node_modules/wrap-ansi-cjs/node_modules/ansi-regex
3653 silly ADD node_modules/wrap-ansi
3654 silly ADD node_modules/wrap-ansi/node_modules/string-width
3655 silly ADD node_modules/wrap-ansi/node_modules/emoji-regex
3656 silly ADD node_modules/wrap-ansi/node_modules/ansi-styles
3657 silly ADD node_modules/wordwrap
3658 silly ADD node_modules/which-typed-array
3659 silly ADD node_modules/which-module
3660 silly ADD node_modules/which-collection
3661 silly ADD node_modules/which-builtin-type
3662 silly ADD node_modules/which-boxed-primitive
3663 silly ADD node_modules/which
3664 silly ADD node_modules/whatwg-url
3665 silly ADD node_modules/whatwg-mimetype
3666 silly ADD node_modules/webidl-conversions
3667 silly ADD node_modules/web-streams-polyfill
3668 silly ADD node_modules/wcwidth
3669 silly ADD node_modules/vite
3670 silly ADD node_modules/vite/node_modules/esbuild
3671 silly ADD node_modules/vite/node_modules/@esbuild/darwin-arm64
3672 silly ADD node_modules/value-or-promise
3673 silly ADD node_modules/uuid
3674 silly ADD node_modules/util-deprecate
3675 silly ADD node_modules/use-sync-external-store
3676 silly ADD node_modules/use-sidecar
3677 silly ADD node_modules/use-isomorphic-layout-effect
3678 silly ADD node_modules/use-callback-ref
3679 silly ADD node_modules/urlpattern-polyfill
3680 silly ADD node_modules/upper-case-first
3681 silly ADD node_modules/upper-case
3682 silly ADD node_modules/update-browserslist-db
3683 silly ADD node_modules/universalify
3684 silly ADD node_modules/unicorn-magic
3685 silly ADD node_modules/unc-path-regex
3686 silly ADD node_modules/unbox-primitive
3687 silly ADD node_modules/ulid
3688 silly ADD node_modules/uglify-js
3689 silly ADD node_modules/ua-parser-js
3690 silly ADD node_modules/typescript
3691 silly ADD node_modules/typed-array-length
3692 silly ADD node_modules/typed-array-byte-offset
3693 silly ADD node_modules/typed-array-byte-length
3694 silly ADD node_modules/typed-array-buffer
3695 silly ADD node_modules/tsx
3696 silly ADD node_modules/tslib
3697 silly ADD node_modules/ts-interface-checker
3698 silly ADD node_modules/ts-dedent
3699 silly ADD node_modules/trim-right
3700 silly ADD node_modules/tr46
3701 silly ADD node_modules/toposort
3702 silly ADD node_modules/to-regex-range
3703 silly ADD node_modules/to-fast-properties
3704 silly ADD node_modules/title-case
3705 silly ADD node_modules/tinyglobby
3706 silly ADD node_modules/timeout-signal
3707 silly ADD node_modules/tildify
3708 silly ADD node_modules/thenify-all
3709 silly ADD node_modules/thenify
3710 silly ADD node_modules/text-decoder
3711 silly ADD node_modules/text-decoder/node_modules/b4a
3712 silly ADD node_modules/teex
3713 silly ADD node_modules/tarn
3714 silly ADD node_modules/tar-stream
3715 silly ADD node_modules/tar-stream/node_modules/b4a
3716 silly ADD node_modules/tailwindcss
3717 silly ADD node_modules/tailwindcss/node_modules/readdirp
3718 silly ADD node_modules/tailwindcss/node_modules/postcss-load-config
3719 silly ADD node_modules/tailwindcss/node_modules/picomatch
3720 silly ADD node_modules/tailwindcss/node_modules/glob-parent
3721 silly ADD node_modules/tailwindcss/node_modules/chokidar
3722 silly ADD node_modules/tailwindcss/node_modules/chokidar/node_modules/glob-parent
3723 silly ADD node_modules/table
3724 silly ADD node_modules/table/node_modules/strip-ansi
3725 silly ADD node_modules/table/node_modules/ansi-regex
3726 silly ADD node_modules/sync-fetch
3727 silly ADD node_modules/swap-case
3728 silly ADD node_modules/supports-preserve-symlinks-flag
3729 silly ADD node_modules/supports-color
3730 silly ADD node_modules/sucrase
3731 silly ADD node_modules/sucrase/node_modules/commander
3732 silly ADD node_modules/strnum
3733 silly ADD node_modules/strip-indent
3734 silly ADD node_modules/strip-final-newline
3735 silly ADD node_modules/strip-ansi-cjs
3736 silly ADD node_modules/strip-ansi-cjs/node_modules/ansi-regex
3737 silly ADD node_modules/strip-ansi
3738 silly ADD node_modules/string.prototype.trimstart
3739 silly ADD node_modules/string.prototype.trimend
3740 silly ADD node_modules/string.prototype.trim
3741 silly ADD node_modules/string-width-cjs
3742 silly ADD node_modules/string-width-cjs/node_modules/strip-ansi
3743 silly ADD node_modules/string-width-cjs/node_modules/ansi-regex
3744 silly ADD node_modules/string-width
3745 silly ADD node_modules/string-width/node_modules/strip-ansi
3746 silly ADD node_modules/string-width/node_modules/ansi-regex
3747 silly ADD node_modules/string_decoder
3748 silly ADD node_modules/streamx
3749 silly ADD node_modules/stream-browserify
3750 silly ADD node_modules/stream-browserify/node_modules/readable-stream
3751 silly ADD node_modules/stop-iteration-iterator
3752 silly ADD node_modules/stdin-discarder
3753 silly ADD node_modules/sqlstring
3754 silly ADD node_modules/sponge-case
3755 silly ADD node_modules/split2
3756 silly ADD node_modules/source-map-support
3757 silly ADD node_modules/source-map-support/node_modules/source-map
3758 silly ADD node_modules/source-map-js
3759 silly ADD node_modules/source-map
3760 silly ADD node_modules/snake-case
3761 silly ADD node_modules/slice-ansi
3762 silly ADD node_modules/slash
3763 silly ADD node_modules/signedsource
3764 silly ADD node_modules/signal-exit
3765 silly ADD node_modules/side-channel-weakmap
3766 silly ADD node_modules/side-channel-map
3767 silly ADD node_modules/side-channel-list
3768 silly ADD node_modules/side-channel
3769 silly ADD node_modules/shebang-regex
3770 silly ADD node_modules/shebang-command
3771 silly ADD node_modules/setimmediate
3772 silly ADD node_modules/set-proto
3773 silly ADD node_modules/set-function-name
3774 silly ADD node_modules/set-function-length
3775 silly ADD node_modules/set-blocking
3776 silly ADD node_modules/seq-queue
3777 silly ADD node_modules/sentence-case
3778 silly ADD node_modules/semver
3779 silly ADD node_modules/scheduler
3780 silly ADD node_modules/safer-buffer
3781 silly ADD node_modules/safe-regex-test
3782 silly ADD node_modules/safe-push-apply
3783 silly ADD node_modules/safe-buffer
3784 silly ADD node_modules/safe-array-concat
3785 silly ADD node_modules/rxjs
3786 silly ADD node_modules/run-parallel
3787 silly ADD node_modules/run-applescript
3788 silly ADD node_modules/rollup
3789 silly ADD node_modules/rimraf
3790 silly ADD node_modules/rimraf/node_modules/minimatch
3791 silly ADD node_modules/rimraf/node_modules/glob
3792 silly ADD node_modules/rimraf/node_modules/brace-expansion
3793 silly ADD node_modules/reusify
3794 silly ADD node_modules/restore-cursor
3795 silly ADD node_modules/resolve-pkg-maps
3796 silly ADD node_modules/resolve-from
3797 silly ADD node_modules/resolve
3798 silly ADD node_modules/require-main-filename
3799 silly ADD node_modules/require-from-string
3800 silly ADD node_modules/require-directory
3801 silly ADD node_modules/repeating
3802 silly ADD node_modules/relay-runtime
3803 silly ADD node_modules/regexp.prototype.flags
3804 silly ADD node_modules/regenerator-runtime
3805 silly ADD node_modules/reflect.getprototypeof
3806 silly ADD node_modules/rechoir
3807 silly ADD node_modules/readdirp
3808 silly ADD node_modules/readdir-glob
3809 silly ADD node_modules/readdir-glob/node_modules/minimatch
3810 silly ADD node_modules/readable-stream
3811 silly ADD node_modules/readable-stream/node_modules/buffer
3812 silly ADD node_modules/read-cache
3813 silly ADD node_modules/react-style-singleton
3814 silly ADD node_modules/react-router-dom
3815 silly ADD node_modules/react-router
3816 silly ADD node_modules/react-remove-scroll-bar
3817 silly ADD node_modules/react-remove-scroll
3818 silly ADD node_modules/react-refresh
3819 silly ADD node_modules/react-hook-form
3820 silly ADD node_modules/react-dom
3821 silly ADD node_modules/react
3822 silly ADD node_modules/queue-microtask
3823 silly ADD node_modules/qrcode
3824 silly ADD node_modules/qrcode/node_modules/yargs-parser
3825 silly ADD node_modules/qrcode/node_modules/yargs
3826 silly ADD node_modules/qrcode/node_modules/y18n
3827 silly ADD node_modules/qrcode/node_modules/wrap-ansi
3828 silly ADD node_modules/qrcode/node_modules/strip-ansi
3829 silly ADD node_modules/qrcode/node_modules/cliui
3830 silly ADD node_modules/qrcode/node_modules/ansi-regex
3831 silly ADD node_modules/property-expr
3832 silly ADD node_modules/promise
3833 silly ADD node_modules/process-nextick-args
3834 silly ADD node_modules/process
3835 silly ADD node_modules/pretty-ms
3836 silly ADD node_modules/prettier
3837 silly ADD node_modules/postgres-interval
3838 silly ADD node_modules/postgres-date
3839 silly ADD node_modules/postgres-bytea
3840 silly ADD node_modules/postgres-array
3841 silly ADD node_modules/postcss-value-parser
3842 silly ADD node_modules/postcss-selector-parser
3843 silly ADD node_modules/postcss-nested
3844 silly ADD node_modules/postcss-js
3845 silly ADD node_modules/postcss-import
3846 silly ADD node_modules/postcss
3847 silly ADD node_modules/possible-typed-array-names
3848 silly ADD node_modules/pngjs
3849 silly ADD node_modules/pluralize
3850 silly ADD node_modules/pirates
3851 silly ADD node_modules/pify
3852 silly ADD node_modules/picomatch
3853 silly ADD node_modules/picocolors
3854 silly ADD node_modules/pgpass
3855 silly ADD node_modules/pg-types
3856 silly ADD node_modules/pg-protocol
3857 silly ADD node_modules/pg-pool
3858 silly ADD node_modules/pg-int8
3859 silly ADD node_modules/pg-connection-string
3860 silly ADD node_modules/pg-cloudflare
3861 silly ADD node_modules/pg
3862 silly ADD node_modules/pg/node_modules/pg-connection-string
3863 silly ADD node_modules/path-type
3864 silly ADD node_modules/path-scurry
3865 silly ADD node_modules/path-scurry/node_modules/lru-cache
3866 silly ADD node_modules/path-root-regex
3867 silly ADD node_modules/path-root
3868 silly ADD node_modules/path-parse
3869 silly ADD node_modules/path-key
3870 silly ADD node_modules/path-is-absolute
3871 silly ADD node_modules/path-expression-matcher
3872 silly ADD node_modules/path-exists
3873 silly ADD node_modules/path-case
3874 silly ADD node_modules/pascal-case
3875 silly ADD node_modules/parse-ms
3876 silly ADD node_modules/parse-gitignore
3877 silly ADD node_modules/parse-filepath
3878 silly ADD node_modules/param-case
3879 silly ADD node_modules/package-json-from-dist
3880 silly ADD node_modules/p-try
3881 silly ADD node_modules/p-locate
3882 silly ADD node_modules/p-locate/node_modules/p-limit
3883 silly ADD node_modules/p-limit
3884 silly ADD node_modules/own-keys
3885 silly ADD node_modules/ora
3886 silly ADD node_modules/ora/node_modules/string-width
3887 silly ADD node_modules/ora/node_modules/emoji-regex
3888 silly ADD node_modules/ora/node_modules/chalk
3889 silly ADD node_modules/open
3890 silly ADD node_modules/onetime
3891 silly ADD node_modules/once
3892 silly ADD node_modules/object.assign
3893 silly ADD node_modules/object-keys
3894 silly ADD node_modules/object-inspect
3895 silly ADD node_modules/object-hash
3896 silly ADD node_modules/object-assign
3897 silly ADD node_modules/nullthrows
3898 silly ADD node_modules/npm-run-path
3899 silly ADD node_modules/npm-run-path/node_modules/path-key
3900 silly ADD node_modules/normalize-path
3901 silly ADD node_modules/node-releases
3902 silly ADD node_modules/node-int64
3903 silly ADD node_modules/node-fetch
3904 silly ADD node_modules/node-domexception
3905 silly ADD node_modules/node-addon-api
3906 silly ADD node_modules/no-case
3907 silly ADD node_modules/neo-async
3908 silly ADD node_modules/nanoid
3909 silly ADD node_modules/nanoclone
3910 silly ADD node_modules/named-placeholders
3911 silly ADD node_modules/mz
3912 silly ADD node_modules/mysql2
3913 silly ADD node_modules/mysql2/node_modules/lru-cache
3914 silly ADD node_modules/mysql2/node_modules/iconv-lite
3915 silly ADD node_modules/mute-stream
3916 silly ADD node_modules/ms
3917 silly ADD node_modules/minipass
3918 silly ADD node_modules/minimist
3919 silly ADD node_modules/minimatch
3920 silly ADD node_modules/min-indent
3921 silly ADD node_modules/mimic-function
3922 silly ADD node_modules/mimic-fn
3923 silly ADD node_modules/mime
3924 silly ADD node_modules/micromatch
3925 silly ADD node_modules/micromatch/node_modules/picomatch
3926 silly ADD node_modules/merge2
3927 silly ADD node_modules/md5
3928 silly ADD node_modules/math-intrinsics
3929 silly ADD node_modules/map-cache
3930 silly ADD node_modules/lru.min
3931 silly ADD node_modules/lru-cache
3932 silly ADD node_modules/lower-case-first
3933 silly ADD node_modules/lower-case
3934 silly ADD node_modules/loose-envify
3935 silly ADD node_modules/long
3936 silly ADD node_modules/log-symbols
3937 silly ADD node_modules/log-symbols/node_modules/is-unicode-supported
3938 silly ADD node_modules/log-symbols/node_modules/chalk
3939 silly ADD node_modules/lodash.truncate
3940 silly ADD node_modules/lodash.snakecase
3941 silly ADD node_modules/lodash.mergewith
3942 silly ADD node_modules/lodash-es
3943 silly ADD node_modules/lodash
3944 silly ADD node_modules/locate-path
3945 silly ADD node_modules/lines-and-columns
3946 silly ADD node_modules/lilconfig
3947 silly ADD node_modules/lazystream
3948 silly ADD node_modules/lazystream/node_modules/string_decoder
3949 silly ADD node_modules/lazystream/node_modules/safe-buffer
3950 silly ADD node_modules/lazystream/node_modules/readable-stream
3951 silly ADD node_modules/lazystream/node_modules/isarray
3952 silly ADD node_modules/knex
3953 silly ADD node_modules/knex/node_modules/ms
3954 silly ADD node_modules/knex/node_modules/debug
3955 silly ADD node_modules/kleur
3956 silly ADD node_modules/jsonfile
3957 silly ADD node_modules/json5
3958 silly ADD node_modules/json-schema-traverse
3959 silly ADD node_modules/jsesc
3960 silly ADD node_modules/js-tokens
3961 silly ADD node_modules/js-cookie
3962 silly ADD node_modules/jiti
3963 silly ADD node_modules/jackspeak
3964 silly ADD node_modules/isexe
3965 silly ADD node_modules/isarray
3966 silly ADD node_modules/is-wsl
3967 silly ADD node_modules/is-windows
3968 silly ADD node_modules/is-weakset
3969 silly ADD node_modules/is-weakref
3970 silly ADD node_modules/is-weakmap
3971 silly ADD node_modules/is-upper-case
3972 silly ADD node_modules/is-unicode-supported
3973 silly ADD node_modules/is-unc-path
3974 silly ADD node_modules/is-typed-array
3975 silly ADD node_modules/is-symbol
3976 silly ADD node_modules/is-string
3977 silly ADD node_modules/is-stream
3978 silly ADD node_modules/is-shared-array-buffer
3979 silly ADD node_modules/is-set
3980 silly ADD node_modules/is-relative
3981 silly ADD node_modules/is-regex
3982 silly ADD node_modules/is-property
3983 silly ADD node_modules/is-plain-obj
3984 silly ADD node_modules/is-number-object
3985 silly ADD node_modules/is-number
3986 silly ADD node_modules/is-negative-zero
3987 silly ADD node_modules/is-map
3988 silly ADD node_modules/is-lower-case
3989 silly ADD node_modules/is-interactive
3990 silly ADD node_modules/is-inside-container
3991 silly ADD node_modules/is-glob
3992 silly ADD node_modules/is-generator-function
3993 silly ADD node_modules/is-fullwidth-code-point
3994 silly ADD node_modules/is-finite
3995 silly ADD node_modules/is-finalizationregistry
3996 silly ADD node_modules/is-extglob
3997 silly ADD node_modules/is-docker
3998 silly ADD node_modules/is-date-object
3999 silly ADD node_modules/is-data-view
4000 silly ADD node_modules/is-core-module
4001 silly ADD node_modules/is-ci
4002 silly ADD node_modules/is-callable
4003 silly ADD node_modules/is-buffer
4004 silly ADD node_modules/is-boolean-object
4005 silly ADD node_modules/is-binary-path
4006 silly ADD node_modules/is-bigint
4007 silly ADD node_modules/is-async-function
4008 silly ADD node_modules/is-array-buffer
4009 silly ADD node_modules/is-absolute
4010 silly ADD node_modules/invariant
4011 silly ADD node_modules/interpret
4012 silly ADD node_modules/internal-slot
4013 silly ADD node_modules/inherits
4014 silly ADD node_modules/inflight
4015 silly ADD node_modules/inflected
4016 silly ADD node_modules/import-from
4017 silly ADD node_modules/immutable
4018 silly ADD node_modules/immer
4019 silly ADD node_modules/ignore
4020 silly ADD node_modules/ieee754
4021 silly ADD node_modules/idb
4022 silly ADD node_modules/iconv-lite
4023 silly ADD node_modules/human-signals
4024 silly ADD node_modules/hjson
4025 silly ADD node_modules/header-case
4026 silly ADD node_modules/hasown
4027 silly ADD node_modules/has-tostringtag
4028 silly ADD node_modules/has-symbols
4029 silly ADD node_modules/has-proto
4030 silly ADD node_modules/has-property-descriptors
4031 silly ADD node_modules/has-flag
4032 silly ADD node_modules/has-bigints
4033 silly ADD node_modules/handlebars
4034 silly ADD node_modules/handlebars/node_modules/source-map
4035 silly ADD node_modules/graphql-transformer-common
4036 silly ADD node_modules/graphql-transformer-common/node_modules/graphql-mapping-template
4037 silly ADD node_modules/graphql-tag
4038 silly ADD node_modules/graphql-mapping-template
4039 silly ADD node_modules/graphql
4040 silly ADD node_modules/graceful-fs
4041 silly ADD node_modules/gopd
4042 silly ADD node_modules/globby
4043 silly ADD node_modules/globalthis
4044 silly ADD node_modules/glob-parent
4045 silly ADD node_modules/glob
4046 silly ADD node_modules/glob/node_modules/minimatch
4047 silly ADD node_modules/glob/node_modules/brace-expansion
4048 silly ADD node_modules/glob/node_modules/balanced-match
4049 silly ADD node_modules/getopts
4050 silly ADD node_modules/get-tsconfig
4051 silly ADD node_modules/get-symbol-description
4052 silly ADD node_modules/get-stream
4053 silly ADD node_modules/get-stream/node_modules/is-stream
4054 silly ADD node_modules/get-proto
4055 silly ADD node_modules/get-package-type
4056 silly ADD node_modules/get-nonce
4057 silly ADD node_modules/get-intrinsic
4058 silly ADD node_modules/get-east-asian-width
4059 silly ADD node_modules/get-caller-file
4060 silly ADD node_modules/gensync
4061 silly ADD node_modules/generator-function
4062 silly ADD node_modules/generate-function
4063 silly ADD node_modules/functions-have-names
4064 silly ADD node_modules/function.prototype.name
4065 silly ADD node_modules/function-bind
4066 silly ADD node_modules/fsevents
4067 silly ADD node_modules/fs.realpath
4068 silly ADD node_modules/fs-extra
4069 silly ADD node_modules/fraction.js
4070 silly ADD node_modules/formdata-polyfill
4071 silly ADD node_modules/foreground-child
4072 silly ADD node_modules/for-each
4073 silly ADD node_modules/find-up
4074 silly ADD node_modules/fill-range
4075 silly ADD node_modules/figures
4076 silly ADD node_modules/fetch-blob
4077 silly ADD node_modules/fdir
4078 silly ADD node_modules/fbjs-css-vars
4079 silly ADD node_modules/fbjs
4080 silly ADD node_modules/fb-watchman
4081 silly ADD node_modules/fastq
4082 silly ADD node_modules/fast-xml-parser
4083 silly ADD node_modules/fast-xml-builder
4084 silly ADD node_modules/fast-uri
4085 silly ADD node_modules/fast-glob
4086 silly ADD node_modules/fast-fifo
4087 silly ADD node_modules/fast-deep-equal
4088 silly ADD node_modules/execa
4089 silly ADD node_modules/execa/node_modules/is-stream
4090 silly ADD node_modules/events-universal
4091 silly ADD node_modules/events
4092 silly ADD node_modules/event-target-shim
4093 silly ADD node_modules/esutils
4094 silly ADD node_modules/esm
4095 silly ADD node_modules/escape-string-regexp
4096 silly ADD node_modules/escalade
4097 silly ADD node_modules/esbuild
4098 silly ADD node_modules/es-to-primitive
4099 silly ADD node_modules/es-shim-unscopables
4100 silly ADD node_modules/es-set-tostringtag
4101 silly ADD node_modules/es-object-atoms
4102 silly ADD node_modules/es-errors
4103 silly ADD node_modules/es-define-property
4104 silly ADD node_modules/es-abstract
4105 silly ADD node_modules/envinfo
4106 silly ADD node_modules/encode-utf8
4107 silly ADD node_modules/emoji-regex
4108 silly ADD node_modules/electron-to-chromium
4109 silly ADD node_modules/eastasianwidth
4110 silly ADD node_modules/dunder-proto
4111 silly ADD node_modules/dot-case
4112 silly ADD node_modules/dlv
4113 silly ADD node_modules/dir-glob
4114 silly ADD node_modules/dijkstrajs
4115 silly ADD node_modules/diff
4116 silly ADD node_modules/didyoumean
4117 silly ADD node_modules/detect-node-es
4118 silly ADD node_modules/detect-libc
4119 silly ADD node_modules/detect-indent
4120 silly ADD node_modules/dependency-graph
4121 silly ADD node_modules/denque
4122 silly ADD node_modules/define-properties
4123 silly ADD node_modules/define-lazy-prop
4124 silly ADD node_modules/define-data-property
4125 silly ADD node_modules/defaults
4126 silly ADD node_modules/default-browser-id
4127 silly ADD node_modules/default-browser
4128 silly ADD node_modules/decamelize
4129 silly ADD node_modules/debug
4130 silly ADD node_modules/debounce-promise
4131 silly ADD node_modules/data-view-byte-offset
4132 silly ADD node_modules/data-view-byte-length
4133 silly ADD node_modules/data-view-buffer
4134 silly ADD node_modules/data-uri-to-buffer
4135 silly ADD node_modules/csv-parse
4136 silly ADD node_modules/csstype
4137 silly ADD node_modules/cssesc
4138 silly ADD node_modules/crypt
4139 silly ADD node_modules/cross-spawn
4140 silly ADD node_modules/cross-inspect
4141 silly ADD node_modules/cross-fetch
4142 silly ADD node_modules/cross-fetch/node_modules/node-fetch
4143 silly ADD node_modules/crc32-stream
4144 silly ADD node_modules/crc-32
4145 silly ADD node_modules/core-util-is
4146 silly ADD node_modules/core-js
4147 silly ADD node_modules/convert-source-map
4148 silly ADD node_modules/constructs
4149 silly ADD node_modules/constant-case
4150 silly ADD node_modules/concat-map
4151 silly ADD node_modules/compress-commons
4152 silly ADD node_modules/common-tags
4153 silly ADD node_modules/commander
4154 silly ADD node_modules/colorette
4155 silly ADD node_modules/color-name
4156 silly ADD node_modules/color-convert
4157 silly ADD node_modules/clone
4158 silly ADD node_modules/cliui
4159 silly ADD node_modules/cliui/node_modules/wrap-ansi
4160 silly ADD node_modules/cliui/node_modules/strip-ansi
4161 silly ADD node_modules/cliui/node_modules/ansi-regex
4162 silly ADD node_modules/cli-width
4163 silly ADD node_modules/cli-spinners
4164 silly ADD node_modules/cli-cursor
4165 silly ADD node_modules/ci-info
4166 silly ADD node_modules/chokidar
4167 silly ADD node_modules/charenc
4168 silly ADD node_modules/chardet
4169 silly ADD node_modules/change-case-all
4170 silly ADD node_modules/change-case
4171 silly ADD node_modules/change-case/node_modules/camel-case
4172 silly ADD node_modules/chalk
4173 silly ADD node_modules/cdk-from-cfn
4174 silly ADD node_modules/capital-case
4175 silly ADD node_modules/caniuse-lite
4176 silly ADD node_modules/camelcase-css
4177 silly ADD node_modules/camelcase
4178 silly ADD node_modules/camel-case
4179 silly ADD node_modules/camel-case/node_modules/tslib
4180 silly ADD node_modules/call-bound
4181 silly ADD node_modules/call-bind-apply-helpers
4182 silly ADD node_modules/call-bind
4183 silly ADD node_modules/bundle-name
4184 silly ADD node_modules/buffer-from
4185 silly ADD node_modules/buffer-crc32
4186 silly ADD node_modules/buffer
4187 silly ADD node_modules/bser
4188 silly ADD node_modules/browserslist
4189 silly ADD node_modules/braces
4190 silly ADD node_modules/brace-expansion
4191 silly ADD node_modules/bowser
4192 silly ADD node_modules/binary-extensions
4193 silly ADD node_modules/baseline-browser-mapping
4194 silly ADD node_modules/base64-js
4195 silly ADD node_modules/bare-url
4196 silly ADD node_modules/bare-stream
4197 silly ADD node_modules/bare-path
4198 silly ADD node_modules/bare-os
4199 silly ADD node_modules/bare-fs
4200 silly ADD node_modules/bare-events
4201 silly ADD node_modules/balanced-match
4202 silly ADD node_modules/babel-types
4203 silly ADD node_modules/babel-types/node_modules/to-fast-properties
4204 silly ADD node_modules/babel-runtime
4205 silly ADD node_modules/babel-runtime/node_modules/core-js
4206 silly ADD node_modules/babel-preset-fbjs
4207 silly ADD node_modules/babel-plugin-syntax-trailing-function-commas
4208 silly ADD node_modules/babel-messages
4209 silly ADD node_modules/babel-generator
4210 silly ADD node_modules/babel-generator/node_modules/jsesc
4211 silly ADD node_modules/aws-cdk-lib
4212 silly ADD node_modules/aws-amplify
4213 silly ADD node_modules/aws-amplify/node_modules/@smithy/types
4214 silly ADD node_modules/aws-amplify/node_modules/@aws-amplify/auth
4215 silly ADD node_modules/available-typed-arrays
4216 silly ADD node_modules/autoprefixer
4217 silly ADD node_modules/auto-bind
4218 silly ADD node_modules/at-least-node
4219 silly ADD node_modules/async-function
4220 silly ADD node_modules/async
4221 silly ADD node_modules/astral-regex
4222 silly ADD node_modules/asap
4223 silly ADD node_modules/arraybuffer.prototype.slice
4224 silly ADD node_modules/array.prototype.flatmap
4225 silly ADD node_modules/array-union
4226 silly ADD node_modules/array-buffer-byte-length
4227 silly ADD node_modules/aria-hidden
4228 silly ADD node_modules/arg
4229 silly ADD node_modules/archiver-utils
4230 silly ADD node_modules/archiver-utils/node_modules/wrap-ansi
4231 silly ADD node_modules/archiver-utils/node_modules/string-width
4232 silly ADD node_modules/archiver-utils/node_modules/path-scurry
4233 silly ADD node_modules/archiver-utils/node_modules/minimatch
4234 silly ADD node_modules/archiver-utils/node_modules/lru-cache
4235 silly ADD node_modules/archiver-utils/node_modules/jackspeak
4236 silly ADD node_modules/archiver-utils/node_modules/glob
4237 silly ADD node_modules/archiver-utils/node_modules/emoji-regex
4238 silly ADD node_modules/archiver-utils/node_modules/ansi-styles
4239 silly ADD node_modules/archiver-utils/node_modules/@isaacs/cliui
4240 silly ADD node_modules/archiver
4241 silly ADD node_modules/anymatch
4242 silly ADD node_modules/anymatch/node_modules/picomatch
4243 silly ADD node_modules/any-promise
4244 silly ADD node_modules/ansi-styles
4245 silly ADD node_modules/ansi-regex
4246 silly ADD node_modules/ajv
4247 silly ADD node_modules/abort-controller
4248 silly ADD node_modules/@xstate/react
4249 silly ADD node_modules/@whatwg-node/promise-helpers
4250 silly ADD node_modules/@whatwg-node/node-fetch
4251 silly ADD node_modules/@whatwg-node/fetch
4252 silly ADD node_modules/@whatwg-node/disposablestack
4253 silly ADD node_modules/@vitejs/plugin-react
4254 silly ADD node_modules/@typescript/vfs
4255 silly ADD node_modules/@types/uuid
4256 silly ADD node_modules/@types/react-dom
4257 silly ADD node_modules/@types/react
4258 silly ADD node_modules/@types/prop-types
4259 silly ADD node_modules/@types/lodash
4260 silly ADD node_modules/@types/json-schema
4261 silly ADD node_modules/@types/estree
4262 silly ADD node_modules/@types/babel__traverse
4263 silly ADD node_modules/@types/babel__traverse/node_modules/@babel/types
4264 silly ADD node_modules/@types/babel__template
4265 silly ADD node_modules/@types/babel__template/node_modules/@babel/types
4266 silly ADD node_modules/@types/babel__generator
4267 silly ADD node_modules/@types/babel__generator/node_modules/@babel/types
4268 silly ADD node_modules/@types/babel__core
4269 silly ADD node_modules/@types/babel__core/node_modules/@babel/types
4270 silly ADD node_modules/@types/aws-lambda
4271 silly ADD node_modules/@smithy/uuid
4272 silly ADD node_modules/@smithy/util-waiter
4273 silly ADD node_modules/@smithy/util-utf8
4274 silly ADD node_modules/@smithy/util-utf8/node_modules/@smithy/util-buffer-from
4275 silly ADD node_modules/@smithy/util-utf8/node_modules/@smithy/is-array-buffer
4276 silly ADD node_modules/@smithy/util-uri-escape
4277 silly ADD node_modules/@smithy/util-stream
4278 silly ADD node_modules/@smithy/util-stream/node_modules/@smithy/util-utf8
4279 silly ADD node_modules/@smithy/util-stream/node_modules/@smithy/util-hex-encoding
4280 silly ADD node_modules/@smithy/util-stream/node_modules/@smithy/util-base64
4281 silly ADD node_modules/@smithy/util-retry
4282 silly ADD node_modules/@smithy/util-middleware
4283 silly ADD node_modules/@smithy/util-hex-encoding
4284 silly ADD node_modules/@smithy/util-endpoints
4285 silly ADD node_modules/@smithy/util-defaults-mode-node
4286 silly ADD node_modules/@smithy/util-defaults-mode-browser
4287 silly ADD node_modules/@smithy/util-config-provider
4288 silly ADD node_modules/@smithy/util-buffer-from
4289 silly ADD node_modules/@smithy/util-body-length-node
4290 silly ADD node_modules/@smithy/util-body-length-browser
4291 silly ADD node_modules/@smithy/util-base64
4292 silly ADD node_modules/@smithy/util-base64/node_modules/@smithy/util-utf8
4293 silly ADD node_modules/@smithy/util-base64/node_modules/@smithy/util-buffer-from
4294 silly ADD node_modules/@smithy/util-base64/node_modules/@smithy/is-array-buffer
4295 silly ADD node_modules/@smithy/url-parser
4296 silly ADD node_modules/@smithy/types
4297 silly ADD node_modules/@smithy/smithy-client
4298 silly ADD node_modules/@smithy/signature-v4
4299 silly ADD node_modules/@smithy/signature-v4/node_modules/@smithy/util-utf8
4300 silly ADD node_modules/@smithy/signature-v4/node_modules/@smithy/util-hex-encoding
4301 silly ADD node_modules/@smithy/shared-ini-file-loader
4302 silly ADD node_modules/@smithy/service-error-classification
4303 silly ADD node_modules/@smithy/querystring-parser
4304 silly ADD node_modules/@smithy/querystring-builder
4305 silly ADD node_modules/@smithy/protocol-http
4306 silly ADD node_modules/@smithy/property-provider
4307 silly ADD node_modules/@smithy/node-http-handler
4308 silly ADD node_modules/@smithy/node-config-provider
4309 silly ADD node_modules/@smithy/middleware-stack
4310 silly ADD node_modules/@smithy/middleware-serde
4311 silly ADD node_modules/@smithy/middleware-retry
4312 silly ADD node_modules/@smithy/middleware-endpoint
4313 silly ADD node_modules/@smithy/middleware-content-length
4314 silly ADD node_modules/@smithy/md5-js
4315 silly ADD node_modules/@smithy/md5-js/node_modules/@smithy/util-utf8
4316 silly ADD node_modules/@smithy/is-array-buffer
4317 silly ADD node_modules/@smithy/invalid-dependency
4318 silly ADD node_modules/@smithy/hash-stream-node
4319 silly ADD node_modules/@smithy/hash-stream-node/node_modules/@smithy/util-utf8
4320 silly ADD node_modules/@smithy/hash-node
4321 silly ADD node_modules/@smithy/hash-node/node_modules/@smithy/util-utf8
4322 silly ADD node_modules/@smithy/hash-blob-browser
4323 silly ADD node_modules/@smithy/fetch-http-handler
4324 silly ADD node_modules/@smithy/fetch-http-handler/node_modules/@smithy/util-utf8
4325 silly ADD node_modules/@smithy/fetch-http-handler/node_modules/@smithy/util-base64
4326 silly ADD node_modules/@smithy/eventstream-serde-universal
4327 silly ADD node_modules/@smithy/eventstream-serde-node
4328 silly ADD node_modules/@smithy/eventstream-serde-config-resolver
4329 silly ADD node_modules/@smithy/eventstream-serde-browser
4330 silly ADD node_modules/@smithy/eventstream-codec
4331 silly ADD node_modules/@smithy/eventstream-codec/node_modules/@smithy/util-hex-encoding
4332 silly ADD node_modules/@smithy/credential-provider-imds
4333 silly ADD node_modules/@smithy/core
4334 silly ADD node_modules/@smithy/core/node_modules/@smithy/util-utf8
4335 silly ADD node_modules/@smithy/core/node_modules/@smithy/util-base64
4336 silly ADD node_modules/@smithy/config-resolver
4337 silly ADD node_modules/@smithy/chunked-blob-reader-native
4338 silly ADD node_modules/@smithy/chunked-blob-reader-native/node_modules/@smithy/util-utf8
4339 silly ADD node_modules/@smithy/chunked-blob-reader-native/node_modules/@smithy/util-base64
4340 silly ADD node_modules/@smithy/chunked-blob-reader
4341 silly ADD node_modules/@sindresorhus/merge-streams
4342 silly ADD node_modules/@sec-ant/readable-stream
4343 silly ADD node_modules/@rollup/rollup-darwin-arm64
4344 silly ADD node_modules/@rolldown/pluginutils
4345 silly ADD node_modules/@remix-run/router
4346 silly ADD node_modules/@radix-ui/rect
4347 silly ADD node_modules/@radix-ui/react-use-size
4348 silly ADD node_modules/@radix-ui/react-use-rect
4349 silly ADD node_modules/@radix-ui/react-use-previous
4350 silly ADD node_modules/@radix-ui/react-use-layout-effect
4351 silly ADD node_modules/@radix-ui/react-use-escape-keydown
4352 silly ADD node_modules/@radix-ui/react-use-effect-event
4353 silly ADD node_modules/@radix-ui/react-use-controllable-state
4354 silly ADD node_modules/@radix-ui/react-use-callback-ref
4355 silly ADD node_modules/@radix-ui/react-slot
4356 silly ADD node_modules/@radix-ui/react-slider
4357 silly ADD node_modules/@radix-ui/react-roving-focus
4358 silly ADD node_modules/@radix-ui/react-primitive
4359 silly ADD node_modules/@radix-ui/react-presence
4360 silly ADD node_modules/@radix-ui/react-portal
4361 silly ADD node_modules/@radix-ui/react-popper
4362 silly ADD node_modules/@radix-ui/react-menu
4363 silly ADD node_modules/@radix-ui/react-id
4364 silly ADD node_modules/@radix-ui/react-focus-scope
4365 silly ADD node_modules/@radix-ui/react-focus-guards
4366 silly ADD node_modules/@radix-ui/react-dropdown-menu
4367 silly ADD node_modules/@radix-ui/react-dismissable-layer
4368 silly ADD node_modules/@radix-ui/react-direction
4369 silly ADD node_modules/@radix-ui/react-context
4370 silly ADD node_modules/@radix-ui/react-compose-refs
4371 silly ADD node_modules/@radix-ui/react-collection
4372 silly ADD node_modules/@radix-ui/react-arrow
4373 silly ADD node_modules/@radix-ui/primitive
4374 silly ADD node_modules/@radix-ui/number
4375 silly ADD node_modules/@pkgjs/parseargs
4376 silly ADD node_modules/@parcel/watcher-darwin-arm64
4377 silly ADD node_modules/@parcel/watcher
4378 silly ADD node_modules/@opentelemetry/semantic-conventions
4379 silly ADD node_modules/@opentelemetry/sdk-trace-base
4380 silly ADD node_modules/@opentelemetry/resources
4381 silly ADD node_modules/@opentelemetry/core
4382 silly ADD node_modules/@opentelemetry/context-async-hooks
4383 silly ADD node_modules/@opentelemetry/api
4384 silly ADD node_modules/@nodelib/fs.walk
4385 silly ADD node_modules/@nodelib/fs.stat
4386 silly ADD node_modules/@nodelib/fs.scandir
4387 silly ADD node_modules/@nodable/entities
4388 silly ADD node_modules/@jridgewell/trace-mapping
4389 silly ADD node_modules/@jridgewell/sourcemap-codec
4390 silly ADD node_modules/@jridgewell/resolve-uri
4391 silly ADD node_modules/@jridgewell/remapping
4392 silly ADD node_modules/@jridgewell/gen-mapping
4393 silly ADD node_modules/@isaacs/cliui
4394 silly ADD node_modules/@inquirer/type
4395 silly ADD node_modules/@inquirer/select
4396 silly ADD node_modules/@inquirer/search
4397 silly ADD node_modules/@inquirer/rawlist
4398 silly ADD node_modules/@inquirer/prompts
4399 silly ADD node_modules/@inquirer/password
4400 silly ADD node_modules/@inquirer/number
4401 silly ADD node_modules/@inquirer/input
4402 silly ADD node_modules/@inquirer/figures
4403 silly ADD node_modules/@inquirer/external-editor
4404 silly ADD node_modules/@inquirer/expand
4405 silly ADD node_modules/@inquirer/editor
4406 silly ADD node_modules/@inquirer/core
4407 silly ADD node_modules/@inquirer/core/node_modules/wrap-ansi
4408 silly ADD node_modules/@inquirer/core/node_modules/strip-ansi
4409 silly ADD node_modules/@inquirer/core/node_modules/ansi-regex
4410 silly ADD node_modules/@inquirer/confirm
4411 silly ADD node_modules/@inquirer/checkbox
4412 silly ADD node_modules/@inquirer/ansi
4413 silly ADD node_modules/@graphql-typed-document-node/core
4414 silly ADD node_modules/@graphql-tools/utils
4415 silly ADD node_modules/@graphql-tools/utils/node_modules/tslib
4416 silly ADD node_modules/@graphql-tools/schema
4417 silly ADD node_modules/@graphql-tools/schema/node_modules/@graphql-tools/utils
4418 silly ADD node_modules/@graphql-tools/relay-operation-optimizer
4419 silly ADD node_modules/@graphql-tools/relay-operation-optimizer/node_modules/@graphql-tools/utils
4420 silly ADD node_modules/@graphql-tools/optimize
4421 silly ADD node_modules/@graphql-tools/merge
4422 silly ADD node_modules/@graphql-tools/merge/node_modules/@graphql-tools/utils
4423 silly ADD node_modules/@graphql-tools/apollo-engine-loader
4424 silly ADD node_modules/@graphql-tools/apollo-engine-loader/node_modules/@graphql-tools/utils
4425 silly ADD node_modules/@graphql-codegen/visitor-plugin-common
4426 silly ADD node_modules/@graphql-codegen/visitor-plugin-common/node_modules/tslib
4427 silly ADD node_modules/@graphql-codegen/visitor-plugin-common/node_modules/lodash
4428 silly ADD node_modules/@graphql-codegen/visitor-plugin-common/node_modules/common-tags
4429 silly ADD node_modules/@graphql-codegen/visitor-plugin-common/node_modules/change-case-all
4430 silly ADD node_modules/@graphql-codegen/visitor-plugin-common/node_modules/camel-case
4431 silly ADD node_modules/@graphql-codegen/visitor-plugin-common/node_modules/@graphql-tools/utils
4432 silly ADD node_modules/@graphql-codegen/visitor-plugin-common/node_modules/@graphql-tools/utils/node_modules/tslib
4433 silly ADD node_modules/@graphql-codegen/visitor-plugin-common/node_modules/@graphql-codegen/plugin-helpers
4434 silly ADD node_modules/@graphql-codegen/typescript
4435 silly ADD node_modules/@graphql-codegen/typescript/node_modules/tslib
4436 silly ADD node_modules/@graphql-codegen/typescript/node_modules/lodash
4437 silly ADD node_modules/@graphql-codegen/typescript/node_modules/immutable
4438 silly ADD node_modules/@graphql-codegen/typescript/node_modules/@graphql-tools/utils
4439 silly ADD node_modules/@graphql-codegen/typescript/node_modules/@graphql-tools/relay-operation-optimizer
4440 silly ADD node_modules/@graphql-codegen/typescript/node_modules/@graphql-tools/relay-operation-optimizer/node_modules/@graphql-tools/utils
4441 silly ADD node_modules/@graphql-codegen/typescript/node_modules/@graphql-tools/optimize
4442 silly ADD node_modules/@graphql-codegen/typescript/node_modules/@graphql-codegen/visitor-plugin-common
4443 silly ADD node_modules/@graphql-codegen/typescript/node_modules/@graphql-codegen/plugin-helpers
4444 silly ADD node_modules/@graphql-codegen/typescript/node_modules/@ardatan/relay-compiler
4445 silly ADD node_modules/@graphql-codegen/schema-ast
4446 silly ADD node_modules/@graphql-codegen/schema-ast/node_modules/tslib
4447 silly ADD node_modules/@graphql-codegen/schema-ast/node_modules/lodash
4448 silly ADD node_modules/@graphql-codegen/schema-ast/node_modules/@graphql-tools/utils
4449 silly ADD node_modules/@graphql-codegen/schema-ast/node_modules/@graphql-codegen/plugin-helpers
4450 silly ADD node_modules/@graphql-codegen/plugin-helpers
4451 silly ADD node_modules/@graphql-codegen/plugin-helpers/node_modules/tslib
4452 silly ADD node_modules/@graphql-codegen/plugin-helpers/node_modules/lodash
4453 silly ADD node_modules/@graphql-codegen/plugin-helpers/node_modules/@graphql-tools/utils
4454 silly ADD node_modules/@graphql-codegen/core
4455 silly ADD node_modules/@graphql-codegen/core/node_modules/tslib
4456 silly ADD node_modules/@graphql-codegen/core/node_modules/@graphql-tools/utils
4457 silly ADD node_modules/@floating-ui/utils
4458 silly ADD node_modules/@floating-ui/react-dom
4459 silly ADD node_modules/@floating-ui/dom
4460 silly ADD node_modules/@floating-ui/core
4461 silly ADD node_modules/@fastify/busboy
4462 silly ADD node_modules/@esbuild/darwin-arm64
4463 silly ADD node_modules/@cdklabs/tskb
4464 silly ADD node_modules/@babel/types
4465 silly ADD node_modules/@babel/traverse
4466 silly ADD node_modules/@babel/traverse/node_modules/jsesc
4467 silly ADD node_modules/@babel/traverse/node_modules/@babel/types
4468 silly ADD node_modules/@babel/traverse/node_modules/@babel/generator
4469 silly ADD node_modules/@babel/template
4470 silly ADD node_modules/@babel/template/node_modules/@babel/types
4471 silly ADD node_modules/@babel/runtime
4472 silly ADD node_modules/@babel/plugin-transform-template-literals
4473 silly ADD node_modules/@babel/plugin-transform-spread
4474 silly ADD node_modules/@babel/plugin-transform-shorthand-properties
4475 silly ADD node_modules/@babel/plugin-transform-react-jsx-source
4476 silly ADD node_modules/@babel/plugin-transform-react-jsx-self
4477 silly ADD node_modules/@babel/plugin-transform-react-jsx
4478 silly ADD node_modules/@babel/plugin-transform-react-jsx/node_modules/@babel/types
4479 silly ADD node_modules/@babel/plugin-transform-react-display-name
4480 silly ADD node_modules/@babel/plugin-transform-property-literals
4481 silly ADD node_modules/@babel/plugin-transform-parameters
4482 silly ADD node_modules/@babel/plugin-transform-object-super
4483 silly ADD node_modules/@babel/plugin-transform-modules-commonjs
4484 silly ADD node_modules/@babel/plugin-transform-member-expression-literals
4485 silly ADD node_modules/@babel/plugin-transform-literals
4486 silly ADD node_modules/@babel/plugin-transform-function-name
4487 silly ADD node_modules/@babel/plugin-transform-for-of
4488 silly ADD node_modules/@babel/plugin-transform-flow-strip-types
4489 silly ADD node_modules/@babel/plugin-transform-destructuring
4490 silly ADD node_modules/@babel/plugin-transform-computed-properties
4491 silly ADD node_modules/@babel/plugin-transform-classes
4492 silly ADD node_modules/@babel/plugin-transform-block-scoping
4493 silly ADD node_modules/@babel/plugin-transform-block-scoped-functions
4494 silly ADD node_modules/@babel/plugin-transform-arrow-functions
4495 silly ADD node_modules/@babel/plugin-syntax-object-rest-spread
4496 silly ADD node_modules/@babel/plugin-syntax-jsx
4497 silly ADD node_modules/@babel/plugin-syntax-flow
4498 silly ADD node_modules/@babel/plugin-syntax-class-properties
4499 silly ADD node_modules/@babel/plugin-proposal-object-rest-spread
4500 silly ADD node_modules/@babel/plugin-proposal-class-properties
4501 silly ADD node_modules/@babel/parser
4502 silly ADD node_modules/@babel/parser/node_modules/@babel/types
4503 silly ADD node_modules/@babel/helpers
4504 silly ADD node_modules/@babel/helpers/node_modules/@babel/types
4505 silly ADD node_modules/@babel/helper-validator-option
4506 silly ADD node_modules/@babel/helper-validator-identifier
4507 silly ADD node_modules/@babel/helper-string-parser
4508 silly ADD node_modules/@babel/helper-skip-transparent-expression-wrappers
4509 silly ADD node_modules/@babel/helper-skip-transparent-expression-wrappers/node_modules/@babel/types
4510 silly ADD node_modules/@babel/helper-replace-supers
4511 silly ADD node_modules/@babel/helper-plugin-utils
4512 silly ADD node_modules/@babel/helper-optimise-call-expression
4513 silly ADD node_modules/@babel/helper-optimise-call-expression/node_modules/@babel/types
4514 silly ADD node_modules/@babel/helper-module-transforms
4515 silly ADD node_modules/@babel/helper-module-imports
4516 silly ADD node_modules/@babel/helper-module-imports/node_modules/@babel/types
4517 silly ADD node_modules/@babel/helper-member-expression-to-functions
4518 silly ADD node_modules/@babel/helper-member-expression-to-functions/node_modules/@babel/types
4519 silly ADD node_modules/@babel/helper-globals
4520 silly ADD node_modules/@babel/helper-create-class-features-plugin
4521 silly ADD node_modules/@babel/helper-create-class-features-plugin/node_modules/semver
4522 silly ADD node_modules/@babel/helper-compilation-targets
4523 silly ADD node_modules/@babel/helper-compilation-targets/node_modules/semver
4524 silly ADD node_modules/@babel/helper-annotate-as-pure
4525 silly ADD node_modules/@babel/helper-annotate-as-pure/node_modules/@babel/types
4526 silly ADD node_modules/@babel/generator
4527 silly ADD node_modules/@babel/core
4528 silly ADD node_modules/@babel/core/node_modules/semver
4529 silly ADD node_modules/@babel/core/node_modules/jsesc
4530 silly ADD node_modules/@babel/core/node_modules/@babel/types
4531 silly ADD node_modules/@babel/core/node_modules/@babel/generator
4532 silly ADD node_modules/@babel/compat-data
4533 silly ADD node_modules/@babel/code-frame
4534 silly ADD node_modules/@aws/lambda-invoke-store
4535 silly ADD node_modules/@aws-sdk/xml-builder
4536 silly ADD node_modules/@aws-sdk/util-user-agent-node
4537 silly ADD node_modules/@aws-sdk/util-user-agent-browser
4538 silly ADD node_modules/@aws-sdk/util-locate-window
4539 silly ADD node_modules/@aws-sdk/util-format-url
4540 silly ADD node_modules/@aws-sdk/util-endpoints
4541 silly ADD node_modules/@aws-sdk/util-arn-parser
4542 silly ADD node_modules/@aws-sdk/types
4543 silly ADD node_modules/@aws-sdk/token-providers
4544 silly ADD node_modules/@aws-sdk/signature-v4-multi-region
4545 silly ADD node_modules/@aws-sdk/region-config-resolver
4546 silly ADD node_modules/@aws-sdk/nested-clients
4547 silly ADD node_modules/@aws-sdk/nested-clients/node_modules/@smithy/util-utf8
4548 silly ADD node_modules/@aws-sdk/nested-clients/node_modules/@smithy/util-base64
4549 silly ADD node_modules/@aws-sdk/middleware-user-agent
4550 silly ADD node_modules/@aws-sdk/middleware-ssec
4551 silly ADD node_modules/@aws-sdk/middleware-sdk-s3
4552 silly ADD node_modules/@aws-sdk/middleware-sdk-s3/node_modules/@smithy/util-utf8
4553 silly ADD node_modules/@aws-sdk/middleware-sdk-route53
4554 silly ADD node_modules/@aws-sdk/middleware-sdk-rds
4555 silly ADD node_modules/@aws-sdk/middleware-sdk-ec2
4556 silly ADD node_modules/@aws-sdk/middleware-recursion-detection
4557 silly ADD node_modules/@aws-sdk/middleware-logger
4558 silly ADD node_modules/@aws-sdk/middleware-location-constraint
4559 silly ADD node_modules/@aws-sdk/middleware-host-header
4560 silly ADD node_modules/@aws-sdk/middleware-flexible-checksums
4561 silly ADD node_modules/@aws-sdk/middleware-flexible-checksums/node_modules/@smithy/util-utf8
4562 silly ADD node_modules/@aws-sdk/middleware-expect-continue
4563 silly ADD node_modules/@aws-sdk/middleware-bucket-endpoint
4564 silly ADD node_modules/@aws-sdk/lib-storage
4565 silly ADD node_modules/@aws-sdk/ec2-metadata-service
4566 silly ADD node_modules/@aws-sdk/credential-providers
4567 silly ADD node_modules/@aws-sdk/credential-provider-web-identity
4568 silly ADD node_modules/@aws-sdk/credential-provider-sso
4569 silly ADD node_modules/@aws-sdk/credential-provider-process
4570 silly ADD node_modules/@aws-sdk/credential-provider-node
4571 silly ADD node_modules/@aws-sdk/credential-provider-login
4572 silly ADD node_modules/@aws-sdk/credential-provider-ini
4573 silly ADD node_modules/@aws-sdk/credential-provider-http
4574 silly ADD node_modules/@aws-sdk/credential-provider-env
4575 silly ADD node_modules/@aws-sdk/credential-provider-cognito-identity
4576 silly ADD node_modules/@aws-sdk/crc64-nvme
4577 silly ADD node_modules/@aws-sdk/core
4578 silly ADD node_modules/@aws-sdk/core/node_modules/@smithy/util-utf8
4579 silly ADD node_modules/@aws-sdk/core/node_modules/@smithy/util-base64
4580 silly ADD node_modules/@aws-sdk/client-sts
4581 silly ADD node_modules/@aws-sdk/client-sts/node_modules/@smithy/util-utf8
4582 silly ADD node_modules/@aws-sdk/client-sts/node_modules/@smithy/util-base64
4583 silly ADD node_modules/@aws-sdk/client-ssm
4584 silly ADD node_modules/@aws-sdk/client-ssm/node_modules/@smithy/util-utf8
4585 silly ADD node_modules/@aws-sdk/client-ssm/node_modules/@smithy/util-base64
4586 silly ADD node_modules/@aws-sdk/client-sfn
4587 silly ADD node_modules/@aws-sdk/client-sfn/node_modules/@smithy/util-utf8
4588 silly ADD node_modules/@aws-sdk/client-sfn/node_modules/@smithy/util-base64
4589 silly ADD node_modules/@aws-sdk/client-secrets-manager
4590 silly ADD node_modules/@aws-sdk/client-secrets-manager/node_modules/@smithy/util-utf8
4591 silly ADD node_modules/@aws-sdk/client-secrets-manager/node_modules/@smithy/util-base64
4592 silly ADD node_modules/@aws-sdk/client-s3
4593 silly ADD node_modules/@aws-sdk/client-s3/node_modules/@smithy/util-utf8
4594 silly ADD node_modules/@aws-sdk/client-s3/node_modules/@smithy/util-base64
4595 silly ADD node_modules/@aws-sdk/client-route-53
4596 silly ADD node_modules/@aws-sdk/client-route-53/node_modules/@smithy/util-utf8
4597 silly ADD node_modules/@aws-sdk/client-route-53/node_modules/@smithy/util-base64
4598 silly ADD node_modules/@aws-sdk/client-rds
4599 silly ADD node_modules/@aws-sdk/client-rds/node_modules/@smithy/util-utf8
4600 silly ADD node_modules/@aws-sdk/client-rds/node_modules/@smithy/util-base64
4601 silly ADD node_modules/@aws-sdk/client-personalize-events
4602 silly ADD node_modules/@aws-sdk/client-personalize-events/node_modules/@smithy/util-utf8
4603 silly ADD node_modules/@aws-sdk/client-personalize-events/node_modules/@smithy/util-base64
4604 silly ADD node_modules/@aws-sdk/client-lambda
4605 silly ADD node_modules/@aws-sdk/client-lambda/node_modules/@smithy/util-utf8
4606 silly ADD node_modules/@aws-sdk/client-lambda/node_modules/@smithy/util-base64
4607 silly ADD node_modules/@aws-sdk/client-kms
4608 silly ADD node_modules/@aws-sdk/client-kms/node_modules/@smithy/util-utf8
4609 silly ADD node_modules/@aws-sdk/client-kms/node_modules/@smithy/util-base64
4610 silly ADD node_modules/@aws-sdk/client-kinesis
4611 silly ADD node_modules/@aws-sdk/client-kinesis/node_modules/@smithy/util-utf8
4612 silly ADD node_modules/@aws-sdk/client-kinesis/node_modules/@smithy/util-base64
4613 silly ADD node_modules/@aws-sdk/client-iam
4614 silly ADD node_modules/@aws-sdk/client-iam/node_modules/@smithy/util-utf8
4615 silly ADD node_modules/@aws-sdk/client-iam/node_modules/@smithy/util-base64
4616 silly ADD node_modules/@aws-sdk/client-firehose
4617 silly ADD node_modules/@aws-sdk/client-firehose/node_modules/@smithy/util-utf8
4618 silly ADD node_modules/@aws-sdk/client-firehose/node_modules/@smithy/util-base64
4619 silly ADD node_modules/@aws-sdk/client-elastic-load-balancing-v2
4620 silly ADD node_modules/@aws-sdk/client-elastic-load-balancing-v2/node_modules/@smithy/util-utf8
4621 silly ADD node_modules/@aws-sdk/client-elastic-load-balancing-v2/node_modules/@smithy/util-base64
4622 silly ADD node_modules/@aws-sdk/client-ecs
4623 silly ADD node_modules/@aws-sdk/client-ecs/node_modules/@smithy/util-utf8
4624 silly ADD node_modules/@aws-sdk/client-ecs/node_modules/@smithy/util-base64
4625 silly ADD node_modules/@aws-sdk/client-ecr
4626 silly ADD node_modules/@aws-sdk/client-ecr/node_modules/@smithy/util-utf8
4627 silly ADD node_modules/@aws-sdk/client-ecr/node_modules/@smithy/util-base64
4628 silly ADD node_modules/@aws-sdk/client-ec2
4629 silly ADD node_modules/@aws-sdk/client-ec2/node_modules/@smithy/util-utf8
4630 silly ADD node_modules/@aws-sdk/client-ec2/node_modules/@smithy/util-base64
4631 silly ADD node_modules/@aws-sdk/client-cognito-identity
4632 silly ADD node_modules/@aws-sdk/client-cognito-identity/node_modules/@smithy/util-utf8
4633 silly ADD node_modules/@aws-sdk/client-cognito-identity/node_modules/@smithy/util-base64
4634 silly ADD node_modules/@aws-sdk/client-codebuild
4635 silly ADD node_modules/@aws-sdk/client-codebuild/node_modules/@smithy/util-utf8
4636 silly ADD node_modules/@aws-sdk/client-codebuild/node_modules/@smithy/util-base64
4637 silly ADD node_modules/@aws-sdk/client-cloudwatch-logs
4638 silly ADD node_modules/@aws-sdk/client-cloudwatch-logs/node_modules/@smithy/util-utf8
4639 silly ADD node_modules/@aws-sdk/client-cloudwatch-logs/node_modules/@smithy/util-base64
4640 silly ADD node_modules/@aws-sdk/client-cloudformation
4641 silly ADD node_modules/@aws-sdk/client-cloudformation/node_modules/@smithy/util-utf8
4642 silly ADD node_modules/@aws-sdk/client-cloudformation/node_modules/@smithy/util-base64
4643 silly ADD node_modules/@aws-sdk/client-cloudcontrol
4644 silly ADD node_modules/@aws-sdk/client-cloudcontrol/node_modules/@smithy/util-utf8
4645 silly ADD node_modules/@aws-sdk/client-cloudcontrol/node_modules/@smithy/util-base64
4646 silly ADD node_modules/@aws-sdk/client-bedrock-agentcore-control
4647 silly ADD node_modules/@aws-sdk/client-bedrock-agentcore-control/node_modules/@smithy/util-utf8
4648 silly ADD node_modules/@aws-sdk/client-bedrock-agentcore-control/node_modules/@smithy/util-base64
4649 silly ADD node_modules/@aws-sdk/client-appsync
4650 silly ADD node_modules/@aws-sdk/client-appsync/node_modules/@smithy/util-utf8
4651 silly ADD node_modules/@aws-sdk/client-appsync/node_modules/@smithy/util-base64
4652 silly ADD node_modules/@aws-sdk/client-amplifyuibuilder
4653 silly ADD node_modules/@aws-sdk/client-amplifyuibuilder/node_modules/@smithy/util-utf8
4654 silly ADD node_modules/@aws-sdk/client-amplifyuibuilder/node_modules/@smithy/util-base64
4655 silly ADD node_modules/@aws-sdk/client-amplify
4656 silly ADD node_modules/@aws-sdk/client-amplify/node_modules/@smithy/util-utf8
4657 silly ADD node_modules/@aws-sdk/client-amplify/node_modules/@smithy/util-base64
4658 silly ADD node_modules/@aws-crypto/util
4659 silly ADD node_modules/@aws-crypto/supports-web-crypto
4660 silly ADD node_modules/@aws-crypto/sha256-js
4661 silly ADD node_modules/@aws-crypto/sha256-browser
4662 silly ADD node_modules/@aws-crypto/sha1-browser
4663 silly ADD node_modules/@aws-crypto/crc32c
4664 silly ADD node_modules/@aws-crypto/crc32
4665 silly ADD node_modules/@aws-cdk/toolkit-lib
4666 silly ADD node_modules/@aws-cdk/toolkit-lib/node_modules/wrap-ansi
4667 silly ADD node_modules/@aws-cdk/toolkit-lib/node_modules/universalify
4668 silly ADD node_modules/@aws-cdk/toolkit-lib/node_modules/strip-ansi
4669 silly ADD node_modules/@aws-cdk/toolkit-lib/node_modules/jsonfile
4670 silly ADD node_modules/@aws-cdk/toolkit-lib/node_modules/fs-extra
4671 silly ADD node_modules/@aws-cdk/toolkit-lib/node_modules/chalk
4672 silly ADD node_modules/@aws-cdk/toolkit-lib/node_modules/ansi-regex
4673 silly ADD node_modules/@aws-cdk/service-spec-types
4674 silly ADD node_modules/@aws-cdk/cx-api
4675 silly ADD node_modules/@aws-cdk/cloudformation-diff
4676 silly ADD node_modules/@aws-cdk/cloudformation-diff/node_modules/chalk
4677 silly ADD node_modules/@aws-cdk/cloud-assembly-schema
4678 silly ADD node_modules/@aws-cdk/cloud-assembly-api
4679 silly ADD node_modules/@aws-cdk/cli-plugin-contract
4680 silly ADD node_modules/@aws-cdk/cdk-assets-lib
4681 silly ADD node_modules/@aws-cdk/cdk-assets-lib/node_modules/@aws-cdk/cloud-assembly-api
4682 silly ADD node_modules/@aws-cdk/aws-service-spec
4683 silly ADD node_modules/@aws-cdk/aws-service-spec/node_modules/@aws-cdk/service-spec-types
4684 silly ADD node_modules/@aws-cdk/asset-node-proxy-agent-v6
4685 silly ADD node_modules/@aws-cdk/asset-awscli-v1
4686 silly ADD node_modules/@aws-amplify/ui-react-core
4687 silly ADD node_modules/@aws-amplify/ui-react
4688 silly ADD node_modules/@aws-amplify/ui
4689 silly ADD node_modules/@aws-amplify/storage
4690 silly ADD node_modules/@aws-amplify/storage/node_modules/isarray
4691 silly ADD node_modules/@aws-amplify/storage/node_modules/buffer
4692 silly ADD node_modules/@aws-amplify/storage/node_modules/@smithy/types
4693 silly ADD node_modules/@aws-amplify/storage/node_modules/@smithy/md5-js
4694 silly ADD node_modules/@aws-amplify/schema-generator
4695 silly ADD node_modules/@aws-amplify/sandbox
4696 silly ADD node_modules/@aws-amplify/plugin-types
4697 silly ADD node_modules/@aws-amplify/platform-core
4698 silly ADD node_modules/@aws-amplify/notifications
4699 silly ADD node_modules/@aws-amplify/model-generator
4700 silly ADD node_modules/@aws-amplify/graphql-types-generator
4701 silly ADD node_modules/@aws-amplify/graphql-types-generator/node_modules/yargs-parser
4702 silly ADD node_modules/@aws-amplify/graphql-types-generator/node_modules/yargs
4703 silly ADD node_modules/@aws-amplify/graphql-types-generator/node_modules/y18n
4704 silly ADD node_modules/@aws-amplify/graphql-types-generator/node_modules/wrap-ansi
4705 silly ADD node_modules/@aws-amplify/graphql-types-generator/node_modules/strip-ansi
4706 silly ADD node_modules/@aws-amplify/graphql-types-generator/node_modules/prettier
4707 silly ADD node_modules/@aws-amplify/graphql-types-generator/node_modules/cliui
4708 silly ADD node_modules/@aws-amplify/graphql-types-generator/node_modules/ansi-regex
4709 silly ADD node_modules/@aws-amplify/graphql-transformer-interfaces
4710 silly ADD node_modules/@aws-amplify/graphql-transformer-core
4711 silly ADD node_modules/@aws-amplify/graphql-transformer-core/node_modules/ts-dedent
4712 silly ADD node_modules/@aws-amplify/graphql-transformer-core/node_modules/graphql-transformer-common
4713 silly ADD node_modules/@aws-amplify/graphql-schema-generator
4714 silly ADD node_modules/@aws-amplify/graphql-schema-generator/node_modules/universalify
4715 silly ADD node_modules/@aws-amplify/graphql-schema-generator/node_modules/supports-color
4716 silly ADD node_modules/@aws-amplify/graphql-schema-generator/node_modules/strip-ansi
4717 silly ADD node_modules/@aws-amplify/graphql-schema-generator/node_modules/signal-exit
4718 silly ADD node_modules/@aws-amplify/graphql-schema-generator/node_modules/restore-cursor
4719 silly ADD node_modules/@aws-amplify/graphql-schema-generator/node_modules/ora
4720 silly ADD node_modules/@aws-amplify/graphql-schema-generator/node_modules/onetime
4721 silly ADD node_modules/@aws-amplify/graphql-schema-generator/node_modules/mute-stream
4722 silly ADD node_modules/@aws-amplify/graphql-schema-generator/node_modules/log-symbols
4723 silly ADD node_modules/@aws-amplify/graphql-schema-generator/node_modules/log-symbols/node_modules/chalk
4724 silly ADD node_modules/@aws-amplify/graphql-schema-generator/node_modules/jsonfile
4725 silly ADD node_modules/@aws-amplify/graphql-schema-generator/node_modules/is-interactive
4726 silly ADD node_modules/@aws-amplify/graphql-schema-generator/node_modules/has-flag
4727 silly ADD node_modules/@aws-amplify/graphql-schema-generator/node_modules/graphql-transformer-common
4728 silly ADD node_modules/@aws-amplify/graphql-schema-generator/node_modules/fs-extra
4729 silly ADD node_modules/@aws-amplify/graphql-schema-generator/node_modules/color-name
4730 silly ADD node_modules/@aws-amplify/graphql-schema-generator/node_modules/color-convert
4731 silly ADD node_modules/@aws-amplify/graphql-schema-generator/node_modules/cli-cursor
4732 silly ADD node_modules/@aws-amplify/graphql-schema-generator/node_modules/ansi-styles
4733 silly ADD node_modules/@aws-amplify/graphql-schema-generator/node_modules/ansi-regex
4734 silly ADD node_modules/@aws-amplify/graphql-generator
4735 silly ADD node_modules/@aws-amplify/graphql-generator/node_modules/prettier
4736 silly ADD node_modules/@aws-amplify/graphql-generator/node_modules/@graphql-tools/utils
4737 silly ADD node_modules/@aws-amplify/graphql-generator/node_modules/@aws-amplify/graphql-directives
4738 silly ADD node_modules/@aws-amplify/graphql-docs-generator
4739 silly ADD node_modules/@aws-amplify/graphql-docs-generator/node_modules/yargs-parser
4740 silly ADD node_modules/@aws-amplify/graphql-docs-generator/node_modules/yargs
4741 silly ADD node_modules/@aws-amplify/graphql-docs-generator/node_modules/y18n
4742 silly ADD node_modules/@aws-amplify/graphql-docs-generator/node_modules/wrap-ansi
4743 silly ADD node_modules/@aws-amplify/graphql-docs-generator/node_modules/strip-ansi
4744 silly ADD node_modules/@aws-amplify/graphql-docs-generator/node_modules/cliui
4745 silly ADD node_modules/@aws-amplify/graphql-docs-generator/node_modules/ansi-regex
4746 silly ADD node_modules/@aws-amplify/graphql-directives
4747 silly ADD node_modules/@aws-amplify/graphql-api-construct
4748 silly ADD node_modules/@aws-amplify/form-generator
4749 silly ADD node_modules/@aws-amplify/deployed-backend-client
4750 silly ADD node_modules/@aws-amplify/datastore
4751 silly ADD node_modules/@aws-amplify/datastore/node_modules/isarray
4752 silly ADD node_modules/@aws-amplify/datastore/node_modules/buffer
4753 silly ADD node_modules/@aws-amplify/data-schema-types
4754 silly ADD node_modules/@aws-amplify/data-schema-types/node_modules/graphql
4755 silly ADD node_modules/@aws-amplify/data-schema
4756 silly ADD node_modules/@aws-amplify/data-construct
4757 silly ADD node_modules/@aws-amplify/core
4758 silly ADD node_modules/@aws-amplify/codegen-ui-react
4759 silly ADD node_modules/@aws-amplify/codegen-ui-react/node_modules/typescript
4760 silly ADD node_modules/@aws-amplify/codegen-ui-react/node_modules/prettier
4761 silly ADD node_modules/@aws-amplify/codegen-ui
4762 silly ADD node_modules/@aws-amplify/client-config
4763 silly ADD node_modules/@aws-amplify/cli-core
4764 silly ADD node_modules/@aws-amplify/backend-storage
4765 silly ADD node_modules/@aws-amplify/backend-secret
4766 silly ADD node_modules/@aws-amplify/backend-output-storage
4767 silly ADD node_modules/@aws-amplify/backend-output-schemas
4768 silly ADD node_modules/@aws-amplify/backend-function
4769 silly ADD node_modules/@aws-amplify/backend-deployer
4770 silly ADD node_modules/@aws-amplify/backend-data
4771 silly ADD node_modules/@aws-amplify/backend-cli
4772 silly ADD node_modules/@aws-amplify/backend-auth
4773 silly ADD node_modules/@aws-amplify/backend
4774 silly ADD node_modules/@aws-amplify/auth-construct
4775 silly ADD node_modules/@aws-amplify/appsync-modelgen-plugin
4776 silly ADD node_modules/@aws-amplify/api-rest
4777 silly ADD node_modules/@aws-amplify/api-graphql
4778 silly ADD node_modules/@aws-amplify/api-graphql/node_modules/graphql
4779 silly ADD node_modules/@aws-amplify/api
4780 silly ADD node_modules/@aws-amplify/analytics
4781 silly ADD node_modules/@aws-amplify/analytics/node_modules/@smithy/util-utf8
4782 silly ADD node_modules/@aws-amplify/analytics/node_modules/@smithy/util-buffer-from
4783 silly ADD node_modules/@aws-amplify/analytics/node_modules/@smithy/is-array-buffer
4784 silly ADD node_modules/@ardatan/relay-compiler
4785 silly ADD node_modules/@ardatan/relay-compiler/node_modules/yargs-parser
4786 silly ADD node_modules/@ardatan/relay-compiler/node_modules/yargs
4787 silly ADD node_modules/@ardatan/relay-compiler/node_modules/y18n
4788 silly ADD node_modules/@ardatan/relay-compiler/node_modules/wrap-ansi
4789 silly ADD node_modules/@ardatan/relay-compiler/node_modules/strip-ansi
4790 silly ADD node_modules/@ardatan/relay-compiler/node_modules/minimatch
4791 silly ADD node_modules/@ardatan/relay-compiler/node_modules/jsesc
4792 silly ADD node_modules/@ardatan/relay-compiler/node_modules/glob
4793 silly ADD node_modules/@ardatan/relay-compiler/node_modules/cliui
4794 silly ADD node_modules/@ardatan/relay-compiler/node_modules/chalk
4795 silly ADD node_modules/@ardatan/relay-compiler/node_modules/brace-expansion
4796 silly ADD node_modules/@ardatan/relay-compiler/node_modules/ansi-regex
4797 silly ADD node_modules/@ardatan/relay-compiler/node_modules/@babel/types
4798 silly ADD node_modules/@ardatan/relay-compiler/node_modules/@babel/generator
4799 silly ADD node_modules/@ardatan/aggregate-error
4800 silly ADD node_modules/@ardatan/aggregate-error/node_modules/tslib
4801 silly ADD node_modules/@alloc/quick-lru
4802 verbose cwd /Users/bscheere/scheerer-cottage-scheduler
4803 verbose os Darwin 25.4.0
4804 verbose node v24.14.1
4805 verbose npm  v11.11.0
4806 notice
4806 notice New minor version of npm available! 11.11.0 -> 11.13.0
4806 notice Changelog: https://github.com/npm/cli/releases/tag/v11.13.0
4806 notice To update run: npm install -g npm@11.13.0
4806 notice  { force: true, Symbol(proc-log.meta): true }
4807 verbose exit 0
4808 info ok
